transaction_date,area,property_type,bedrooms,size_sqft,off_plan,price_aed,annual_rent_aed
2019-01-01,Dubai Marina,Apartment,1,986.0,True,1367000.0,76600.0
2019-01-01,Business Bay,Apartment,2,1192.0,False,1541000.0,109700.0
2019-01-01,Palm Jumeirah,Apartment,0,367.0,True,789000.0,34900.0
2019-01-01,Palm Jumeirah,Villa,5,4038.0,False,10022000.0,464300.0
2019-01-01,Dubai Marina,Apartment,2,1245.0,False,1841000.0,126700.0
2019-01-02,Downtown Dubai,Apartment,1,992.0,False,2042000.0,109400.0
2019-01-02,Arabian Ranches,Villa,5,3806.0,False,4612000.0,289700.0
2019-01-02,Dubai Hills Estate,Apartment,1,887.0,False,1298000.0,66900.0
2019-01-02,Arabian Ranches,Apartment,3,1246.0,False,1313000.0,79500.0
2019-01-02,Dubai South,Apartment,1,848.0,True,509000.0,42100.0
2019-01-02,Palm Jumeirah,Apartment,1,654.0,False,1512000.0,84500.0
2019-01-02,Arabian Ranches,Villa,3,3194.0,False,2963000.0,156500.0
2019-01-03,Dubai Hills Estate,Apartment,1,771.0,True,1024000.0,59800.0
2019-01-03,Downtown Dubai,Apartment,1,771.0,False,1351000.0,71700.0
2019-01-03,Downtown Dubai,Apartment,0,573.0,False,1181000.0,71100.0
2019-01-03,Jumeirah Village Circle,Apartment,0,472.0,False,297000.0,23400.0
2019-01-03,Jumeirah Village Circle,Apartment,3,1456.0,True,1302000.0,97600.0
2019-01-03,Jumeirah Village Circle,Apartment,0,493.0,False,391000.0,31500.0
2019-01-03,Arabian Ranches,Apartment,0,532.0,False,631000.0,32600.0
2019-01-04,Palm Jumeirah,Apartment,2,1261.0,False,3052000.0,157200.0
2019-01-04,Dubai South,Villa,3,3291.0,False,2268000.0,198500.0
2019-01-04,Business Bay,Apartment,2,1097.0,False,1340000.0,84600.0
2019-01-04,Dubai South,Apartment,2,1472.0,False,986000.0,70800.0
2019-01-05,Jumeirah Village Circle,Apartment,2,1279.0,False,960000.0,68500.0
2019-01-05,International City,Apartment,1,837.0,True,393000.0,33300.0
2019-01-05,Downtown Dubai,Apartment,3,1758.0,False,4075000.0,232200.0
2019-01-05,Jumeirah Lake Towers,Apartment,0,464.0,False,361000.0,31800.0
2019-01-05,Dubai Hills Estate,Apartment,1,717.0,True,909000.0,60100.0
2019-01-07,Jumeirah Lake Towers,Apartment,1,800.0,False,971000.0,88600.0
2019-01-08,Dubai Marina,Apartment,1,933.0,True,1414000.0,85200.0
2019-01-08,Downtown Dubai,Apartment,0,300.0,False,699000.0,46400.0
2019-01-08,Downtown Dubai,Apartment,2,1467.0,False,3366000.0,203000.0
2019-01-08,International City,Apartment,3,1704.0,False,704000.0,60100.0
2019-01-08,Downtown Dubai,Apartment,0,549.0,False,1113000.0,56200.0
2019-01-09,Jumeirah Village Circle,Apartment,2,1297.0,False,1085000.0,86100.0
2019-01-09,International City,Townhouse,5,3318.0,False,1517000.0,119600.0
2019-01-09,Palm Jumeirah,Apartment,2,1319.0,False,2579000.0,119100.0
2019-01-10,Downtown Dubai,Apartment,2,1192.0,False,2665000.0,142200.0
2019-01-10,Jumeirah Village Circle,Apartment,1,934.0,False,917000.0,72000.0
2019-01-11,Jumeirah Lake Towers,Apartment,3,1549.0,False,1486000.0,117500.0
2019-01-11,Palm Jumeirah,Apartment,2,1203.0,False,2288000.0,125500.0
2019-01-11,Downtown Dubai,Apartment,2,1249.0,False,2531000.0,148200.0
2019-01-11,Downtown Dubai,Apartment,0,460.0,False,885000.0,53300.0
2019-01-11,International City,Apartment,1,757.0,True,347000.0,31400.0
2019-01-11,Palm Jumeirah,Apartment,1,911.0,False,1853000.0,77900.0
2019-01-12,Business Bay,Apartment,0,358.0,False,467000.0,28300.0
2019-01-12,Palm Jumeirah,Apartment,3,1594.0,False,3254000.0,148900.0
2019-01-13,Arabian Ranches,Villa,3,3201.0,False,3776000.0,192800.0
2019-01-13,Palm Jumeirah,Apartment,3,1864.0,False,4070000.0,230000.0
2019-01-14,Jumeirah Lake Towers,Apartment,0,483.0,True,437000.0,33400.0
2019-01-14,Palm Jumeirah,Apartment,1,757.0,False,1783000.0,91700.0
2019-01-15,Downtown Dubai,Townhouse,5,3869.0,False,7723000.0,411100.0
2019-01-15,Dubai South,Apartment,3,1620.0,True,955000.0,65900.0
2019-01-15,Dubai Hills Estate,Apartment,0,518.0,False,757000.0,42200.0
2019-01-15,Dubai South,Villa,5,3581.0,False,2261000.0,157700.0
2019-01-16,Dubai Marina,Apartment,0,304.0,True,460000.0,28400.0
2019-01-16,Jumeirah Village Circle,Apartment,1,1106.0,True,704000.0,51700.0
2019-01-18,Arabian Ranches,Townhouse,4,3032.0,False,3143000.0,170300.0
2019-01-18,Business Bay,Apartment,2,1176.0,False,1548000.0,86500.0
2019-01-19,Dubai Hills Estate,Apartment,1,957.0,False,1216000.0,78900.0
2019-01-19,Palm Jumeirah,Villa,3,2800.0,True,6346000.0,275200.0
2019-01-19,Jumeirah Lake Towers,Apartment,0,428.0,False,539000.0,39600.0
2019-01-20,Jumeirah Lake Towers,Apartment,1,882.0,True,811000.0,58500.0
2019-01-20,Downtown Dubai,Townhouse,4,3520.0,False,6756000.0,360600.0
2019-01-20,Business Bay,Apartment,1,897.0,False,1400000.0,95500.0
2019-01-21,Jumeirah Lake Towers,Apartment,1,875.0,False,819000.0,69600.0
2019-01-21,Dubai Marina,Apartment,0,490.0,True,716000.0,49200.0
2019-01-21,Business Bay,Apartment,2,1410.0,False,2679000.0,192400.0
2019-01-21,Palm Jumeirah,Apartment,2,1217.0,False,2594000.0,125500.0
2019-01-21,Dubai South,Apartment,3,1662.0,False,940000.0,65600.0
2019-01-21,International City,Apartment,1,1075.0,False,517000.0,44500.0
2019-01-22,Arabian Ranches,Apartment,0,361.0,True,412000.0,28700.0
2019-01-22,International City,Apartment,0,385.0,False,177000.0,13900.0
2019-01-22,Dubai South,Apartment,0,535.0,True,300000.0,24100.0
2019-01-22,Downtown Dubai,Apartment,1,912.0,True,1407000.0,81300.0
2019-01-22,Business Bay,Apartment,2,947.0,False,1231000.0,99100.0
2019-01-22,Jumeirah Village Circle,Apartment,2,1280.0,False,927000.0,81000.0
2019-01-22,Jumeirah Lake Towers,Apartment,0,548.0,False,501000.0,36800.0
2019-01-23,Palm Jumeirah,Apartment,3,2021.0,True,5309000.0,235700.0
2019-01-23,Palm Jumeirah,Villa,3,3653.0,False,7685000.0,310500.0
2019-01-24,International City,Apartment,0,448.0,False,174000.0,12300.0
2019-01-24,Jumeirah Village Circle,Apartment,0,528.0,False,362000.0,33000.0
2019-01-24,Dubai Hills Estate,Apartment,1,974.0,False,1499000.0,91800.0
2019-01-24,Jumeirah Lake Towers,Apartment,0,370.0,False,401000.0,26900.0
2019-01-25,Downtown Dubai,Apartment,3,1495.0,True,3194000.0,172000.0
2019-01-25,International City,Apartment,1,958.0,True,387000.0,38500.0
2019-01-25,Jumeirah Lake Towers,Apartment,0,463.0,True,387000.0,25500.0
2019-01-25,Dubai Marina,Apartment,2,1195.0,False,1856000.0,122500.0
2019-01-26,Business Bay,Apartment,3,2076.0,True,3341000.0,192200.0
2019-01-26,Dubai South,Apartment,3,1871.0,False,1085000.0,87700.0
2019-01-26,Jumeirah Village Circle,Apartment,3,1745.0,False,1527000.0,131000.0
2019-01-27,International City,Apartment,2,1308.0,False,521000.0,44700.0
2019-01-27,Business Bay,Apartment,1,750.0,False,1379000.0,86900.0
2019-01-28,International City,Apartment,2,1166.0,False,471000.0,48400.0
2019-01-28,Jumeirah Village Circle,Apartment,0,480.0,False,391000.0,32500.0
2019-01-28,Jumeirah Lake Towers,Apartment,2,1256.0,True,1571000.0,109400.0
2019-01-28,Dubai South,Apartment,2,1231.0,True,819000.0,61700.0
2019-02-01,Dubai South,Apartment,3,1820.0,False,1174000.0,83900.0
2019-02-02,Downtown Dubai,Apartment,1,828.0,True,1870000.0,89000.0
2019-02-03,Jumeirah Lake Towers,Apartment,1,991.0,True,834000.0,54800.0
2019-02-03,Arabian Ranches,Apartment,1,859.0,False,762000.0,36500.0
2019-02-04,Downtown Dubai,Apartment,1,776.0,False,1493000.0,73500.0
2019-02-04,Dubai South,Apartment,2,1279.0,True,726000.0,57000.0
2019-02-04,Palm Jumeirah,Apartment,0,472.0,True,1142000.0,61900.0
2019-02-04,Dubai Marina,Apartment,3,1682.0,False,2096000.0,112100.0
2019-02-04,Jumeirah Village Circle,Apartment,0,395.0,True,333000.0,26300.0
2019-02-05,Dubai Marina,Apartment,3,1908.0,False,2689000.0,170900.0
2019-02-05,Dubai South,Apartment,1,810.0,False,557000.0,41700.0
2019-02-05,Downtown Dubai,Apartment,0,431.0,False,719000.0,42200.0
2019-02-05,Dubai South,Apartment,1,1098.0,False,684000.0,49600.0
2019-02-05,Dubai South,Apartment,0,398.0,False,271000.0,15600.0
2019-02-06,Arabian Ranches,Villa,3,3011.0,False,3013000.0,185400.0
2019-02-06,Palm Jumeirah,Villa,5,3776.0,True,8087000.0,393700.0
2019-02-06,Jumeirah Village Circle,Apartment,2,1423.0,True,1098000.0,86200.0
2019-02-07,Jumeirah Village Circle,Apartment,1,757.0,False,638000.0,51300.0
2019-02-07,Dubai Hills Estate,Apartment,3,1556.0,False,2343000.0,125700.0
2019-02-08,Palm Jumeirah,Villa,3,3554.0,False,6674000.0,323500.0
2019-02-08,Dubai South,Villa,6,3871.0,False,2581000.0,191000.0
2019-02-08,Palm Jumeirah,Apartment,2,1377.0,False,3519000.0,152100.0
2019-02-08,Arabian Ranches,Apartment,2,1230.0,False,1293000.0,65000.0
2019-02-08,Jumeirah Village Circle,Apartment,1,783.0,True,589000.0,49400.0
2019-02-09,Dubai South,Villa,5,3986.0,False,2647000.0,177600.0
2019-02-09,Dubai Hills Estate,Apartment,2,1162.0,False,1551000.0,95000.0
2019-02-10,Arabian Ranches,Apartment,0,492.0,False,480000.0,23900.0
2019-02-10,Dubai Marina,Apartment,0,494.0,False,755000.0,43400.0
2019-02-10,Dubai Marina,Apartment,3,1796.0,True,2521000.0,146800.0
2019-02-10,Jumeirah Lake Towers,Apartment,3,1566.0,False,1390000.0,90900.0
2019-02-10,Arabian Ranches,Apartment,3,1737.0,False,1662000.0,88700.0
2019-02-11,Palm Jumeirah,Villa,3,2770.0,False,5779000.0,274000.0
2019-02-11,Business Bay,Apartment,1,924.0,False,1073000.0,67800.0
2019-02-11,Dubai Marina,Apartment,0,485.0,True,640000.0,34900.0
2019-02-11,International City,Apartment,3,1655.0,False,735000.0,67300.0
2019-02-12,Arabian Ranches,Apartment,0,458.0,True,350000.0,17800.0
2019-02-12,Dubai Marina,Apartment,1,920.0,True,1417000.0,83000.0
2019-02-13,International City,Apartment,1,890.0,False,404000.0,35900.0
2019-02-13,Business Bay,Apartment,2,1311.0,True,1868000.0,124000.0
2019-02-13,Jumeirah Village Circle,Apartment,3,1889.0,False,1442000.0,108100.0
2019-02-14,Dubai Hills Estate,Apartment,0,680.0,False,948000.0,53600.0
2019-02-14,Dubai Hills Estate,Villa,4,3352.0,False,5929000.0,302600.0
2019-02-14,International City,Apartment,1,761.0,False,299000.0,28500.0
2019-02-14,Downtown Dubai,Apartment,1,868.0,False,1685000.0,88400.0
2019-02-14,International City,Apartment,0,523.0,False,180000.0,16000.0
2019-02-14,Downtown Dubai,Apartment,0,494.0,True,1167000.0,63800.0
2019-02-15,International City,Apartment,2,1111.0,False,452000.0,38900.0
2019-02-15,Downtown Dubai,Apartment,0,300.0,False,875000.0,47500.0
2019-02-15,Downtown Dubai,Apartment,0,460.0,True,665000.0,44700.0
2019-02-15,Business Bay,Apartment,2,1385.0,True,2016000.0,123800.0
2019-02-15,Dubai Hills Estate,Apartment,1,798.0,False,1145000.0,69700.0
2019-02-15,Jumeirah Village Circle,Apartment,3,1730.0,False,1388000.0,122600.0
2019-02-15,Downtown Dubai,Apartment,1,871.0,False,1879000.0,104200.0
2019-02-15,International City,Apartment,1,896.0,True,418000.0,32800.0
2019-02-15,Dubai South,Apartment,2,1406.0,False,872000.0,67900.0
2019-02-15,Jumeirah Village Circle,Apartment,3,1809.0,False,1280000.0,93600.0
2019-02-15,Downtown Dubai,Apartment,0,587.0,False,1054000.0,68100.0
2019-02-15,Palm Jumeirah,Apartment,3,1597.0,False,4035000.0,230600.0
2019-02-16,Downtown Dubai,Apartment,0,437.0,False,862000.0,41500.0
2019-02-16,Jumeirah Lake Towers,Apartment,1,831.0,True,666000.0,45800.0
2019-02-16,Jumeirah Village Circle,Apartment,1,1008.0,False,952000.0,78900.0
2019-02-16,Dubai Hills Estate,Apartment,0,457.0,False,574000.0,34800.0
2019-02-16,Dubai Marina,Apartment,3,1866.0,False,2694000.0,161100.0
2019-02-17,Jumeirah Lake Towers,Apartment,0,440.0,True,384000.0,26500.0
2019-02-17,Jumeirah Village Circle,Apartment,0,546.0,False,403000.0,28700.0
2019-02-17,Dubai Hills Estate,Apartment,2,1203.0,True,1438000.0,86000.0
2019-02-17,Jumeirah Lake Towers,Apartment,3,1705.0,True,1555000.0,79900.0
2019-02-18,Dubai Hills Estate,Apartment,1,722.0,False,1052000.0,64000.0
2019-02-18,Palm Jumeirah,Apartment,1,837.0,False,2013000.0,111100.0
2019-02-19,Dubai South,Villa,6,4015.0,False,2659000.0,236300.0
2019-02-19,Palm Jumeirah,Apartment,2,1528.0,False,3255000.0,186000.0
2019-02-19,International City,Apartment,1,974.0,False,395000.0,34900.0
2019-02-20,Dubai Hills Estate,Villa,3,2991.0,False,3715000.0,192200.0
2019-02-20,Jumeirah Village Circle,Apartment,2,1531.0,False,1074000.0,98400.0
2019-02-20,Arabian Ranches,Apartment,1,885.0,False,971000.0,41900.0
2019-02-20,Dubai South,Villa,6,3877.0,False,2313000.0,160500.0
2019-02-21,Arabian Ranches,Apartment,0,456.0,False,499000.0,25500.0
2019-02-21,Arabian Ranches,Apartment,3,1676.0,False,1604000.0,82300.0
2019-02-22,Dubai South,Villa,3,2803.0,True,1832000.0,136900.0
2019-02-22,Dubai Marina,Apartment,2,1085.0,False,1704000.0,82000.0
2019-02-22,International City,Apartment,2,1526.0,False,700000.0,63300.0
2019-02-23,International City,Apartment,0,300.0,False,139000.0,12000.0
2019-02-23,Dubai South,Apartment,3,1112.0,False,752000.0,65300.0
2019-02-23,Jumeirah Village Circle,Apartment,3,1681.0,False,1739000.0,150700.0
2019-02-23,Dubai Hills Estate,Apartment,1,855.0,False,1114000.0,58100.0
2019-02-23,Dubai Hills Estate,Apartment,2,1412.0,True,2055000.0,115200.0
2019-02-24,Jumeirah Village Circle,Apartment,0,431.0,False,358000.0,28900.0
2019-02-24,Dubai Marina,Apartment,0,390.0,False,537000.0,33600.0
2019-02-24,Jumeirah Lake Towers,Apartment,0,441.0,True,426000.0,28400.0
2019-02-24,Jumeirah Village Circle,Apartment,0,631.0,False,507000.0,41500.0
2019-02-24,Downtown Dubai,Apartment,0,461.0,False,912000.0,45400.0
2019-02-24,Business Bay,Apartment,0,491.0,False,781000.0,49300.0
2019-02-25,Jumeirah Lake Towers,Apartment,2,1020.0,False,1151000.0,95600.0
2019-02-25,International City,Apartment,3,1485.0,False,739000.0,68100.0
2019-02-26,Downtown Dubai,Apartment,0,460.0,False,941000.0,43300.0
2019-02-26,Dubai South,Villa,5,4003.0,False,2452000.0,217000.0
2019-02-27,Jumeirah Lake Towers,Townhouse,6,3495.0,False,3273000.0,225800.0
2019-02-27,Dubai South,Apartment,2,1306.0,False,753000.0,60000.0
2019-02-28,Business Bay,Apartment,1,757.0,False,1345000.0,91700.0
2019-02-28,Palm Jumeirah,Apartment,3,1975.0,False,4815000.0,282800.0
2019-02-28,Dubai Marina,Apartment,3,2035.0,False,3556000.0,210300.0
2019-02-28,Dubai South,Apartment,1,922.0,False,564000.0,43100.0
2019-03-01,Dubai Hills Estate,Villa,4,3417.0,False,4425000.0,222700.0
2019-03-01,Dubai Marina,Apartment,3,1667.0,True,2448000.0,191700.0
2019-03-01,Arabian Ranches,Townhouse,3,2718.0,False,3458000.0,155600.0
2019-03-01,International City,Apartment,2,1478.0,False,702000.0,67200.0
2019-03-01,Business Bay,Apartment,2,1282.0,False,2116000.0,136600.0
2019-03-02,Dubai Hills Estate,Townhouse,4,3234.0,False,4483000.0,299300.0
2019-03-02,Business Bay,Apartment,3,1818.0,False,3088000.0,216000.0
2019-03-02,Jumeirah Lake Towers,Townhouse,6,3508.0,False,3692000.0,243600.0
2019-03-02,Business Bay,Apartment,1,938.0,False,1398000.0,92200.0
2019-03-03,Dubai South,Apartment,3,1937.0,False,1186000.0,93000.0
2019-03-04,Jumeirah Lake Towers,Apartment,0,513.0,False,510000.0,35000.0
2019-03-04,Dubai Marina,Apartment,2,1146.0,False,1374000.0,84300.0
2019-03-05,Dubai South,Apartment,1,879.0,False,731000.0,52400.0
2019-03-05,Downtown Dubai,Apartment,0,463.0,False,922000.0,50900.0
2019-03-05,Dubai Marina,Townhouse,5,2770.0,False,4023000.0,224600.0
2019-03-06,Palm Jumeirah,Apartment,1,948.0,True,1827000.0,95500.0
2019-03-06,Jumeirah Lake Towers,Apartment,3,1883.0,False,1415000.0,87300.0
2019-03-06,Dubai Marina,Apartment,2,1222.0,False,1960000.0,114200.0
2019-03-06,Dubai Hills Estate,Villa,4,3629.0,False,3786000.0,234300.0
2019-03-06,Dubai Hills Estate,Villa,6,4313.0,False,5517000.0,307500.0
2019-03-07,International City,Apartment,1,864.0,False,343000.0,30300.0
2019-03-07,Arabian Ranches,Apartment,3,1966.0,False,1975000.0,109200.0
2019-03-07,International City,Townhouse,5,3635.0,False,1610000.0,146600.0
2019-03-07,Jumeirah Lake Towers,Apartment,2,1589.0,False,1310000.0,91300.0
2019-03-07,Palm Jumeirah,Townhouse,3,2452.0,True,5553000.0,292800.0
2019-03-08,Jumeirah Village Circle,Apartment,1,917.0,True,748000.0,54300.0
2019-03-08,Dubai Marina,Apartment,3,1666.0,True,2509000.0,152700.0
2019-03-08,Jumeirah Village Circle,Apartment,3,2012.0,False,1925000.0,157800.0
2019-03-08,Downtown Dubai,Apartment,3,1765.0,False,3570000.0,247800.0
2019-03-09,Dubai South,Apartment,0,468.0,False,272000.0,21200.0
2019-03-09,Jumeirah Lake Towers,Apartment,0,464.0,False,379000.0,24800.0
2019-03-09,Palm Jumeirah,Apartment,2,1347.0,False,3128000.0,144700.0
2019-03-09,Dubai Marina,Apartment,2,993.0,True,1752000.0,103400.0
2019-03-10,Jumeirah Lake Towers,Apartment,1,783.0,False,772000.0,53400.0
2019-03-11,International City,Apartment,2,1199.0,False,457000.0,42300.0
2019-03-11,Jumeirah Village Circle,Apartment,2,1289.0,True,792000.0,57000.0
2019-03-11,Business Bay,Apartment,2,1314.0,False,2009000.0,150800.0
2019-03-11,Jumeirah Lake Towers,Apartment,3,1779.0,False,1693000.0,109000.0
2019-03-12,Dubai Marina,Apartment,3,1541.0,False,2375000.0,145700.0
2019-03-12,Jumeirah Village Circle,Apartment,2,1498.0,False,1232000.0,101700.0
2019-03-12,International City,Apartment,2,1171.0,False,427000.0,43100.0
2019-03-13,Dubai Marina,Apartment,0,542.0,True,889000.0,58600.0
2019-03-13,Dubai Hills Estate,Apartment,2,1221.0,True,1528000.0,92500.0
2019-03-13,Downtown Dubai,Apartment,2,1156.0,False,2103000.0,103700.0
2019-03-13,Dubai Hills Estate,Apartment,1,951.0,True,1102000.0,70300.0
2019-03-13,Business Bay,Apartment,2,1260.0,False,1934000.0,126100.0
2019-03-14,Dubai Hills Estate,Apartment,2,1089.0,False,1590000.0,83300.0
2019-03-14,Dubai South,Apartment,0,468.0,True,392000.0,36900.0
2019-03-14,Jumeirah Village Circle,Apartment,1,779.0,False,542000.0,48600.0
2019-03-15,International City,Apartment,1,1018.0,False,579000.0,49600.0
2019-03-15,Palm Jumeirah,Apartment,1,860.0,False,2061000.0,113100.0
2019-03-16,Jumeirah Village Circle,Apartment,1,780.0,False,477000.0,41800.0
2019-03-16,Downtown Dubai,Apartment,2,1438.0,True,2323000.0,114600.0
2019-03-16,Dubai Marina,Apartment,0,484.0,True,639000.0,43900.0
2019-03-17,Dubai Hills Estate,Apartment,1,1012.0,False,1239000.0,77800.0
2019-03-17,Jumeirah Village Circle,Apartment,1,776.0,False,538000.0,49000.0
2019-03-17,Jumeirah Village Circle,Apartment,2,1310.0,True,1018000.0,92700.0
2019-03-17,Jumeirah Village Circle,Apartment,3,1663.0,False,1080000.0,94200.0
2019-03-18,Business Bay,Apartment,0,365.0,True,464000.0,24500.0
2019-03-18,Business Bay,Apartment,2,1263.0,False,1379000.0,88300.0
2019-03-18,Dubai Hills Estate,Apartment,0,401.0,True,596000.0,41000.0
2019-03-18,Palm Jumeirah,Villa,6,4571.0,False,11777000.0,723000.0
2019-03-18,Palm Jumeirah,Villa,4,3131.0,False,5453000.0,294900.0
2019-03-19,Arabian Ranches,Apartment,0,462.0,False,502000.0,30200.0
2019-03-19,Dubai South,Apartment,3,1914.0,False,1369000.0,105500.0
2019-03-19,Dubai South,Townhouse,5,3427.0,False,1997000.0,148700.0
2019-03-19,Jumeirah Village Circle,Apartment,0,388.0,False,348000.0,24600.0
2019-03-20,Jumeirah Lake Towers,Apartment,0,424.0,False,411000.0,33000.0
2019-03-20,Dubai Hills Estate,Apartment,1,795.0,False,1175000.0,69700.0
2019-03-21,Arabian Ranches,Apartment,3,1695.0,False,2041000.0,109700.0
2019-03-21,International City,Apartment,0,462.0,False,160000.0,15300.0
2019-03-21,Jumeirah Village Circle,Apartment,1,831.0,False,691000.0,53000.0
2019-03-21,Dubai Hills Estate,Apartment,1,983.0,True,1461000.0,88400.0
2019-03-21,Jumeirah Lake Towers,Apartment,1,896.0,False,973000.0,80200.0
2019-03-21,Arabian Ranches,Apartment,1,754.0,False,606000.0,32800.0
2019-03-22,Jumeirah Village Circle,Apartment,0,435.0,False,444000.0,33700.0
2019-03-22,Dubai Hills Estate,Villa,3,3176.0,True,3780000.0,212900.0
2019-03-23,Jumeirah Village Circle,Apartment,0,461.0,False,367000.0,31900.0
2019-03-23,International City,Apartment,3,1873.0,False,755000.0,62200.0
2019-03-23,Jumeirah Lake Towers,Apartment,3,1923.0,False,2496000.0,168600.0
2019-03-23,Dubai Hills Estate,Apartment,1,932.0,False,1197000.0,61000.0
2019-03-24,Arabian Ranches,Apartment,2,1358.0,False,1244000.0,56800.0
2019-03-24,International City,Apartment,2,1496.0,True,610000.0,52100.0
2019-03-24,Downtown Dubai,Apartment,3,2028.0,False,3379000.0,216300.0
2019-03-24,Dubai Hills Estate,Villa,5,4027.0,False,6020000.0,341100.0
2019-03-25,Business Bay,Townhouse,5,3607.0,False,5430000.0,407400.0
2019-03-25,Dubai South,Apartment,0,504.0,False,328000.0,24000.0
2019-03-25,Palm Jumeirah,Villa,6,3915.0,True,8015000.0,463300.0
2019-03-25,Dubai Marina,Apartment,2,1396.0,False,1840000.0,112600.0
2019-03-25,International City,Apartment,2,1026.0,False,491000.0,44700.0
2019-03-26,Dubai South,Apartment,3,1689.0,False,1056000.0,74400.0
2019-03-26,Dubai Hills Estate,Apartment,2,1458.0,False,2178000.0,144000.0
2019-03-27,Jumeirah Village Circle,Apartment,3,1757.0,False,1167000.0,97000.0
2019-03-27,Downtown Dubai,Apartment,2,1353.0,True,2236000.0,132200.0
2019-03-27,Jumeirah Village Circle,Apartment,1,781.0,False,662000.0,51300.0
2019-03-28,Jumeirah Village Circle,Apartment,0,521.0,False,367000.0,25200.0
2019-03-28,Dubai South,Apartment,0,337.0,False,274000.0,20200.0
2019-04-01,Downtown Dubai,Apartment,1,1006.0,True,2140000.0,141600.0
2019-04-01,Dubai Marina,Apartment,0,436.0,False,634000.0,53500.0
2019-04-01,International City,Townhouse,5,3381.0,False,1513000.0,129100.0
2019-04-01,Dubai South,Apartment,0,459.0,True,288000.0,21300.0
2019-04-01,Downtown Dubai,Apartment,3,1965.0,False,3839000.0,202500.0
2019-04-02,Jumeirah Village Circle,Apartment,3,1854.0,False,1436000.0,124700.0
2019-04-02,Business Bay,Apartment,0,438.0,False,568000.0,38300.0
2019-04-02,Dubai Marina,Apartment,1,737.0,False,1183000.0,81300.0
2019-04-02,Dubai Hills Estate,Villa,3,2927.0,True,3160000.0,164000.0
2019-04-02,Jumeirah Village Circle,Apartment,0,449.0,False,342000.0,26300.0
2019-04-02,International City,Apartment,1,1031.0,False,486000.0,50400.0
2019-04-02,Downtown Dubai,Apartment,2,1204.0,False,1997000.0,93800.0
2019-04-03,Downtown Dubai,Apartment,3,1974.0,True,3516000.0,197000.0
2019-04-03,Jumeirah Lake Towers,Apartment,3,1158.0,False,1117000.0,71600.0
2019-04-03,International City,Apartment,1,618.0,True,237000.0,21000.0
2019-04-03,Downtown Dubai,Apartment,2,1295.0,False,2289000.0,129000.0
2019-04-03,Dubai Marina,Apartment,3,1843.0,True,2301000.0,147800.0
2019-04-03,Downtown Dubai,Apartment,1,745.0,False,1289000.0,71700.0
2019-04-04,Arabian Ranches,Apartment,2,1534.0,False,1259000.0,78900.0
2019-04-04,Business Bay,Apartment,1,919.0,False,1389000.0,101500.0
2019-04-04,International City,Apartment,3,1659.0,False,904000.0,92400.0
2019-04-04,Dubai Hills Estate,Apartment,0,337.0,False,382000.0,22400.0
2019-04-05,Palm Jumeirah,Townhouse,5,3326.0,False,8148000.0,408000.0
2019-04-05,Jumeirah Village Circle,Apartment,0,528.0,False,410000.0,36800.0
2019-04-05,Dubai Hills Estate,Apartment,2,1320.0,True,1445000.0,72900.0
2019-04-05,Dubai Hills Estate,Apartment,0,455.0,False,699000.0,44300.0
2019-04-06,Jumeirah Lake Towers,Apartment,1,745.0,True,709000.0,57000.0
2019-04-06,Downtown Dubai,Apartment,1,730.0,False,1391000.0,86800.0
2019-04-06,Jumeirah Village Circle,Apartment,3,1608.0,False,1316000.0,95500.0
2019-04-07,Jumeirah Lake Towers,Apartment,1,963.0,True,972000.0,67200.0
2019-04-07,Arabian Ranches,Apartment,3,1621.0,False,1978000.0,104600.0
2019-04-07,Dubai Hills Estate,Apartment,3,1994.0,True,2497000.0,157000.0
2019-04-07,Downtown Dubai,Apartment,1,832.0,False,2002000.0,132100.0
2019-04-07,Dubai Hills Estate,Apartment,1,947.0,False,1186000.0,70600.0
2019-04-08,Dubai Hills Estate,Apartment,2,1391.0,True,2100000.0,121000.0
2019-04-08,International City,Apartment,2,1538.0,False,534000.0,51400.0
2019-04-08,Business Bay,Apartment,0,470.0,False,684000.0,34200.0
2019-04-09,Palm Jumeirah,Apartment,0,436.0,True,1144000.0,51200.0
2019-04-09,Jumeirah Village Circle,Apartment,0,481.0,False,429000.0,30700.0
2019-04-09,Palm Jumeirah,Townhouse,5,3350.0,False,8373000.0,400000.0
2019-04-09,Jumeirah Village Circle,Apartment,0,449.0,False,387000.0,34700.0
2019-04-09,Downtown Dubai,Apartment,2,1172.0,False,2047000.0,118500.0
2019-04-10,Downtown Dubai,Apartment,0,429.0,True,884000.0,48100.0
2019-04-10,Dubai Marina,Apartment,3,1920.0,False,2641000.0,147100.0
2019-04-10,Business Bay,Apartment,3,1470.0,True,1862000.0,116700.0
2019-04-10,Dubai Marina,Apartment,0,409.0,False,537000.0,36600.0
2019-04-10,International City,Apartment,3,1625.0,True,656000.0,55300.0
2019-04-10,Dubai South,Apartment,0,537.0,True,414000.0,34100.0
2019-04-10,Palm Jumeirah,Townhouse,4,2834.0,True,6160000.0,283200.0
2019-04-11,International City,Apartment,1,1026.0,False,432000.0,38200.0
2019-04-11,Palm Jumeirah,Apartment,0,315.0,True,592000.0,26800.0
2019-04-12,Jumeirah Lake Towers,Apartment,2,1247.0,True,1145000.0,91600.0
2019-04-12,Downtown Dubai,Apartment,2,1545.0,False,3607000.0,193200.0
2019-04-12,Jumeirah Village Circle,Apartment,1,749.0,False,631000.0,49500.0
2019-04-12,Dubai Hills Estate,Villa,5,4229.0,False,5694000.0,310300.0
2019-04-12,Dubai Hills Estate,Apartment,3,1964.0,False,2170000.0,139400.0
2019-04-12,Jumeirah Village Circle,Apartment,1,759.0,False,542000.0,40900.0
2019-04-13,Palm Jumeirah,Townhouse,5,3042.0,False,8240000.0,428100.0
2019-04-13,International City,Apartment,0,427.0,False,170000.0,15400.0
2019-04-13,Jumeirah Lake Towers,Apartment,1,885.0,True,735000.0,66700.0
2019-04-14,International City,Apartment,2,1460.0,True,802000.0,64500.0
2019-04-14,Dubai Hills Estate,Apartment,2,1038.0,True,1294000.0,72500.0
2019-04-14,Jumeirah Village Circle,Apartment,3,1724.0,True,1082000.0,90100.0
2019-04-15,Dubai Hills Estate,Apartment,3,1881.0,False,2558000.0,134300.0
2019-04-15,Downtown Dubai,Apartment,3,1700.0,False,2433000.0,121600.0
2019-04-15,Dubai Hills Estate,Apartment,0,375.0,False,495000.0,25100.0
2019-04-16,Dubai South,Apartment,3,2231.0,False,1433000.0,108100.0
2019-04-17,Downtown Dubai,Apartment,0,435.0,True,1000000.0,53800.0
2019-04-17,Arabian Ranches,Apartment,0,405.0,False,438000.0,25400.0
2019-04-17,Dubai South,Villa,3,3208.0,False,1619000.0,113300.0
2019-04-17,Jumeirah Village Circle,Apartment,3,1309.0,False,992000.0,84800.0
2019-04-17,Arabian Ranches,Apartment,0,437.0,False,503000.0,33100.0
2019-04-17,Downtown Dubai,Apartment,3,1498.0,False,2768000.0,172500.0
2019-04-17,Dubai South,Apartment,1,562.0,True,365000.0,26200.0
2019-04-18,Arabian Ranches,Townhouse,4,2934.0,False,3738000.0,214100.0
2019-04-18,Jumeirah Lake Towers,Apartment,0,448.0,False,367000.0,24100.0
2019-04-18,Downtown Dubai,Apartment,3,1469.0,False,2347000.0,128500.0
2019-04-18,Downtown Dubai,Apartment,3,1859.0,False,3464000.0,207200.0
2019-04-18,Dubai Marina,Apartment,1,929.0,False,1547000.0,103300.0
2019-04-18,Dubai Hills Estate,Apartment,2,946.0,False,1393000.0,88300.0
2019-04-18,Dubai Hills Estate,Villa,5,4381.0,False,5841000.0,357300.0
2019-04-19,Dubai South,Apartment,1,907.0,False,692000.0,51700.0
2019-04-20,Dubai Hills Estate,Apartment,2,1473.0,False,2473000.0,131800.0
2019-04-20,Jumeirah Village Circle,Apartment,1,892.0,False,640000.0,41900.0
2019-04-21,Dubai Hills Estate,Apartment,2,1356.0,True,2005000.0,126200.0
2019-04-21,Dubai Hills Estate,Villa,3,2898.0,False,3812000.0,263600.0
2019-04-21,International City,Apartment,1,901.0,False,394000.0,36200.0
2019-04-21,Dubai South,Apartment,2,1029.0,False,638000.0,48200.0
2019-04-22,International City,Apartment,1,901.0,False,401000.0,38000.0
2019-04-22,Jumeirah Village Circle,Apartment,0,384.0,False,297000.0,25400.0
2019-04-22,Business Bay,Apartment,2,1444.0,False,1773000.0,127200.0
2019-04-23,Palm Jumeirah,Apartment,2,1199.0,True,3516000.0,183300.0
2019-04-23,Jumeirah Village Circle,Apartment,2,1284.0,False,1153000.0,109100.0
2019-04-23,Dubai Hills Estate,Apartment,0,480.0,False,710000.0,34000.0
2019-04-24,Downtown Dubai,Apartment,3,1802.0,False,3467000.0,191600.0
2019-04-24,Arabian Ranches,Apartment,3,1658.0,False,1663000.0,91000.0
2019-04-24,Dubai Marina,Apartment,0,466.0,False,772000.0,51500.0
2019-04-24,Dubai Marina,Apartment,1,1000.0,False,1507000.0,121700.0
2019-04-24,Jumeirah Lake Towers,Apartment,3,1533.0,True,1407000.0,99200.0
2019-04-25,Arabian Ranches,Apartment,0,503.0,False,524000.0,25800.0
2019-04-25,Jumeirah Lake Towers,Apartment,2,1100.0,False,912000.0,70200.0
2019-04-25,Jumeirah Village Circle,Apartment,1,1018.0,False,860000.0,70100.0
2019-04-26,Dubai Marina,Apartment,3,1723.0,False,2298000.0,141200.0
2019-04-26,Arabian Ranches,Apartment,3,1649.0,True,1470000.0,84000.0
2019-04-26,Dubai Hills Estate,Townhouse,5,3495.0,False,5103000.0,259400.0
2019-04-26,Palm Jumeirah,Townhouse,4,3057.0,True,6248000.0,293200.0
2019-04-27,Palm Jumeirah,Apartment,2,1334.0,False,3164000.0,205100.0
2019-04-27,Arabian Ranches,Townhouse,4,2983.0,True,2820000.0,169800.0
2019-04-27,Downtown Dubai,Apartment,3,1590.0,False,3525000.0,196100.0
2019-04-27,International City,Apartment,1,829.0,False,312000.0,26400.0
2019-04-27,Dubai Hills Estate,Apartment,2,1307.0,False,1950000.0,129900.0
2019-04-28,Dubai South,Apartment,0,457.0,False,267000.0,15800.0
2019-04-28,Dubai Marina,Apartment,3,1789.0,True,1883000.0,101700.0
2019-05-01,Dubai Hills Estate,Apartment,3,1763.0,True,1988000.0,124800.0
2019-05-01,Business Bay,Apartment,2,1365.0,False,2411000.0,157200.0
2019-05-02,Dubai Marina,Apartment,2,1380.0,False,2425000.0,191100.0
2019-05-02,Arabian Ranches,Apartment,3,1664.0,True,1392000.0,83200.0
2019-05-02,Dubai South,Apartment,3,1602.0,False,1131000.0,81700.0
2019-05-03,Jumeirah Village Circle,Apartment,3,1851.0,False,1269000.0,96100.0
2019-05-03,Downtown Dubai,Apartment,2,1482.0,False,3156000.0,163700.0
2019-05-03,Business Bay,Apartment,1,842.0,False,1264000.0,95200.0
2019-05-04,International City,Apartment,3,1694.0,True,662000.0,55600.0
2019-05-04,Arabian Ranches,Apartment,0,459.0,False,498000.0,29600.0
2019-05-04,Downtown Dubai,Apartment,1,870.0,False,1545000.0,84700.0
2019-05-04,Dubai Marina,Apartment,2,880.0,True,1317000.0,72900.0
2019-05-05,Arabian Ranches,Apartment,1,914.0,False,955000.0,63000.0
2019-05-05,Dubai Hills Estate,Apartment,0,535.0,False,868000.0,47000.0
2019-05-05,International City,Apartment,1,955.0,False,364000.0,33800.0
2019-05-06,Downtown Dubai,Apartment,1,810.0,False,1517000.0,83600.0
2019-05-06,Downtown Dubai,Apartment,2,1272.0,False,2438000.0,116800.0
2019-05-07,Downtown Dubai,Apartment,2,1421.0,False,2510000.0,152400.0
2019-05-07,Downtown Dubai,Apartment,2,1346.0,True,2921000.0,140900.0
2019-05-07,International City,Apartment,2,1519.0,False,581000.0,44200.0
2019-05-07,Business Bay,Apartment,3,1709.0,True,2475000.0,177600.0
2019-05-07,Arabian Ranches,Apartment,2,1312.0,False,1314000.0,74500.0
2019-05-07,Arabian Ranches,Villa,4,3543.0,False,3991000.0,194200.0
2019-05-07,Business Bay,Apartment,3,1750.0,False,2531000.0,164000.0
2019-05-08,Jumeirah Lake Towers,Apartment,1,906.0,False,895000.0,58700.0
2019-05-08,Jumeirah Lake Towers,Apartment,3,1998.0,False,1634000.0,136400.0
2019-05-08,Dubai Hills Estate,Villa,6,4378.0,True,6360000.0,350900.0
2019-05-08,Dubai South,Apartment,1,1033.0,False,790000.0,68200.0
2019-05-08,Business Bay,Apartment,3,2048.0,False,2929000.0,182900.0
2019-05-09,Business Bay,Apartment,1,812.0,True,1408000.0,92800.0
2019-05-09,Dubai Hills Estate,Apartment,2,1261.0,True,1586000.0,79500.0
2019-05-10,Arabian Ranches,Villa,6,4246.0,False,4490000.0,274000.0
2019-05-10,Palm Jumeirah,Apartment,0,371.0,True,813000.0,41000.0
2019-05-11,Palm Jumeirah,Apartment,1,780.0,True,1353000.0,58200.0
2019-05-11,International City,Apartment,1,778.0,True,314000.0,28400.0
2019-05-11,Arabian Ranches,Apartment,2,1055.0,False,1162000.0,62200.0
2019-05-11,Jumeirah Village Circle,Apartment,3,1736.0,False,1469000.0,119300.0
2019-05-12,Dubai Marina,Apartment,1,850.0,False,1267000.0,80200.0
2019-05-12,Dubai Marina,Apartment,0,354.0,True,517000.0,38100.0
2019-05-12,Dubai Marina,Apartment,0,525.0,False,965000.0,49500.0
2019-05-13,Jumeirah Village Circle,Apartment,3,2089.0,False,1578000.0,118000.0
2019-05-13,Jumeirah Lake Towers,Apartment,0,473.0,False,437000.0,28200.0
2019-05-14,Jumeirah Village Circle,Apartment,2,1329.0,True,1209000.0,100400.0
2019-05-14,Dubai Hills Estate,Villa,3,2969.0,False,4010000.0,227400.0
2019-05-14,Jumeirah Village Circle,Apartment,0,399.0,False,366000.0,25800.0
2019-05-14,Dubai South,Villa,5,3649.0,False,2766000.0,167200.0
2019-05-15,Jumeirah Village Circle,Apartment,0,375.0,False,351000.0,24900.0
2019-05-15,Palm Jumeirah,Townhouse,3,2463.0,False,6153000.0,348600.0
2019-05-17,Dubai Hills Estate,Townhouse,4,2970.0,False,4306000.0,247100.0
2019-05-17,Dubai South,Apartment,2,1122.0,True,696000.0,57500.0
2019-05-18,Business Bay,Apartment,3,2206.0,False,2300000.0,160100.0
2019-05-18,Dubai Hills Estate,Apartment,3,1958.0,False,2696000.0,163000.0
2019-05-18,Dubai South,Apartment,0,617.0,False,388000.0,30200.0
2019-05-18,Dubai South,Villa,5,3414.0,True,1947000.0,168000.0
2019-05-18,International City,Apartment,0,410.0,False,185000.0,18200.0
2019-05-18,Dubai Marina,Apartment,3,2004.0,False,3268000.0,191800.0
2019-05-20,Palm Jumeirah,Apartment,2,1428.0,False,3617000.0,186300.0
2019-05-21,Jumeirah Lake Towers,Apartment,0,327.0,False,284000.0,23200.0
2019-05-21,Palm Jumeirah,Apartment,3,1671.0,True,4152000.0,186700.0
2019-05-22,International City,Apartment,1,1062.0,False,594000.0,54800.0
2019-05-22,Downtown Dubai,Apartment,1,1004.0,False,2690000.0,165000.0
2019-05-23,Arabian Ranches,Apartment,3,1592.0,False,1872000.0,113600.0
2019-05-23,Dubai South,Apartment,2,1162.0,True,818000.0,51900.0
2019-05-23,Jumeirah Lake Towers,Apartment,1,820.0,False,812000.0,64200.0
2019-05-24,International City,Apartment,3,1763.0,True,673000.0,50700.0
2019-05-24,Jumeirah Lake Towers,Apartment,2,1171.0,True,1275000.0,111400.0
2019-05-24,Arabian Ranches,Apartment,1,959.0,False,1103000.0,70500.0
2019-05-24,International City,Apartment,2,1338.0,True,451000.0,31300.0
2019-05-24,Dubai Marina,Apartment,1,985.0,True,1276000.0,78100.0
2019-05-25,Dubai South,Townhouse,4,3035.0,False,1911000.0,139500.0
2019-05-25,Dubai South,Townhouse,4,3087.0,False,2181000.0,142200.0
2019-05-25,Dubai Hills Estate,Apartment,0,456.0,False,603000.0,39300.0
2019-05-25,Business Bay,Apartment,0,588.0,False,914000.0,47300.0
2019-05-25,Jumeirah Lake Towers,Apartment,3,1818.0,False,1655000.0,106200.0
2019-05-26,Jumeirah Village Circle,Townhouse,5,3574.0,True,2909000.0,274500.0
2019-05-26,Dubai South,Apartment,2,1285.0,False,1021000.0,80800.0
2019-05-26,International City,Apartment,2,1378.0,False,612000.0,53100.0
2019-05-26,International City,Apartment,0,620.0,False,231000.0,19900.0
2019-05-26,Downtown Dubai,Apartment,0,480.0,False,1123000.0,61900.0
2019-05-27,Jumeirah Lake Towers,Apartment,3,1760.0,False,1369000.0,102400.0
2019-05-27,Arabian Ranches,Apartment,1,983.0,False,1014000.0,58800.0
2019-05-27,Dubai Marina,Apartment,2,1170.0,False,2210000.0,129400.0
2019-05-28,Jumeirah Village Circle,Apartment,3,1870.0,False,1508000.0,118300.0
2019-05-28,Dubai Marina,Apartment,1,930.0,False,1315000.0,81700.0
2019-05-28,Dubai Marina,Apartment,0,326.0,False,465000.0,28300.0
2019-05-28,Jumeirah Lake Towers,Apartment,2,1172.0,False,1211000.0,80400.0
2019-05-28,Dubai Marina,Apartment,3,1914.0,False,2226000.0,123900.0
2019-06-01,International City,Apartment,3,1939.0,False,641000.0,52700.0
2019-06-01,Business Bay,Apartment,2,1477.0,False,2495000.0,162000.0
2019-06-01,International City,Apartment,3,1428.0,False,627000.0,51900.0
2019-06-02,International City,Apartment,1,878.0,False,387000.0,27700.0
2019-06-02,Jumeirah Lake Towers,Apartment,0,501.0,False,567000.0,41900.0
2019-06-02,Arabian Ranches,Apartment,3,1670.0,False,1933000.0,100600.0
2019-06-03,Jumeirah Village Circle,Apartment,0,471.0,False,326000.0,24500.0
2019-06-03,International City,Apartment,0,395.0,False,207000.0,19300.0
2019-06-03,Dubai Marina,Apartment,1,1105.0,False,1491000.0,100700.0
2019-06-04,Jumeirah Lake Towers,Apartment,1,691.0,False,709000.0,54200.0
2019-06-04,Dubai Marina,Apartment,0,538.0,False,676000.0,44600.0
2019-06-04,Downtown Dubai,Apartment,2,1209.0,True,2243000.0,129500.0
2019-06-05,Palm Jumeirah,Villa,5,4188.0,False,9417000.0,448800.0
2019-06-05,Dubai Marina,Apartment,0,494.0,False,749000.0,51500.0
2019-06-05,Palm Jumeirah,Apartment,0,398.0,False,921000.0,47600.0
2019-06-05,Jumeirah Village Circle,Apartment,3,1193.0,False,805000.0,63500.0
2019-06-06,Palm Jumeirah,Apartment,0,327.0,False,745000.0,37000.0
2019-06-06,Downtown Dubai,Apartment,3,1456.0,False,3156000.0,163000.0
2019-06-06,Business Bay,Apartment,2,1364.0,False,1859000.0,103200.0
2019-06-06,International City,Apartment,1,812.0,False,351000.0,34100.0
2019-06-06,Dubai Marina,Apartment,3,1751.0,False,2583000.0,144700.0
2019-06-07,Jumeirah Lake Towers,Apartment,2,1311.0,True,981000.0,62900.0
2019-06-07,Dubai South,Apartment,1,853.0,False,543000.0,38600.0
2019-06-07,Palm Jumeirah,Apartment,0,512.0,False,1389000.0,72800.0
2019-06-07,International City,Apartment,3,1864.0,False,675000.0,59500.0
2019-06-07,Business Bay,Apartment,3,1899.0,False,2675000.0,210800.0
2019-06-07,Dubai Hills Estate,Apartment,1,983.0,False,1219000.0,66000.0
2019-06-07,Dubai Marina,Apartment,0,432.0,False,685000.0,43900.0
2019-06-08,Dubai Hills Estate,Townhouse,3,2644.0,False,3395000.0,222500.0
2019-06-08,International City,Apartment,1,871.0,False,422000.0,31700.0
2019-06-08,Dubai South,Apartment,2,1310.0,False,921000.0,60900.0
2019-06-08,Business Bay,Apartment,1,790.0,False,881000.0,56300.0
2019-06-08,Dubai Marina,Apartment,0,441.0,True,664000.0,39200.0
2019-06-08,Downtown Dubai,Apartment,0,510.0,False,885000.0,52100.0
2019-06-09,Business Bay,Apartment,3,1196.0,True,1430000.0,91000.0
2019-06-09,Palm Jumeirah,Townhouse,4,3148.0,False,7353000.0,378300.0
2019-06-09,Arabian Ranches,Townhouse,4,2673.0,True,2660000.0,120700.0
2019-06-09,Palm Jumeirah,Villa,3,3162.0,True,7476000.0,386000.0
2019-06-10,Jumeirah Lake Towers,Apartment,0,371.0,False,332000.0,26500.0
2019-06-10,International City,Apartment,1,768.0,False,308000.0,27900.0
2019-06-10,Arabian Ranches,Apartment,3,1748.0,False,1982000.0,93300.0
2019-06-10,Business Bay,Apartment,3,1605.0,False,2586000.0,201800.0
2019-06-11,Arabian Ranches,Townhouse,6,3976.0,False,3788000.0,198900.0
2019-06-11,Dubai Hills Estate,Apartment,2,1110.0,False,1353000.0,67700.0
2019-06-11,Dubai Marina,Apartment,2,1530.0,True,2611000.0,166100.0
2019-06-11,Business Bay,Apartment,0,515.0,False,660000.0,50300.0
2019-06-12,Palm Jumeirah,Townhouse,6,3723.0,True,7653000.0,392500.0
2019-06-12,Palm Jumeirah,Apartment,0,534.0,False,1134000.0,60000.0
2019-06-12,Downtown Dubai,Apartment,2,1331.0,True,2301000.0,130900.0
2019-06-12,Jumeirah Village Circle,Apartment,1,895.0,False,746000.0,57500.0
2019-06-13,Arabian Ranches,Villa,4,3306.0,False,4159000.0,261700.0
2019-06-13,Palm Jumeirah,Apartment,3,1694.0,False,3493000.0,169600.0
2019-06-13,Palm Jumeirah,Apartment,0,412.0,False,1035000.0,54100.0
2019-06-14,Downtown Dubai,Apartment,3,2051.0,False,4517000.0,252500.0
2019-06-14,Palm Jumeirah,Villa,3,2880.0,False,6644000.0,286700.0
2019-06-14,Downtown Dubai,Apartment,0,592.0,False,992000.0,47500.0
2019-06-14,Arabian Ranches,Townhouse,5,2967.0,True,3077000.0,178600.0
2019-06-14,Jumeirah Village Circle,Apartment,1,767.0,True,659000.0,55700.0
2019-06-15,Downtown Dubai,Apartment,2,1335.0,False,3257000.0,161800.0
2019-06-15,Dubai Marina,Townhouse,3,2828.0,False,4517000.0,323800.0
2019-06-15,Dubai Marina,Townhouse,5,3880.0,False,5066000.0,308600.0
2019-06-15,Dubai South,Townhouse,6,3214.0,False,2135000.0,147200.0
2019-06-16,Dubai Hills Estate,Apartment,3,1396.0,True,1716000.0,99800.0
2019-06-16,Dubai Hills Estate,Villa,6,3913.0,False,5928000.0,381500.0
2019-06-16,Arabian Ranches,Apartment,1,960.0,False,866000.0,58100.0
2019-06-16,Palm Jumeirah,Villa,4,3680.0,False,9112000.0,442700.0
2019-06-16,Business Bay,Apartment,0,526.0,False,802000.0,52700.0
2019-06-17,Jumeirah Lake Towers,Apartment,1,815.0,False,901000.0,71200.0
2019-06-17,Dubai South,Apartment,3,1699.0,False,906000.0,69100.0
2019-06-17,Dubai Hills Estate,Apartment,0,300.0,False,372000.0,20300.0
2019-06-17,Dubai South,Townhouse,4,3163.0,False,2094000.0,173700.0
2019-06-17,Jumeirah Village Circle,Apartment,2,1047.0,False,814000.0,65100.0
2019-06-17,Jumeirah Village Circle,Apartment,3,1554.0,True,966000.0,75600.0
2019-06-18,Arabian Ranches,Villa,5,3564.0,False,3418000.0,172600.0
2019-06-19,Dubai Marina,Apartment,2,1273.0,False,1821000.0,116800.0
2019-06-19,Palm Jumeirah,Apartment,0,359.0,True,840000.0,42600.0
2019-06-19,Dubai Hills Estate,Apartment,2,1438.0,False,2028000.0,120000.0
2019-06-20,Jumeirah Lake Towers,Apartment,3,1857.0,False,1913000.0,144400.0
2019-06-20,Downtown Dubai,Apartment,1,860.0,False,1771000.0,105000.0
2019-06-20,Business Bay,Apartment,0,441.0,False,611000.0,41800.0
2019-06-20,Downtown Dubai,Apartment,3,1573.0,False,3091000.0,168400.0
2019-06-21,Dubai South,Apartment,1,824.0,False,519000.0,42000.0
2019-06-21,Business Bay,Apartment,0,334.0,False,452000.0,25500.0
2019-06-22,Business Bay,Apartment,0,455.0,False,570000.0,39500.0
2019-06-22,Jumeirah Lake Towers,Apartment,3,1610.0,False,1433000.0,113100.0
2019-06-22,Dubai Marina,Apartment,2,1353.0,False,1920000.0,110600.0
2019-06-23,Business Bay,Townhouse,5,3674.0,False,5273000.0,322100.0
2019-06-23,Jumeirah Village Circle,Apartment,0,435.0,True,303000.0,26700.0
2019-06-23,Jumeirah Lake Towers,Apartment,3,1736.0,True,1377000.0,101100.0
2019-06-24,International City,Apartment,2,1182.0,False,516000.0,46600.0
2019-06-24,Jumeirah Village Circle,Apartment,2,1473.0,False,1191000.0,108200.0
2019-06-25,Dubai Marina,Apartment,1,863.0,False,1176000.0,78100.0
2019-06-25,Arabian Ranches,Villa,4,3361.0,True,3354000.0,157600.0
2019-06-26,Business Bay,Townhouse,6,3588.0,False,4575000.0,280300.0
2019-06-26,Dubai Hills Estate,Villa,3,2873.0,False,4497000.0,359300.0
2019-06-26,Business Bay,Townhouse,4,3334.0,True,3813000.0,287800.0
2019-06-26,Jumeirah Lake Towers,Apartment,1,971.0,True,815000.0,62700.0
2019-06-27,Downtown Dubai,Apartment,1,981.0,False,1900000.0,89100.0
2019-06-27,Dubai Marina,Apartment,0,611.0,False,859000.0,58200.0
2019-06-27,Arabian Ranches,Apartment,3,1747.0,False,2035000.0,135700.0
2019-06-27,Dubai South,Apartment,2,1482.0,False,1018000.0,77200.0
2019-06-28,Jumeirah Lake Towers,Apartment,2,1195.0,False,1303000.0,94600.0
2019-07-01,Arabian Ranches,Apartment,3,1885.0,False,1750000.0,105000.0
2019-07-01,Jumeirah Lake Towers,Apartment,1,902.0,False,529000.0,35200.0
2019-07-03,Jumeirah Village Circle,Apartment,1,962.0,True,595000.0,45100.0
2019-07-03,Downtown Dubai,Apartment,2,1309.0,True,2453000.0,139700.0
2019-07-03,Arabian Ranches,Apartment,1,937.0,False,966000.0,57400.0
2019-07-03,Business Bay,Apartment,0,360.0,True,544000.0,32600.0
2019-07-04,Jumeirah Lake Towers,Apartment,2,1304.0,False,1470000.0,112900.0
2019-07-04,Palm Jumeirah,Apartment,1,796.0,True,1994000.0,101300.0
2019-07-04,Arabian Ranches,Apartment,1,753.0,False,717000.0,31400.0
2019-07-04,Dubai South,Villa,3,3369.0,False,2217000.0,167000.0
2019-07-04,Jumeirah Lake Towers,Apartment,3,1911.0,False,1919000.0,144000.0
2019-07-04,Dubai South,Apartment,3,1845.0,False,1360000.0,105300.0
2019-07-04,Business Bay,Apartment,0,520.0,False,701000.0,47400.0
2019-07-05,Arabian Ranches,Apartment,3,1586.0,False,1693000.0,87600.0
2019-07-05,Business Bay,Townhouse,3,2836.0,False,3922000.0,237900.0
2019-07-06,Business Bay,Apartment,1,1047.0,True,1469000.0,95400.0
2019-07-06,Jumeirah Village Circle,Apartment,3,2060.0,True,1427000.0,114000.0
2019-07-08,Palm Jumeirah,Apartment,3,1636.0,False,3690000.0,211400.0
2019-07-08,International City,Apartment,1,835.0,True,309000.0,25000.0
2019-07-08,Arabian Ranches,Apartment,3,1770.0,False,1608000.0,77900.0
2019-07-08,Jumeirah Lake Towers,Apartment,0,473.0,False,477000.0,36300.0
2019-07-08,Dubai Marina,Apartment,0,531.0,False,724000.0,42000.0
2019-07-09,Downtown Dubai,Apartment,3,2043.0,False,3473000.0,201200.0
2019-07-09,International City,Apartment,1,834.0,True,371000.0,37700.0
2019-07-09,Dubai Hills Estate,Apartment,0,415.0,True,459000.0,26600.0
2019-07-09,Business Bay,Apartment,1,1021.0,True,1474000.0,103500.0
2019-07-09,International City,Apartment,1,937.0,False,523000.0,43600.0
2019-07-09,Jumeirah Lake Towers,Apartment,0,552.0,False,581000.0,40700.0
2019-07-10,Business Bay,Apartment,0,447.0,False,590000.0,38200.0
2019-07-10,Jumeirah Village Circle,Apartment,2,1215.0,False,1140000.0,101100.0
2019-07-10,Jumeirah Village Circle,Apartment,1,831.0,False,640000.0,54100.0
2019-07-11,Business Bay,Apartment,1,940.0,False,1585000.0,107700.0
2019-07-12,Arabian Ranches,Apartment,0,420.0,False,412000.0,21200.0
2019-07-12,Dubai Hills Estate,Apartment,1,806.0,False,1029000.0,62200.0
2019-07-13,Dubai Hills Estate,Apartment,3,1697.0,False,2401000.0,150300.0
2019-07-13,Jumeirah Lake Towers,Apartment,2,1296.0,False,1132000.0,103000.0
2019-07-13,Arabian Ranches,Apartment,1,1028.0,True,967000.0,54400.0
2019-07-13,Arabian Ranches,Apartment,3,1690.0,False,2000000.0,96300.0
2019-07-14,Arabian Ranches,Apartment,2,1462.0,True,1205000.0,70800.0
2019-07-14,Jumeirah Village Circle,Apartment,2,1458.0,True,1057000.0,59700.0
2019-07-14,Dubai Hills Estate,Villa,5,3983.0,True,4732000.0,284100.0
2019-07-14,Dubai Hills Estate,Apartment,1,907.0,False,1207000.0,78000.0
2019-07-15,Business Bay,Apartment,1,892.0,False,1156000.0,79700.0
2019-07-15,Jumeirah Village Circle,Townhouse,3,2392.0,False,1692000.0,119000.0
2019-07-15,Business Bay,Apartment,1,815.0,False,1259000.0,90800.0
2019-07-15,Dubai South,Townhouse,4,2970.0,False,1919000.0,155800.0
2019-07-16,International City,Apartment,0,304.0,False,116000.0,8800.0
2019-07-16,Dubai Hills Estate,Villa,4,3878.0,True,5370000.0,314100.0
2019-07-17,Business Bay,Apartment,2,1231.0,False,1666000.0,101500.0
2019-07-17,Palm Jumeirah,Apartment,2,1193.0,True,2604000.0,155800.0
2019-07-17,Dubai South,Apartment,3,1538.0,False,895000.0,65900.0
2019-07-17,Jumeirah Village Circle,Apartment,1,960.0,False,843000.0,60900.0
2019-07-17,Dubai Hills Estate,Apartment,3,1510.0,True,1975000.0,94600.0
2019-07-17,Dubai Hills Estate,Apartment,3,1910.0,False,3342000.0,215700.0
2019-07-18,Business Bay,Apartment,1,862.0,False,1116000.0,71100.0
2019-07-18,Downtown Dubai,Apartment,1,780.0,False,1463000.0,93400.0
2019-07-18,Jumeirah Lake Towers,Apartment,3,1441.0,False,1664000.0,137600.0
2019-07-18,Dubai South,Apartment,1,929.0,False,599000.0,44700.0
2019-07-18,Jumeirah Lake Towers,Apartment,2,1130.0,False,1066000.0,69300.0
2019-07-19,Business Bay,Apartment,3,1619.0,False,2349000.0,151300.0
2019-07-19,Arabian Ranches,Villa,4,3353.0,False,4042000.0,223800.0
2019-07-19,Palm Jumeirah,Apartment,0,538.0,False,1330000.0,63900.0
2019-07-19,Dubai Hills Estate,Apartment,3,1436.0,True,1517000.0,81000.0
2019-07-19,Business Bay,Apartment,0,343.0,False,491000.0,35300.0
2019-07-19,Dubai Hills Estate,Apartment,1,910.0,False,1259000.0,65100.0
2019-07-19,Dubai Hills Estate,Apartment,3,1691.0,False,2091000.0,121400.0
2019-07-20,Dubai South,Apartment,0,330.0,False,219000.0,18500.0
2019-07-20,Arabian Ranches,Apartment,2,1061.0,False,1081000.0,61500.0
2019-07-21,Dubai South,Apartment,2,1433.0,False,1040000.0,71900.0
2019-07-21,Dubai Hills Estate,Apartment,0,418.0,True,532000.0,26800.0
2019-07-21,Business Bay,Apartment,3,1642.0,False,2307000.0,178100.0
2019-07-21,Dubai South,Townhouse,4,3140.0,False,1860000.0,152900.0
2019-07-21,Jumeirah Village Circle,Apartment,3,2159.0,True,1738000.0,151800.0
2019-07-22,Downtown Dubai,Apartment,2,1177.0,False,2742000.0,167300.0
2019-07-23,Downtown Dubai,Townhouse,3,2522.0,False,5582000.0,316900.0
2019-07-24,International City,Apartment,1,688.0,False,299000.0,22800.0
2019-07-24,Business Bay,Apartment,3,1489.0,True,2095000.0,97200.0
2019-07-25,Arabian Ranches,Apartment,0,480.0,False,500000.0,28300.0
2019-07-25,Business Bay,Apartment,3,1610.0,False,2287000.0,176000.0
2019-07-25,Business Bay,Apartment,3,1713.0,False,2030000.0,126900.0
2019-07-25,Dubai Marina,Apartment,1,833.0,False,1087000.0,58600.0
2019-07-26,Business Bay,Apartment,2,1450.0,False,1875000.0,159500.0
2019-07-26,Dubai South,Apartment,0,487.0,False,243000.0,16400.0
2019-07-27,Palm Jumeirah,Villa,5,4015.0,True,11007000.0,592100.0
2019-07-27,Business Bay,Apartment,3,1633.0,True,1919000.0,114800.0
2019-07-27,Dubai South,Apartment,2,1131.0,True,667000.0,58800.0
2019-07-28,Arabian Ranches,Apartment,1,1004.0,True,895000.0,46900.0
2019-07-28,Dubai Hills Estate,Villa,5,3993.0,False,5493000.0,293600.0
2019-07-28,Palm Jumeirah,Villa,5,3603.0,True,7606000.0,412100.0
2019-07-28,Arabian Ranches,Apartment,1,951.0,False,1101000.0,54900.0
2019-08-01,Jumeirah Lake Towers,Apartment,1,871.0,False,847000.0,57500.0
2019-08-01,Arabian Ranches,Villa,5,3543.0,True,3275000.0,154800.0
2019-08-01,Dubai Marina,Apartment,2,1341.0,True,1622000.0,106900.0
2019-08-01,Business Bay,Apartment,2,1331.0,False,1757000.0,124500.0
2019-08-01,International City,Apartment,3,1697.0,False,857000.0,69600.0
2019-08-02,Business Bay,Apartment,2,1577.0,False,2307000.0,159100.0
2019-08-02,Arabian Ranches,Apartment,0,425.0,False,450000.0,28600.0
2019-08-02,Dubai Marina,Apartment,3,1643.0,False,2074000.0,126200.0
2019-08-03,Palm Jumeirah,Villa,6,4148.0,False,11911000.0,581500.0
2019-08-03,Business Bay,Apartment,1,920.0,False,982000.0,62200.0
2019-08-03,Business Bay,Apartment,2,1031.0,False,1673000.0,112700.0
2019-08-04,Business Bay,Apartment,2,1241.0,False,1758000.0,108000.0
2019-08-04,Dubai Marina,Apartment,0,385.0,False,754000.0,56900.0
2019-08-04,Dubai South,Apartment,3,1686.0,True,946000.0,75000.0
2019-08-04,Arabian Ranches,Villa,3,2910.0,False,2928000.0,141900.0
2019-08-04,Downtown Dubai,Apartment,1,968.0,False,2082000.0,120800.0
2019-08-04,Dubai Hills Estate,Villa,4,3485.0,True,3762000.0,214900.0
2019-08-05,Dubai South,Villa,3,2850.0,False,1919000.0,125700.0
2019-08-06,Dubai Marina,Apartment,1,1059.0,True,1415000.0,81400.0
2019-08-06,Dubai Hills Estate,Apartment,3,1581.0,False,2512000.0,168800.0
2019-08-06,Business Bay,Apartment,1,862.0,False,1246000.0,78900.0
2019-08-06,Arabian Ranches,Apartment,0,521.0,False,547000.0,28300.0
2019-08-06,International City,Apartment,0,352.0,False,208000.0,19400.0
2019-08-07,Dubai Marina,Apartment,0,429.0,False,787000.0,52300.0
2019-08-08,Palm Jumeirah,Apartment,2,1188.0,False,3284000.0,183300.0
2019-08-08,Business Bay,Apartment,2,1384.0,False,1868000.0,131900.0
2019-08-08,Jumeirah Lake Towers,Apartment,0,350.0,True,310000.0,22300.0
2019-08-09,Dubai Marina,Apartment,3,2089.0,False,3512000.0,215000.0
2019-08-09,Downtown Dubai,Apartment,3,1532.0,False,3046000.0,153900.0
2019-08-09,Business Bay,Apartment,3,1895.0,False,2485000.0,174200.0
2019-08-09,Dubai Marina,Apartment,1,940.0,False,1085000.0,75200.0
2019-08-09,Dubai Marina,Apartment,2,1333.0,True,1642000.0,95600.0
2019-08-09,Palm Jumeirah,Townhouse,3,2063.0,False,4760000.0,235500.0
2019-08-10,Downtown Dubai,Apartment,1,691.0,False,1460000.0,82100.0
2019-08-10,Jumeirah Village Circle,Apartment,1,798.0,False,695000.0,51400.0
2019-08-11,Dubai Hills Estate,Apartment,2,1235.0,False,1547000.0,95100.0
2019-08-11,Dubai Hills Estate,Apartment,3,1865.0,False,3081000.0,155800.0
2019-08-11,Jumeirah Lake Towers,Apartment,1,831.0,False,846000.0,57100.0
2019-08-11,Palm Jumeirah,Villa,3,3024.0,False,5731000.0,287400.0
2019-08-11,Dubai Marina,Apartment,0,487.0,False,674000.0,39600.0
2019-08-12,Palm Jumeirah,Apartment,0,300.0,False,950000.0,49600.0
2019-08-12,Dubai Hills Estate,Apartment,1,973.0,False,1153000.0,67200.0
2019-08-12,Jumeirah Lake Towers,Apartment,0,516.0,False,548000.0,43000.0
2019-08-12,Palm Jumeirah,Apartment,2,1690.0,True,3797000.0,211400.0
2019-08-12,Arabian Ranches,Townhouse,6,2834.0,True,2588000.0,153900.0
2019-08-12,Dubai Hills Estate,Apartment,3,1690.0,False,1997000.0,101700.0
2019-08-13,Arabian Ranches,Apartment,0,579.0,True,594000.0,30700.0
2019-08-13,Jumeirah Lake Towers,Apartment,0,358.0,False,339000.0,23400.0
2019-08-13,Downtown Dubai,Apartment,3,1713.0,True,3807000.0,212800.0
2019-08-13,Arabian Ranches,Apartment,1,908.0,False,1022000.0,55800.0
2019-08-13,Dubai South,Apartment,3,1745.0,False,1183000.0,71500.0
2019-08-14,International City,Apartment,1,1021.0,True,301000.0,23800.0
2019-08-14,International City,Apartment,2,1405.0,True,668000.0,64500.0
2019-08-15,Downtown Dubai,Apartment,1,998.0,False,2187000.0,133100.0
2019-08-15,Dubai South,Apartment,2,1567.0,False,1144000.0,80800.0
2019-08-15,Arabian Ranches,Apartment,2,1124.0,False,1232000.0,74200.0
2019-08-15,Business Bay,Apartment,3,1927.0,True,2345000.0,167900.0
2019-08-15,Downtown Dubai,Apartment,2,1308.0,False,2301000.0,114700.0
2019-08-16,Dubai Marina,Apartment,3,2055.0,True,2654000.0,137500.0
2019-08-17,Jumeirah Village Circle,Apartment,3,1609.0,True,985000.0,104800.0
2019-08-18,Dubai South,Apartment,1,891.0,False,558000.0,41300.0
2019-08-18,Dubai South,Villa,4,3342.0,False,2019000.0,142000.0
2019-08-18,Jumeirah Village Circle,Apartment,2,1205.0,False,882000.0,50100.0
2019-08-19,Dubai South,Apartment,2,1339.0,False,916000.0,64700.0
2019-08-19,Dubai South,Apartment,0,366.0,False,274000.0,20700.0
2019-08-19,Arabian Ranches,Villa,3,2823.0,False,3249000.0,151200.0
2019-08-19,Jumeirah Lake Towers,Apartment,0,458.0,False,434000.0,29200.0
2019-08-19,Palm Jumeirah,Townhouse,3,2383.0,False,5261000.0,271500.0
2019-08-19,Dubai Marina,Apartment,2,1167.0,False,1766000.0,114300.0
2019-08-19,Downtown Dubai,Apartment,1,825.0,False,1533000.0,78700.0
2019-08-20,Dubai Marina,Apartment,0,514.0,True,730000.0,47300.0
2019-08-20,Palm Jumeirah,Villa,5,3742.0,True,8090000.0,378900.0
2019-08-21,Palm Jumeirah,Apartment,1,935.0,False,2239000.0,105900.0
2019-08-21,Dubai Hills Estate,Apartment,0,422.0,False,642000.0,38000.0
2019-08-21,Dubai Marina,Apartment,3,1508.0,False,1996000.0,139800.0
2019-08-22,Dubai Hills Estate,Apartment,2,1189.0,False,1925000.0,135100.0
2019-08-22,Dubai South,Apartment,3,1558.0,True,944000.0,53100.0
2019-08-22,Dubai South,Villa,4,3488.0,True,1873000.0,137900.0
2019-08-22,Downtown Dubai,Apartment,2,1317.0,False,2552000.0,149900.0
2019-08-23,Downtown Dubai,Apartment,2,1392.0,False,2375000.0,138600.0
2019-08-23,Dubai Marina,Apartment,2,1256.0,False,2004000.0,131600.0
2019-08-23,Business Bay,Apartment,3,1665.0,False,2129000.0,143300.0
2019-08-23,Business Bay,Apartment,2,1294.0,True,1714000.0,122700.0
2019-08-24,International City,Apartment,2,1472.0,True,631000.0,57800.0
2019-08-24,Palm Jumeirah,Apartment,0,333.0,True,628000.0,28100.0
2019-08-24,International City,Apartment,0,440.0,False,228000.0,17500.0
2019-08-24,Jumeirah Village Circle,Apartment,2,1172.0,False,1165000.0,97300.0
2019-08-24,Dubai Marina,Apartment,0,341.0,True,451000.0,30300.0
2019-08-24,Business Bay,Apartment,1,1021.0,False,1475000.0,79600.0
2019-08-25,Dubai South,Apartment,0,409.0,True,253000.0,20200.0
2019-08-25,Downtown Dubai,Apartment,1,842.0,False,1464000.0,85100.0
2019-08-25,Arabian Ranches,Apartment,3,1506.0,False,1556000.0,92800.0
2019-08-25,Jumeirah Village Circle,Apartment,3,1913.0,False,1837000.0,160200.0
2019-08-26,Palm Jumeirah,Apartment,1,822.0,True,1413000.0,63200.0
2019-08-26,Arabian Ranches,Villa,4,3782.0,True,3741000.0,211500.0
2019-08-26,Dubai South,Villa,3,3391.0,False,2388000.0,182600.0
2019-08-26,Business Bay,Apartment,1,942.0,False,1482000.0,96900.0
2019-08-27,Downtown Dubai,Apartment,2,1399.0,False,2994000.0,196400.0
2019-08-27,Arabian Ranches,Apartment,2,1092.0,False,1170000.0,66700.0
2019-08-27,Downtown Dubai,Apartment,3,1912.0,False,4453000.0,286000.0
2019-08-27,Palm Jumeirah,Villa,4,3780.0,False,9155000.0,405000.0
2019-08-27,International City,Apartment,0,443.0,True,200000.0,19100.0
2019-08-27,Jumeirah Lake Towers,Apartment,2,1473.0,False,1262000.0,97100.0
2019-08-28,Dubai Hills Estate,Villa,3,3373.0,False,4088000.0,233400.0
2019-08-28,Downtown Dubai,Apartment,1,902.0,False,2294000.0,136100.0
2019-08-28,Palm Jumeirah,Apartment,1,760.0,False,1992000.0,99700.0
2019-08-28,Business Bay,Apartment,3,2026.0,False,3004000.0,203000.0
2019-08-28,Downtown Dubai,Apartment,3,1737.0,True,3076000.0,188700.0
2019-08-28,Palm Jumeirah,Villa,5,4133.0,False,9391000.0,448300.0
2019-08-28,Jumeirah Village Circle,Apartment,1,910.0,False,745000.0,60800.0
2019-08-28,Jumeirah Lake Towers,Apartment,0,411.0,False,439000.0,27300.0
2019-09-01,International City,Apartment,0,447.0,False,248000.0,17700.0
2019-09-01,Business Bay,Apartment,3,1390.0,True,1979000.0,144800.0
2019-09-01,International City,Apartment,3,1597.0,False,703000.0,67800.0
2019-09-01,International City,Apartment,0,552.0,False,248000.0,23200.0
2019-09-01,International City,Apartment,3,1445.0,True,534000.0,50200.0
2019-09-02,International City,Apartment,1,811.0,False,361000.0,32400.0
2019-09-04,Dubai Hills Estate,Apartment,1,1091.0,False,1838000.0,116200.0
2019-09-04,Arabian Ranches,Villa,3,3293.0,True,2690000.0,131700.0
2019-09-05,Downtown Dubai,Apartment,3,1396.0,True,2589000.0,123800.0
2019-09-05,Downtown Dubai,Apartment,3,1877.0,False,4042000.0,246500.0
2019-09-05,Jumeirah Village Circle,Apartment,2,1261.0,False,950000.0,68000.0
2019-09-06,Jumeirah Lake Towers,Apartment,2,1272.0,True,1208000.0,95600.0
2019-09-06,Dubai Marina,Apartment,1,838.0,False,1187000.0,72200.0
2019-09-06,Business Bay,Apartment,1,866.0,False,1297000.0,84900.0
2019-09-06,Jumeirah Lake Towers,Apartment,0,501.0,False,485000.0,36600.0
2019-09-06,Arabian Ranches,Apartment,2,1191.0,False,1155000.0,62300.0
2019-09-07,International City,Apartment,1,877.0,False,579000.0,45000.0
2019-09-07,Business Bay,Apartment,2,1384.0,True,2212000.0,129200.0
2019-09-07,Arabian Ranches,Apartment,3,1578.0,True,1579000.0,77900.0
2019-09-07,Dubai South,Apartment,2,1270.0,False,756000.0,52200.0
2019-09-07,Dubai Marina,Apartment,0,300.0,False,507000.0,34300.0
2019-09-08,Palm Jumeirah,Apartment,3,1746.0,False,4519000.0,205800.0
2019-09-08,Jumeirah Village Circle,Apartment,3,1771.0,False,1191000.0,95500.0
2019-09-08,Business Bay,Apartment,0,362.0,False,489000.0,29500.0
2019-09-08,Dubai Hills Estate,Apartment,3,1666.0,False,2097000.0,131800.0
2019-09-08,Downtown Dubai,Apartment,3,1443.0,False,2731000.0,154500.0
2019-09-09,Business Bay,Apartment,1,822.0,False,1094000.0,85700.0
2019-09-10,Arabian Ranches,Townhouse,4,3254.0,False,3346000.0,175400.0
2019-09-10,Dubai Hills Estate,Apartment,3,1464.0,False,1689000.0,100700.0
2019-09-10,International City,Apartment,2,1360.0,False,541000.0,42500.0
2019-09-10,Arabian Ranches,Apartment,2,1317.0,True,1143000.0,65800.0
2019-09-11,International City,Apartment,1,901.0,True,370000.0,28900.0
2019-09-11,Arabian Ranches,Apartment,2,1591.0,True,1628000.0,99100.0
2019-09-12,Palm Jumeirah,Villa,4,3446.0,False,7168000.0,361700.0
2019-09-12,Dubai Hills Estate,Apartment,2,1194.0,False,1742000.0,118100.0
2019-09-12,International City,Apartment,0,420.0,False,176000.0,16800.0
2019-09-13,Jumeirah Lake Towers,Apartment,2,1151.0,False,1318000.0,98100.0
2019-09-13,Jumeirah Village Circle,Apartment,3,1641.0,False,1159000.0,93800.0
2019-09-13,Dubai Marina,Apartment,1,768.0,False,1118000.0,66100.0
2019-09-13,Dubai South,Villa,3,2954.0,False,1954000.0,160000.0
2019-09-14,Dubai Hills Estate,Apartment,3,1625.0,True,2016000.0,134800.0
2019-09-14,International City,Apartment,0,598.0,False,190000.0,19400.0
2019-09-14,Jumeirah Lake Towers,Apartment,2,1403.0,False,1321000.0,80800.0
2019-09-15,Palm Jumeirah,Apartment,1,855.0,False,2179000.0,86600.0
2019-09-15,Jumeirah Lake Towers,Apartment,2,1230.0,False,1304000.0,83800.0
2019-09-15,International City,Apartment,1,706.0,False,305000.0,26900.0
2019-09-16,Downtown Dubai,Townhouse,5,3226.0,False,5916000.0,301300.0
2019-09-16,Palm Jumeirah,Villa,6,4792.0,True,10437000.0,597500.0
2019-09-16,Dubai Marina,Apartment,1,823.0,False,1090000.0,60400.0
2019-09-16,Downtown Dubai,Apartment,1,734.0,False,1408000.0,78600.0
2019-09-16,Jumeirah Lake Towers,Apartment,0,416.0,False,470000.0,35700.0
2019-09-17,Dubai South,Apartment,3,1871.0,True,1200000.0,107400.0
2019-09-17,Business Bay,Apartment,2,1147.0,True,1580000.0,98000.0
2019-09-17,Dubai South,Apartment,1,940.0,False,618000.0,42400.0
2019-09-19,Dubai Marina,Apartment,1,952.0,False,1334000.0,80300.0
2019-09-19,Jumeirah Lake Towers,Apartment,3,1498.0,False,1458000.0,93100.0
2019-09-19,Business Bay,Apartment,3,1616.0,True,2068000.0,128200.0
2019-09-19,Dubai South,Apartment,1,1014.0,False,614000.0,43800.0
2019-09-19,Downtown Dubai,Apartment,1,700.0,True,1276000.0,65700.0
2019-09-19,Palm Jumeirah,Apartment,1,972.0,False,2306000.0,117700.0
2019-09-19,Downtown Dubai,Apartment,2,1186.0,False,3184000.0,182100.0
2019-09-20,International City,Apartment,2,1481.0,False,772000.0,67700.0
2019-09-20,Arabian Ranches,Apartment,1,928.0,True,786000.0,45000.0
2019-09-20,Jumeirah Lake Towers,Apartment,2,1315.0,False,1471000.0,100300.0
2019-09-20,Business Bay,Apartment,0,501.0,False,820000.0,52700.0
2019-09-20,Palm Jumeirah,Apartment,0,482.0,False,997000.0,48000.0
2019-09-21,Downtown Dubai,Apartment,3,1510.0,True,2228000.0,122000.0
2019-09-21,Business Bay,Townhouse,4,3128.0,True,4500000.0,269000.0
2019-09-21,Downtown Dubai,Apartment,3,1858.0,True,3080000.0,142400.0
2019-09-21,Dubai Hills Estate,Apartment,3,1501.0,False,2314000.0,136000.0
2019-09-22,Business Bay,Apartment,3,1647.0,True,1961000.0,130500.0
2019-09-22,Dubai Hills Estate,Apartment,1,740.0,True,753000.0,40200.0
2019-09-22,Jumeirah Lake Towers,Apartment,0,495.0,False,523000.0,41600.0
2019-09-22,Jumeirah Village Circle,Apartment,0,575.0,False,367000.0,31800.0
2019-09-22,Dubai Hills Estate,Apartment,2,1094.0,True,1097000.0,57700.0
2019-09-24,Dubai South,Apartment,1,830.0,False,511000.0,38100.0
2019-09-24,Dubai Marina,Apartment,3,1565.0,True,2103000.0,121600.0
2019-09-24,International City,Apartment,2,1564.0,False,694000.0,65200.0
2019-09-25,Jumeirah Village Circle,Apartment,1,764.0,False,733000.0,65400.0
2019-09-25,Dubai South,Apartment,2,1233.0,False,821000.0,50500.0
2019-09-25,Dubai Hills Estate,Apartment,3,1767.0,False,2350000.0,135800.0
2019-09-25,Arabian Ranches,Apartment,2,1375.0,False,1150000.0,65100.0
2019-09-25,Palm Jumeirah,Apartment,0,531.0,False,1312000.0,66000.0
2019-09-25,Palm Jumeirah,Apartment,3,1310.0,False,2916000.0,158200.0
2019-09-25,Jumeirah Lake Towers,Apartment,1,786.0,False,925000.0,76400.0
2019-09-25,Jumeirah Village Circle,Apartment,1,845.0,True,664000.0,50400.0
2019-09-26,Dubai Marina,Apartment,2,1307.0,False,1911000.0,116600.0
2019-09-26,Dubai Hills Estate,Apartment,3,1605.0,False,2464000.0,159200.0
2019-09-26,Dubai Marina,Apartment,0,358.0,False,533000.0,34200.0
2019-09-26,Business Bay,Apartment,3,1492.0,False,2226000.0,155200.0
2019-09-26,Business Bay,Apartment,0,402.0,False,676000.0,50500.0
2019-09-28,Palm Jumeirah,Apartment,1,778.0,False,1654000.0,84300.0
2019-09-28,International City,Apartment,0,389.0,False,169000.0,12900.0
2019-10-01,Dubai South,Villa,5,3868.0,False,2976000.0,236400.0
2019-10-01,Jumeirah Village Circle,Apartment,0,446.0,False,444000.0,30300.0
2019-10-01,Dubai South,Apartment,2,869.0,False,578000.0,48400.0
2019-10-02,Arabian Ranches,Apartment,3,1336.0,False,1653000.0,87200.0
2019-10-02,International City,Apartment,3,1928.0,True,963000.0,94100.0
2019-10-02,Dubai Hills Estate,Villa,6,4651.0,False,6563000.0,350500.0
2019-10-02,Palm Jumeirah,Villa,5,3291.0,False,7369000.0,385800.0
2019-10-03,Palm Jumeirah,Apartment,2,1340.0,False,2933000.0,141400.0
2019-10-03,Jumeirah Village Circle,Apartment,0,387.0,False,383000.0,30200.0
2019-10-03,Downtown Dubai,Apartment,3,1708.0,False,4362000.0,225000.0
2019-10-03,Dubai Hills Estate,Apartment,1,900.0,False,1346000.0,74900.0
2019-10-03,Jumeirah Village Circle,Apartment,2,1306.0,False,847000.0,71200.0
2019-10-03,Downtown Dubai,Apartment,1,829.0,False,1929000.0,99900.0
2019-10-03,International City,Apartment,3,1991.0,False,1147000.0,115100.0
2019-10-04,Jumeirah Lake Towers,Apartment,0,395.0,True,362000.0,25200.0
2019-10-04,Jumeirah Lake Towers,Apartment,3,1488.0,False,1374000.0,100400.0
2019-10-04,Dubai Hills Estate,Apartment,3,1736.0,False,2416000.0,136700.0
2019-10-05,Palm Jumeirah,Apartment,3,1826.0,False,4191000.0,207100.0
2019-10-05,Jumeirah Village Circle,Apartment,1,709.0,False,452000.0,33500.0
2019-10-05,Jumeirah Lake Towers,Apartment,0,454.0,False,518000.0,37400.0
2019-10-05,Jumeirah Lake Towers,Apartment,0,456.0,False,545000.0,39600.0
2019-10-05,Jumeirah Village Circle,Apartment,2,1400.0,False,1077000.0,95300.0
2019-10-05,Jumeirah Lake Towers,Apartment,3,1826.0,False,1873000.0,134700.0
2019-10-06,Dubai Marina,Apartment,2,1293.0,False,2098000.0,129400.0
2019-10-06,Dubai Hills Estate,Apartment,1,1192.0,False,1294000.0,85800.0
2019-10-07,Dubai Marina,Apartment,1,1064.0,False,1820000.0,110400.0
2019-10-07,International City,Townhouse,3,2416.0,False,1010000.0,83400.0
2019-10-07,Arabian Ranches,Villa,4,3838.0,False,3579000.0,209600.0
2019-10-07,International City,Apartment,2,1289.0,True,471000.0,37300.0
2019-10-08,Jumeirah Village Circle,Apartment,0,453.0,False,425000.0,40100.0
2019-10-08,Business Bay,Apartment,0,371.0,False,448000.0,25500.0
2019-10-08,Dubai South,Apartment,1,853.0,False,537000.0,40900.0
2019-10-09,Dubai South,Apartment,2,1373.0,True,852000.0,55900.0
2019-10-09,International City,Apartment,3,1622.0,False,763000.0,79200.0
2019-10-10,Downtown Dubai,Apartment,0,385.0,False,721000.0,46400.0
2019-10-10,Dubai Marina,Apartment,0,445.0,False,742000.0,44600.0
2019-10-10,Arabian Ranches,Apartment,2,1044.0,False,1404000.0,70900.0
2019-10-11,Jumeirah Lake Towers,Apartment,0,410.0,True,340000.0,23900.0
2019-10-11,Dubai South,Apartment,0,406.0,False,231000.0,19600.0
2019-10-11,Business Bay,Apartment,1,948.0,True,1139000.0,87900.0
2019-10-12,Downtown Dubai,Apartment,3,1523.0,False,3654000.0,185900.0
2019-10-12,Dubai Marina,Apartment,3,1451.0,False,2262000.0,128300.0
2019-10-13,Dubai Marina,Apartment,1,941.0,False,1617000.0,98900.0
2019-10-13,International City,Apartment,1,808.0,False,337000.0,28100.0
2019-10-13,Dubai Hills Estate,Apartment,3,1737.0,True,1961000.0,125100.0
2019-10-14,International City,Apartment,3,1497.0,True,638000.0,58700.0
2019-10-14,Jumeirah Village Circle,Apartment,1,1013.0,False,781000.0,66800.0
2019-10-14,Dubai South,Townhouse,5,3519.0,False,2579000.0,217600.0
2019-10-14,Arabian Ranches,Apartment,0,412.0,False,443000.0,21400.0
2019-10-14,Downtown Dubai,Apartment,0,433.0,False,700000.0,46900.0
2019-10-15,Dubai Marina,Apartment,1,818.0,False,1216000.0,68300.0
2019-10-15,Jumeirah Lake Towers,Apartment,1,867.0,False,778000.0,55400.0
2019-10-15,Dubai Marina,Townhouse,6,3891.0,False,5843000.0,342200.0
2019-10-15,Dubai Hills Estate,Apartment,0,568.0,True,679000.0,38100.0
2019-10-15,Palm Jumeirah,Apartment,1,753.0,False,1765000.0,95500.0
2019-10-16,Jumeirah Lake Towers,Apartment,1,881.0,False,741000.0,53200.0
2019-10-16,Dubai Hills Estate,Apartment,2,1267.0,False,1610000.0,93300.0
2019-10-16,Dubai Hills Estate,Villa,3,2518.0,False,2973000.0,182200.0
2019-10-17,Downtown Dubai,Apartment,1,840.0,True,1782000.0,97700.0
2019-10-17,Jumeirah Lake Towers,Apartment,1,828.0,True,878000.0,65400.0
2019-10-17,Dubai South,Apartment,0,569.0,False,319000.0,24200.0
2019-10-17,International City,Apartment,3,1650.0,False,638000.0,51900.0
2019-10-17,Dubai Marina,Apartment,0,395.0,False,575000.0,37600.0
2019-10-17,Dubai Marina,Apartment,2,1316.0,False,2116000.0,105200.0
2019-10-17,Arabian Ranches,Villa,6,3634.0,False,3661000.0,194300.0
2019-10-17,Palm Jumeirah,Apartment,0,455.0,False,1215000.0,54000.0
2019-10-18,Jumeirah Village Circle,Apartment,3,1727.0,False,1309000.0,105600.0
2019-10-18,Dubai South,Apartment,1,758.0,False,487000.0,46500.0
2019-10-19,Dubai South,Apartment,2,1386.0,True,792000.0,45800.0
2019-10-19,Arabian Ranches,Apartment,1,856.0,False,844000.0,45500.0
2019-10-20,Jumeirah Village Circle,Apartment,2,1286.0,True,850000.0,75400.0
2019-10-20,Jumeirah Lake Towers,Apartment,3,1741.0,True,1730000.0,125500.0
2019-10-20,Dubai Marina,Apartment,3,2154.0,True,2881000.0,197500.0
2019-10-21,Jumeirah Village Circle,Apartment,3,1743.0,True,1427000.0,115500.0
2019-10-21,International City,Apartment,0,498.0,False,224000.0,17800.0
2019-10-21,Palm Jumeirah,Villa,6,4737.0,False,12048000.0,514300.0
2019-10-21,International City,Apartment,2,1477.0,False,700000.0,72300.0
2019-10-21,Dubai Marina,Apartment,2,1339.0,True,2287000.0,141500.0
2019-10-22,Palm Jumeirah,Apartment,1,703.0,False,1630000.0,79400.0
2019-10-22,Jumeirah Village Circle,Apartment,3,1365.0,True,932000.0,90800.0
2019-10-22,Arabian Ranches,Apartment,1,966.0,True,1027000.0,63200.0
2019-10-22,Arabian Ranches,Villa,5,3676.0,False,4284000.0,272200.0
2019-10-22,Arabian Ranches,Villa,4,3503.0,False,3765000.0,182700.0
2019-10-22,Palm Jumeirah,Apartment,0,404.0,False,1089000.0,55700.0
2019-10-22,Arabian Ranches,Apartment,1,834.0,True,816000.0,43300.0
2019-10-22,Downtown Dubai,Apartment,0,333.0,False,788000.0,40300.0
2019-10-23,Arabian Ranches,Apartment,0,492.0,False,444000.0,29600.0
2019-10-24,Jumeirah Lake Towers,Apartment,3,1532.0,False,1414000.0,98900.0
2019-10-24,Arabian Ranches,Apartment,1,919.0,False,898000.0,49500.0
2019-10-25,Jumeirah Lake Towers,Apartment,0,519.0,False,422000.0,30500.0
2019-10-25,Business Bay,Apartment,0,370.0,False,442000.0,26200.0
2019-10-26,Downtown Dubai,Apartment,1,835.0,True,1644000.0,101300.0
2019-10-26,Business Bay,Apartment,3,1877.0,True,2922000.0,195900.0
2019-10-26,Arabian Ranches,Apartment,1,924.0,False,1021000.0,55500.0
2019-10-26,Arabian Ranches,Apartment,1,861.0,False,945000.0,62800.0
2019-10-27,Jumeirah Lake Towers,Apartment,2,1089.0,False,1142000.0,75000.0
2019-10-27,Business Bay,Apartment,1,800.0,False,1215000.0,84600.0
2019-10-28,Dubai Hills Estate,Apartment,3,1694.0,False,2431000.0,128900.0
2019-10-28,Dubai South,Apartment,1,768.0,True,412000.0,26600.0
2019-10-28,Jumeirah Lake Towers,Apartment,0,370.0,False,362000.0,26400.0
2019-11-01,Business Bay,Apartment,0,423.0,False,723000.0,43900.0
2019-11-01,International City,Apartment,0,351.0,False,150000.0,11800.0
2019-11-01,International City,Apartment,1,860.0,False,322000.0,29600.0
2019-11-01,Business Bay,Apartment,2,1457.0,False,2127000.0,124800.0
2019-11-01,Palm Jumeirah,Apartment,3,1763.0,False,4626000.0,215500.0
2019-11-01,Dubai Marina,Apartment,3,1522.0,False,2720000.0,167300.0
2019-11-01,International City,Apartment,0,488.0,False,196000.0,17000.0
2019-11-02,Jumeirah Village Circle,Apartment,2,1266.0,False,970000.0,79900.0
2019-11-02,Dubai Marina,Apartment,1,872.0,False,1253000.0,76500.0
2019-11-02,Arabian Ranches,Villa,3,3039.0,False,2607000.0,150200.0
2019-11-03,Dubai South,Apartment,0,490.0,False,322000.0,26100.0
2019-11-03,Jumeirah Village Circle,Apartment,0,364.0,True,272000.0,19400.0
2019-11-03,Jumeirah Village Circle,Apartment,3,1660.0,False,1269000.0,113000.0
2019-11-03,Jumeirah Village Circle,Apartment,2,1124.0,False,786000.0,79900.0
2019-11-03,Downtown Dubai,Apartment,1,913.0,False,1757000.0,105100.0
2019-11-04,Arabian Ranches,Apartment,0,354.0,False,342000.0,18600.0
2019-11-04,International City,Apartment,2,1178.0,True,534000.0,40400.0
2019-11-04,Downtown Dubai,Apartment,3,1513.0,True,2871000.0,133200.0
2019-11-05,Business Bay,Apartment,1,867.0,False,1123000.0,72200.0
2019-11-05,Jumeirah Village Circle,Apartment,1,927.0,False,878000.0,79800.0
2019-11-05,Business Bay,Apartment,3,1463.0,False,2051000.0,115100.0
2019-11-06,Dubai South,Villa,6,4207.0,True,2656000.0,176700.0
2019-11-06,International City,Apartment,1,1003.0,False,485000.0,41200.0
2019-11-06,International City,Apartment,1,833.0,False,326000.0,34100.0
2019-11-06,Dubai Marina,Apartment,3,1738.0,False,2772000.0,171500.0
2019-11-07,Business Bay,Apartment,2,1358.0,False,1801000.0,112900.0
2019-11-07,Business Bay,Apartment,3,1950.0,False,2752000.0,186900.0
2019-11-07,Dubai Marina,Apartment,1,818.0,False,1567000.0,100400.0
2019-11-07,Dubai South,Apartment,3,1382.0,False,1035000.0,89700.0
2019-11-08,Dubai South,Townhouse,4,3020.0,False,1790000.0,118200.0
2019-11-09,Palm Jumeirah,Apartment,0,493.0,False,1202000.0,60800.0
2019-11-09,Jumeirah Lake Towers,Apartment,1,926.0,False,735000.0,50500.0
2019-11-10,Dubai Marina,Apartment,0,363.0,False,532000.0,34200.0
2019-11-10,Dubai Marina,Apartment,2,1371.0,False,1789000.0,133900.0
2019-11-10,Arabian Ranches,Villa,4,3722.0,False,3333000.0,146000.0
2019-11-11,Arabian Ranches,Apartment,3,1988.0,False,2036000.0,105500.0
2019-11-11,Business Bay,Apartment,0,548.0,False,859000.0,50600.0
2019-11-11,Business Bay,Apartment,1,1005.0,True,1588000.0,86700.0
2019-11-11,International City,Apartment,3,1827.0,True,812000.0,69700.0
2019-11-12,Jumeirah Lake Towers,Apartment,3,1492.0,False,1835000.0,146300.0
2019-11-13,Dubai Marina,Apartment,0,452.0,True,520000.0,35200.0
2019-11-13,Palm Jumeirah,Apartment,2,1279.0,False,2976000.0,138100.0
2019-11-13,Palm Jumeirah,Apartment,1,782.0,False,1907000.0,89900.0
2019-11-14,Jumeirah Lake Towers,Apartment,0,530.0,False,462000.0,31000.0
2019-11-14,Dubai South,Apartment,2,1286.0,True,723000.0,59600.0
2019-11-14,International City,Apartment,2,1151.0,True,447000.0,44200.0
2019-11-14,Palm Jumeirah,Apartment,1,767.0,False,2081000.0,82800.0
2019-11-15,Arabian Ranches,Apartment,2,1287.0,False,1210000.0,62300.0
2019-11-15,Dubai Hills Estate,Apartment,3,1708.0,False,2356000.0,131800.0
2019-11-15,Dubai Marina,Apartment,3,2064.0,False,2870000.0,180800.0
2019-11-15,Palm Jumeirah,Apartment,1,770.0,False,1853000.0,89800.0
2019-11-15,Downtown Dubai,Apartment,3,1631.0,True,3991000.0,230300.0
2019-11-16,Jumeirah Lake Towers,Apartment,2,1074.0,False,1133000.0,75300.0
2019-11-16,Palm Jumeirah,Apartment,3,1573.0,True,3124000.0,172100.0
2019-11-17,Dubai Hills Estate,Townhouse,6,3362.0,False,5259000.0,273200.0
2019-11-18,Dubai Marina,Apartment,0,372.0,False,609000.0,36200.0
2019-11-18,International City,Apartment,2,1302.0,False,568000.0,50700.0
2019-11-18,Dubai South,Villa,5,4061.0,False,2730000.0,181900.0
2019-11-18,Arabian Ranches,Apartment,3,1812.0,False,1870000.0,103100.0
2019-11-18,Arabian Ranches,Villa,4,3127.0,False,3642000.0,187700.0
2019-11-18,International City,Apartment,2,1242.0,False,529000.0,50500.0
2019-11-19,Downtown Dubai,Apartment,2,1182.0,False,2628000.0,138400.0
2019-11-19,International City,Apartment,3,1414.0,False,668000.0,62500.0
2019-11-19,Jumeirah Lake Towers,Apartment,0,450.0,True,432000.0,31400.0
2019-11-19,Jumeirah Village Circle,Apartment,3,1743.0,False,1526000.0,118600.0
2019-11-20,Palm Jumeirah,Apartment,3,1657.0,True,3185000.0,151800.0
2019-11-20,Business Bay,Apartment,0,646.0,True,998000.0,74100.0
2019-11-20,International City,Apartment,3,1482.0,False,655000.0,54500.0
2019-11-20,Downtown Dubai,Apartment,1,887.0,False,1880000.0,113600.0
2019-11-20,Dubai Marina,Townhouse,6,3920.0,False,5487000.0,351200.0
2019-11-20,Jumeirah Lake Towers,Apartment,0,557.0,False,615000.0,48300.0
2019-11-21,Palm Jumeirah,Apartment,0,325.0,False,721000.0,40400.0
2019-11-21,Dubai Hills Estate,Apartment,0,503.0,False,540000.0,30100.0
2019-11-22,Business Bay,Apartment,3,1759.0,True,2565000.0,150200.0
2019-11-22,Jumeirah Lake Towers,Apartment,1,985.0,False,988000.0,70000.0
2019-11-22,Jumeirah Village Circle,Apartment,1,873.0,False,684000.0,49000.0
2019-11-24,International City,Apartment,1,981.0,False,416000.0,32900.0
2019-11-24,Arabian Ranches,Apartment,0,504.0,False,559000.0,28200.0
2019-11-24,Palm Jumeirah,Apartment,1,899.0,True,2097000.0,88100.0
2019-11-24,Downtown Dubai,Apartment,3,1713.0,False,4689000.0,274500.0
2019-11-24,Dubai Hills Estate,Apartment,3,1743.0,True,2172000.0,118600.0
2019-11-24,Dubai South,Apartment,2,1418.0,False,785000.0,61300.0
2019-11-25,Dubai Marina,Apartment,3,2078.0,False,2955000.0,184400.0
2019-11-25,Dubai Marina,Apartment,1,972.0,False,1566000.0,110000.0
2019-11-25,Business Bay,Apartment,0,537.0,False,699000.0,47600.0
2019-11-25,Palm Jumeirah,Apartment,2,1194.0,True,2965000.0,164800.0
2019-11-25,Downtown Dubai,Apartment,2,1424.0,False,2851000.0,167200.0
2019-11-26,Dubai South,Apartment,1,798.0,False,533000.0,42600.0
2019-11-26,Dubai South,Apartment,0,469.0,True,255000.0,17200.0
2019-11-27,Jumeirah Lake Towers,Apartment,0,476.0,True,426000.0,30600.0
2019-11-27,Dubai South,Apartment,0,356.0,False,213000.0,16100.0
2019-11-27,Arabian Ranches,Apartment,3,1909.0,False,1525000.0,100800.0
2019-11-27,Dubai South,Apartment,1,909.0,False,602000.0,45800.0
2019-11-27,Jumeirah Lake Towers,Apartment,2,1172.0,False,992000.0,88700.0
2019-11-27,Dubai South,Townhouse,5,3327.0,False,2271000.0,167100.0
2019-11-27,Downtown Dubai,Apartment,1,1030.0,True,2229000.0,115300.0
2019-11-28,Jumeirah Lake Towers,Apartment,3,1681.0,False,1698000.0,128200.0
2019-11-28,Dubai Marina,Apartment,1,896.0,True,1130000.0,62400.0
2019-11-28,Downtown Dubai,Apartment,2,1395.0,False,2831000.0,163200.0
2019-12-01,Jumeirah Lake Towers,Apartment,1,990.0,True,795000.0,59200.0
2019-12-01,Palm Jumeirah,Apartment,3,1996.0,False,3718000.0,218300.0
2019-12-01,Jumeirah Lake Towers,Apartment,2,1315.0,False,1512000.0,104700.0
2019-12-01,International City,Apartment,1,761.0,True,334000.0,30900.0
2019-12-01,Palm Jumeirah,Villa,4,3466.0,True,9042000.0,456200.0
2019-12-02,Dubai South,Villa,5,4124.0,True,2245000.0,153200.0
2019-12-02,International City,Apartment,0,460.0,False,179000.0,16500.0
2019-12-02,Business Bay,Apartment,0,310.0,False,452000.0,29800.0
2019-12-03,Jumeirah Lake Towers,Apartment,2,1430.0,False,1427000.0,101200.0
2019-12-03,Palm Jumeirah,Apartment,3,1738.0,False,3786000.0,171000.0
2019-12-03,Jumeirah Lake Towers,Apartment,1,674.0,False,698000.0,49700.0
2019-12-03,Business Bay,Apartment,3,1962.0,False,2717000.0,163300.0
2019-12-04,Jumeirah Village Circle,Apartment,1,1114.0,False,782000.0,62400.0
2019-12-04,Arabian Ranches,Apartment,0,658.0,False,634000.0,36700.0
2019-12-04,Downtown Dubai,Apartment,3,2166.0,False,4740000.0,255400.0
2019-12-04,Dubai South,Apartment,3,1931.0,True,1288000.0,99600.0
2019-12-05,Palm Jumeirah,Apartment,0,566.0,False,1384000.0,80900.0
2019-12-05,Arabian Ranches,Apartment,1,942.0,False,996000.0,47300.0
2019-12-05,Jumeirah Village Circle,Apartment,3,1676.0,False,1321000.0,97500.0
2019-12-05,Downtown Dubai,Apartment,0,353.0,True,687000.0,36800.0
2019-12-05,Business Bay,Apartment,3,1762.0,True,2606000.0,162800.0
2019-12-05,Palm Jumeirah,Apartment,3,1470.0,True,3985000.0,180500.0
2019-12-06,Downtown Dubai,Apartment,0,497.0,True,825000.0,50100.0
2019-12-06,Jumeirah Lake Towers,Apartment,1,778.0,False,671000.0,48000.0
2019-12-07,Jumeirah Lake Towers,Apartment,3,1933.0,False,2008000.0,151000.0
2019-12-08,Palm Jumeirah,Apartment,1,917.0,False,2168000.0,99000.0
2019-12-08,Business Bay,Apartment,2,1228.0,True,1291000.0,71800.0
2019-12-08,Dubai Hills Estate,Apartment,1,787.0,True,1124000.0,73500.0
2019-12-09,Palm Jumeirah,Villa,6,4572.0,False,9501000.0,489000.0
2019-12-09,Business Bay,Apartment,2,1230.0,False,1687000.0,136100.0
2019-12-09,Arabian Ranches,Apartment,1,1155.0,False,1053000.0,55000.0
2019-12-09,Palm Jumeirah,Apartment,3,1478.0,False,3174000.0,172600.0
2019-12-10,Jumeirah Lake Towers,Apartment,2,1233.0,True,1054000.0,77900.0
2019-12-10,Arabian Ranches,Apartment,1,822.0,False,844000.0,48200.0
2019-12-10,International City,Apartment,1,865.0,False,408000.0,31700.0
2019-12-11,Palm Jumeirah,Villa,6,4317.0,False,9824000.0,594300.0
2019-12-11,International City,Apartment,1,779.0,False,291000.0,22700.0
2019-12-11,International City,Townhouse,6,4315.0,False,1938000.0,152900.0
2019-12-11,Dubai Hills Estate,Villa,3,3146.0,True,5434000.0,279400.0
2019-12-12,Dubai South,Villa,4,3299.0,False,1915000.0,149700.0
2019-12-12,Dubai South,Villa,3,3225.0,True,1936000.0,157100.0
2019-12-12,Jumeirah Lake Towers,Apartment,0,528.0,False,481000.0,37900.0
2019-12-12,Dubai Marina,Apartment,2,1220.0,True,1387000.0,77900.0
2019-12-12,Jumeirah Village Circle,Apartment,0,539.0,False,362000.0,29300.0
2019-12-12,Business Bay,Apartment,3,1619.0,False,2430000.0,151400.0
2019-12-12,Arabian Ranches,Apartment,0,366.0,False,397000.0,20900.0
2019-12-12,Jumeirah Village Circle,Apartment,2,1384.0,False,1127000.0,95100.0
2019-12-12,Dubai South,Apartment,3,1968.0,False,1348000.0,125500.0
2019-12-13,Jumeirah Lake Towers,Apartment,1,1000.0,False,1013000.0,64700.0
2019-12-13,Dubai South,Apartment,0,462.0,False,259000.0,20400.0
2019-12-13,Arabian Ranches,Apartment,3,1898.0,False,2020000.0,103900.0
2019-12-13,Dubai South,Apartment,3,1843.0,False,1135000.0,111700.0
2019-12-14,Jumeirah Village Circle,Apartment,2,1265.0,False,875000.0,73600.0
2019-12-14,Jumeirah Lake Towers,Apartment,0,446.0,False,420000.0,28600.0
2019-12-14,Dubai South,Townhouse,4,2800.0,False,1718000.0,126400.0
2019-12-15,Dubai Marina,Apartment,1,994.0,False,1313000.0,84700.0
2019-12-15,Dubai Hills Estate,Apartment,3,1612.0,False,2026000.0,119700.0
2019-12-15,Jumeirah Lake Towers,Apartment,0,479.0,False,491000.0,38900.0
2019-12-15,International City,Apartment,0,457.0,False,185000.0,16900.0
2019-12-15,Jumeirah Lake Towers,Apartment,3,1926.0,True,1414000.0,109800.0
2019-12-16,Downtown Dubai,Apartment,1,733.0,False,1409000.0,80300.0
2019-12-16,Dubai South,Villa,5,4075.0,False,2112000.0,148800.0
2019-12-17,Downtown Dubai,Apartment,2,1165.0,False,2135000.0,116300.0
2019-12-17,Dubai Marina,Apartment,0,525.0,False,689000.0,43100.0
2019-12-17,Palm Jumeirah,Apartment,2,1174.0,False,2683000.0,121200.0
2019-12-17,Dubai Marina,Apartment,1,785.0,False,1094000.0,64700.0
2019-12-17,Dubai Hills Estate,Villa,4,3476.0,False,4343000.0,233600.0
2019-12-17,Downtown Dubai,Apartment,2,1051.0,False,1776000.0,103400.0
2019-12-17,Arabian Ranches,Apartment,1,838.0,True,583000.0,25200.0
2019-12-18,Dubai Marina,Apartment,3,1573.0,False,2319000.0,142600.0
2019-12-18,Jumeirah Village Circle,Apartment,2,1358.0,False,912000.0,67000.0
2019-12-18,Jumeirah Village Circle,Apartment,2,1412.0,False,1156000.0,93300.0
2019-12-19,Arabian Ranches,Villa,3,2958.0,False,3256000.0,174600.0
2019-12-19,Jumeirah Village Circle,Apartment,2,1228.0,False,1001000.0,87500.0
2019-12-19,Jumeirah Village Circle,Apartment,1,1052.0,False,832000.0,69800.0
2019-12-20,Dubai Marina,Apartment,0,443.0,True,569000.0,26500.0
2019-12-20,Business Bay,Apartment,2,1358.0,False,2044000.0,121800.0
2019-12-20,Dubai South,Apartment,3,1663.0,False,1084000.0,86000.0
2019-12-21,Dubai Marina,Apartment,3,1872.0,False,2814000.0,181700.0
2019-12-21,International City,Apartment,3,1640.0,False,758000.0,65500.0
2019-12-21,International City,Apartment,0,320.0,False,140000.0,13800.0
2019-12-21,Palm Jumeirah,Villa,6,4236.0,True,9808000.0,512000.0
2019-12-21,Jumeirah Lake Towers,Apartment,3,1807.0,False,1679000.0,131100.0
2019-12-21,Business Bay,Apartment,2,1349.0,False,1686000.0,103200.0
2019-12-21,Jumeirah Lake Towers,Apartment,3,1613.0,False,1408000.0,100100.0
2019-12-22,Dubai Marina,Apartment,0,552.0,False,845000.0,51600.0
2019-12-22,Dubai Hills Estate,Apartment,1,1044.0,False,1727000.0,94300.0
2019-12-22,Dubai Marina,Apartment,0,436.0,False,708000.0,41700.0
2019-12-22,Dubai Hills Estate,Apartment,3,1607.0,True,2009000.0,113200.0
2019-12-22,Arabian Ranches,Apartment,2,1250.0,True,1099000.0,55200.0
2019-12-23,Dubai Marina,Apartment,2,1145.0,False,2178000.0,152400.0
2019-12-24,Palm Jumeirah,Apartment,2,1493.0,False,4073000.0,212800.0
2019-12-24,Palm Jumeirah,Villa,3,2996.0,False,6855000.0,339200.0
2019-12-24,Jumeirah Village Circle,Apartment,3,1805.0,False,1537000.0,119200.0
2019-12-24,Arabian Ranches,Apartment,0,315.0,False,384000.0,22300.0
2019-12-24,Dubai South,Villa,6,4564.0,True,2793000.0,186900.0
2019-12-25,Jumeirah Village Circle,Apartment,3,1589.0,True,1449000.0,107700.0
2019-12-25,Dubai Hills Estate,Apartment,0,402.0,False,493000.0,27400.0
2019-12-25,Business Bay,Apartment,1,824.0,False,1068000.0,65500.0
2019-12-25,Business Bay,Apartment,3,1983.0,False,2304000.0,132900.0
2019-12-26,Arabian Ranches,Apartment,3,1492.0,False,1897000.0,97000.0
2019-12-26,Palm Jumeirah,Apartment,0,331.0,False,724000.0,39000.0
2019-12-26,Jumeirah Village Circle,Apartment,3,1326.0,False,1106000.0,94400.0
2019-12-27,Dubai Marina,Apartment,3,1581.0,False,2965000.0,218300.0
2019-12-27,Palm Jumeirah,Apartment,2,1201.0,False,2763000.0,151900.0
2019-12-28,International City,Apartment,1,899.0,True,343000.0,36200.0
2019-12-28,Arabian Ranches,Villa,3,3154.0,True,4177000.0,192800.0
2019-12-28,International City,Apartment,1,794.0,False,340000.0,30900.0
2019-12-28,Downtown Dubai,Apartment,0,442.0,False,867000.0,47000.0
2020-01-01,Jumeirah Village Circle,Apartment,3,1643.0,False,1405000.0,87000.0
2020-01-01,Dubai Hills Estate,Apartment,2,1482.0,False,2440000.0,162000.0
2020-01-01,International City,Apartment,1,974.0,False,315000.0,33800.0
2020-01-01,Dubai Marina,Apartment,0,397.0,True,556000.0,28200.0
2020-01-02,Jumeirah Village Circle,Townhouse,6,4367.0,False,3507000.0,277900.0
2020-01-02,Dubai Hills Estate,Villa,5,4085.0,True,5215000.0,284600.0
2020-01-02,Business Bay,Apartment,3,1524.0,False,2267000.0,161300.0
2020-01-04,Palm Jumeirah,Apartment,0,338.0,True,934000.0,52300.0
2020-01-04,International City,Apartment,2,1078.0,False,515000.0,45400.0
2020-01-04,Downtown Dubai,Apartment,0,441.0,True,874000.0,42000.0
2020-01-04,International City,Apartment,2,1548.0,False,639000.0,60300.0
2020-01-04,Dubai South,Apartment,0,380.0,False,200000.0,17900.0
2020-01-05,International City,Townhouse,6,3549.0,False,1333000.0,104400.0
2020-01-05,Dubai Marina,Apartment,0,573.0,False,774000.0,49200.0
2020-01-05,Jumeirah Lake Towers,Apartment,3,1937.0,False,1588000.0,118000.0
2020-01-05,Jumeirah Village Circle,Apartment,2,1343.0,False,1125000.0,89800.0
2020-01-05,Dubai Marina,Apartment,2,903.0,True,1313000.0,82100.0
2020-01-06,Dubai Hills Estate,Villa,4,3360.0,True,3967000.0,213600.0
2020-01-06,Jumeirah Lake Towers,Apartment,1,969.0,False,946000.0,67500.0
2020-01-07,International City,Apartment,0,609.0,False,308000.0,25500.0
2020-01-07,Dubai Marina,Apartment,0,345.0,True,447000.0,31700.0
2020-01-08,Downtown Dubai,Apartment,0,486.0,False,1063000.0,58900.0
2020-01-08,Palm Jumeirah,Apartment,1,779.0,False,2337000.0,126900.0
2020-01-09,Arabian Ranches,Apartment,3,1356.0,False,1472000.0,75900.0
2020-01-09,Dubai Marina,Apartment,2,1316.0,False,1808000.0,106200.0
2020-01-09,Jumeirah Lake Towers,Apartment,1,687.0,False,694000.0,48000.0
2020-01-09,Dubai South,Apartment,0,372.0,False,246000.0,19300.0
2020-01-09,Dubai South,Apartment,3,1704.0,False,1344000.0,100000.0
2020-01-09,Jumeirah Lake Towers,Apartment,2,1448.0,True,1264000.0,120900.0
2020-01-10,Arabian Ranches,Apartment,0,430.0,False,380000.0,20200.0
2020-01-10,Jumeirah Village Circle,Apartment,1,823.0,False,597000.0,50400.0
2020-01-10,Dubai Hills Estate,Apartment,1,829.0,True,1175000.0,83800.0
2020-01-11,Jumeirah Lake Towers,Apartment,0,503.0,False,537000.0,35600.0
2020-01-11,Jumeirah Village Circle,Apartment,2,1231.0,False,1073000.0,85300.0
2020-01-11,Jumeirah Village Circle,Apartment,2,984.0,True,744000.0,71500.0
2020-01-11,Business Bay,Apartment,2,1486.0,False,1838000.0,115000.0
2020-01-11,Jumeirah Village Circle,Apartment,1,919.0,False,601000.0,41900.0
2020-01-11,Jumeirah Village Circle,Apartment,2,1639.0,False,1295000.0,99200.0
2020-01-11,Downtown Dubai,Apartment,2,1366.0,False,3467000.0,190400.0
2020-01-12,Downtown Dubai,Apartment,3,1673.0,False,3398000.0,200700.0
2020-01-12,Dubai Hills Estate,Villa,6,4813.0,False,7119000.0,429100.0
2020-01-12,Dubai Hills Estate,Apartment,2,1424.0,False,1963000.0,114300.0
2020-01-12,Dubai Marina,Apartment,3,1646.0,False,2258000.0,155700.0
2020-01-12,Business Bay,Apartment,1,861.0,True,1058000.0,74500.0
2020-01-13,Downtown Dubai,Apartment,1,852.0,False,1888000.0,94200.0
2020-01-13,Dubai South,Apartment,2,1259.0,True,705000.0,51200.0
2020-01-13,Palm Jumeirah,Apartment,3,1444.0,True,3539000.0,177600.0
2020-01-13,Jumeirah Village Circle,Apartment,0,549.0,False,471000.0,41200.0
2020-01-14,Jumeirah Village Circle,Apartment,1,784.0,False,517000.0,49500.0
2020-01-15,Downtown Dubai,Apartment,3,1508.0,False,2485000.0,119800.0
2020-01-15,Arabian Ranches,Apartment,0,398.0,False,351000.0,16300.0
2020-01-16,Dubai South,Apartment,1,756.0,True,547000.0,44100.0
2020-01-16,Business Bay,Townhouse,5,3720.0,False,5265000.0,282800.0
2020-01-16,Business Bay,Apartment,2,1419.0,False,1974000.0,117400.0
2020-01-16,Business Bay,Apartment,3,1727.0,False,2394000.0,169800.0
2020-01-17,Downtown Dubai,Apartment,2,1312.0,False,3017000.0,148600.0
2020-01-17,Arabian Ranches,Apartment,2,1277.0,False,1258000.0,70500.0
2020-01-17,Jumeirah Lake Towers,Apartment,2,1429.0,False,1080000.0,86900.0
2020-01-18,Downtown Dubai,Apartment,1,772.0,True,1304000.0,69800.0
2020-01-18,Dubai South,Apartment,3,1653.0,False,1020000.0,69800.0
2020-01-18,Jumeirah Lake Towers,Townhouse,6,2937.0,False,3466000.0,239600.0
2020-01-19,Dubai South,Apartment,3,1870.0,True,1441000.0,109200.0
2020-01-19,Dubai Marina,Apartment,1,697.0,False,853000.0,52500.0
2020-01-19,Business Bay,Apartment,2,1309.0,False,2134000.0,152300.0
2020-01-20,International City,Apartment,1,947.0,False,454000.0,38900.0
2020-01-20,Business Bay,Apartment,2,1348.0,False,1662000.0,99400.0
2020-01-20,International City,Apartment,1,998.0,False,347000.0,29200.0
2020-01-20,Dubai Marina,Apartment,1,854.0,False,1330000.0,86200.0
2020-01-20,Dubai Hills Estate,Apartment,3,1799.0,True,2391000.0,127400.0
2020-01-21,Jumeirah Village Circle,Apartment,1,989.0,False,757000.0,59900.0
2020-01-21,Jumeirah Lake Towers,Apartment,3,1686.0,False,1422000.0,109800.0
2020-01-21,Dubai Hills Estate,Townhouse,3,2460.0,False,3103000.0,189000.0
2020-01-22,Palm Jumeirah,Apartment,3,1593.0,False,3938000.0,198900.0
2020-01-22,Dubai Hills Estate,Apartment,1,906.0,False,1243000.0,73000.0
2020-01-22,Jumeirah Lake Towers,Apartment,0,520.0,True,557000.0,41400.0
2020-01-23,Dubai Marina,Apartment,1,929.0,True,1342000.0,81500.0
2020-01-23,Dubai Marina,Apartment,1,993.0,True,1449000.0,100800.0
2020-01-23,Jumeirah Village Circle,Apartment,2,1501.0,True,951000.0,79300.0
2020-01-23,Dubai Marina,Apartment,2,1300.0,False,2041000.0,131000.0
2020-01-24,Downtown Dubai,Apartment,0,364.0,True,613000.0,31400.0
2020-01-25,Business Bay,Apartment,0,453.0,False,609000.0,40200.0
2020-01-25,Arabian Ranches,Villa,6,4399.0,False,3965000.0,254000.0
2020-01-25,Arabian Ranches,Apartment,2,1357.0,False,1399000.0,60800.0
2020-01-25,Jumeirah Lake Towers,Townhouse,4,2751.0,False,2093000.0,138800.0
2020-01-25,Arabian Ranches,Apartment,3,1852.0,False,1887000.0,95200.0
2020-01-26,Jumeirah Lake Towers,Apartment,2,1159.0,False,1065000.0,84900.0
2020-01-26,Dubai South,Villa,5,4208.0,False,2486000.0,141800.0
2020-01-26,Palm Jumeirah,Apartment,1,911.0,False,1763000.0,79400.0
2020-01-26,Business Bay,Apartment,0,445.0,False,617000.0,40700.0
2020-01-26,Business Bay,Apartment,2,1353.0,False,1986000.0,128500.0
2020-01-27,International City,Apartment,3,1465.0,False,622000.0,65800.0
2020-01-27,Jumeirah Village Circle,Apartment,2,1471.0,True,1071000.0,74600.0
2020-01-27,Dubai Marina,Apartment,0,365.0,False,602000.0,34700.0
2020-01-28,Jumeirah Lake Towers,Apartment,3,1674.0,False,1425000.0,107200.0
2020-01-28,Jumeirah Lake Towers,Apartment,1,1033.0,False,957000.0,66600.0
2020-01-28,Jumeirah Village Circle,Apartment,3,1634.0,False,1185000.0,98400.0
2020-01-28,Business Bay,Apartment,3,1831.0,False,2331000.0,163400.0
2020-01-28,Business Bay,Apartment,0,540.0,False,656000.0,44600.0
2020-02-01,Dubai South,Apartment,0,590.0,True,245000.0,18400.0
2020-02-01,International City,Apartment,3,1474.0,True,505000.0,35800.0
2020-02-01,Arabian Ranches,Apartment,3,1686.0,True,1507000.0,72200.0
2020-02-01,International City,Apartment,2,1085.0,True,392000.0,37400.0
2020-02-01,Jumeirah Lake Towers,Apartment,2,1415.0,True,1420000.0,110700.0
2020-02-01,Jumeirah Lake Towers,Apartment,1,882.0,False,788000.0,52200.0
2020-02-01,Arabian Ranches,Apartment,1,893.0,False,867000.0,47800.0
2020-02-02,Dubai Marina,Apartment,1,892.0,False,1358000.0,84700.0
2020-02-02,Dubai Marina,Apartment,2,1229.0,False,1649000.0,98900.0
2020-02-02,Business Bay,Apartment,3,1922.0,False,2519000.0,210100.0
2020-02-03,Jumeirah Village Circle,Apartment,1,1045.0,False,685000.0,50300.0
2020-02-03,Downtown Dubai,Apartment,2,1564.0,False,3964000.0,211800.0
2020-02-03,Downtown Dubai,Apartment,1,684.0,False,1523000.0,71700.0
2020-02-03,Arabian Ranches,Villa,5,3850.0,False,4521000.0,228800.0
2020-02-03,Jumeirah Village Circle,Apartment,1,821.0,False,610000.0,52800.0
2020-02-04,Dubai Hills Estate,Apartment,3,1802.0,True,2320000.0,119400.0
2020-02-05,Jumeirah Lake Towers,Townhouse,6,3886.0,False,3990000.0,263300.0
2020-02-05,Palm Jumeirah,Townhouse,3,2574.0,True,6322000.0,344700.0
2020-02-05,Palm Jumeirah,Townhouse,3,2889.0,False,7085000.0,328300.0
2020-02-05,Business Bay,Apartment,0,552.0,False,756000.0,53600.0
2020-02-05,Business Bay,Apartment,1,907.0,False,1400000.0,90700.0
2020-02-06,International City,Apartment,0,310.0,True,125000.0,11400.0
2020-02-06,Jumeirah Lake Towers,Apartment,0,493.0,False,494000.0,35300.0
2020-02-06,Dubai Hills Estate,Villa,3,3304.0,False,3856000.0,220500.0
2020-02-07,Jumeirah Lake Towers,Townhouse,4,3001.0,True,3037000.0,210800.0
2020-02-07,Business Bay,Townhouse,3,2571.0,False,3125000.0,199500.0
2020-02-07,Arabian Ranches,Apartment,1,836.0,False,847000.0,40800.0
2020-02-08,Downtown Dubai,Apartment,0,579.0,False,1322000.0,76000.0
2020-02-08,International City,Apartment,0,450.0,False,183000.0,15600.0
2020-02-08,Dubai Marina,Apartment,0,445.0,False,637000.0,48200.0
2020-02-09,Business Bay,Apartment,1,846.0,True,1306000.0,82700.0
2020-02-09,Jumeirah Lake Towers,Apartment,0,405.0,False,382000.0,25800.0
2020-02-09,Dubai South,Apartment,1,958.0,False,502000.0,35100.0
2020-02-10,Business Bay,Apartment,2,1352.0,False,2038000.0,123100.0
2020-02-10,Downtown Dubai,Apartment,3,1534.0,True,2613000.0,152100.0
2020-02-10,Dubai Hills Estate,Apartment,2,1346.0,True,1783000.0,101100.0
2020-02-11,Business Bay,Apartment,0,507.0,False,956000.0,64900.0
2020-02-11,Dubai South,Apartment,3,1774.0,False,1150000.0,78600.0
2020-02-11,Palm Jumeirah,Townhouse,3,2861.0,False,7455000.0,388200.0
2020-02-12,Jumeirah Lake Towers,Apartment,3,2012.0,False,2015000.0,151700.0
2020-02-12,Business Bay,Townhouse,6,3768.0,False,5598000.0,373700.0
2020-02-12,Dubai Hills Estate,Apartment,3,1935.0,True,2321000.0,143000.0
2020-02-12,Jumeirah Lake Towers,Apartment,2,1185.0,False,1102000.0,88300.0
2020-02-13,Arabian Ranches,Apartment,3,2176.0,False,2398000.0,113700.0
2020-02-13,Downtown Dubai,Apartment,3,1794.0,False,3319000.0,187100.0
2020-02-14,Business Bay,Apartment,0,499.0,False,617000.0,44400.0
2020-02-14,Jumeirah Village Circle,Apartment,2,1413.0,True,1029000.0,90500.0
2020-02-14,Jumeirah Village Circle,Apartment,1,730.0,True,520000.0,43700.0
2020-02-14,Jumeirah Village Circle,Apartment,0,539.0,False,377000.0,27900.0
2020-02-14,Business Bay,Apartment,0,314.0,False,451000.0,27000.0
2020-02-14,Jumeirah Village Circle,Apartment,1,882.0,False,804000.0,57800.0
2020-02-14,Palm Jumeirah,Apartment,1,876.0,True,1924000.0,100600.0
2020-02-15,Palm Jumeirah,Villa,4,3590.0,True,8215000.0,372100.0
2020-02-16,Business Bay,Apartment,1,992.0,True,1458000.0,89000.0
2020-02-16,Dubai Marina,Apartment,3,1669.0,False,2198000.0,132300.0
2020-02-17,International City,Apartment,1,825.0,True,290000.0,30700.0
2020-02-18,Dubai South,Apartment,0,412.0,False,315000.0,26400.0
2020-02-18,Arabian Ranches,Apartment,0,465.0,False,536000.0,31800.0
2020-02-18,Downtown Dubai,Apartment,2,1235.0,False,2744000.0,159300.0
2020-02-19,Palm Jumeirah,Apartment,2,1291.0,True,2950000.0,157700.0
2020-02-20,Business Bay,Apartment,3,1926.0,False,2375000.0,159400.0
2020-02-20,Arabian Ranches,Townhouse,4,3089.0,False,3106000.0,154100.0
2020-02-21,Jumeirah Lake Towers,Apartment,0,436.0,True,396000.0,28600.0
2020-02-21,International City,Townhouse,3,2763.0,False,999000.0,87900.0
2020-02-21,International City,Apartment,0,476.0,False,199000.0,16200.0
2020-02-22,Business Bay,Apartment,2,1334.0,False,1895000.0,117400.0
2020-02-22,Jumeirah Lake Towers,Apartment,2,1180.0,False,953000.0,62900.0
2020-02-22,Jumeirah Village Circle,Apartment,0,341.0,True,256000.0,18800.0
2020-02-22,Business Bay,Apartment,1,832.0,False,1254000.0,83000.0
2020-02-22,Jumeirah Lake Towers,Apartment,2,1531.0,False,1257000.0,79300.0
2020-02-23,Jumeirah Village Circle,Apartment,0,595.0,True,368000.0,29700.0
2020-02-23,International City,Apartment,2,1352.0,True,443000.0,38200.0
2020-02-23,Dubai Marina,Apartment,1,907.0,False,1451000.0,90500.0
2020-02-24,Arabian Ranches,Apartment,3,1618.0,False,1650000.0,70400.0
2020-02-24,Business Bay,Apartment,3,1430.0,False,1951000.0,111300.0
2020-02-24,International City,Apartment,0,418.0,False,182000.0,18200.0
2020-02-25,International City,Apartment,0,454.0,False,207000.0,19300.0
2020-02-25,International City,Apartment,3,1552.0,False,718000.0,65100.0
2020-02-25,Jumeirah Lake Towers,Apartment,3,1621.0,False,1857000.0,127300.0
2020-02-26,Dubai Hills Estate,Apartment,1,857.0,True,1051000.0,48900.0
2020-02-26,Jumeirah Village Circle,Apartment,0,515.0,False,488000.0,42300.0
2020-02-26,Dubai Marina,Apartment,2,1029.0,False,1593000.0,98200.0
2020-02-26,Jumeirah Lake Towers,Apartment,0,442.0,False,391000.0,26600.0
2020-02-27,Jumeirah Village Circle,Apartment,3,1626.0,False,1034000.0,71700.0
2020-02-27,Palm Jumeirah,Villa,3,2935.0,False,5720000.0,261000.0
2020-02-27,Business Bay,Apartment,0,409.0,False,615000.0,52200.0
2020-02-27,Dubai Hills Estate,Villa,5,3524.0,False,4790000.0,254300.0
2020-02-27,Palm Jumeirah,Villa,3,2774.0,False,6530000.0,335900.0
2020-02-28,Dubai Marina,Apartment,2,1300.0,False,1908000.0,108300.0
2020-02-28,Arabian Ranches,Villa,5,3722.0,False,3738000.0,222600.0
2020-03-01,Jumeirah Lake Towers,Apartment,0,534.0,False,572000.0,39000.0
2020-03-01,Arabian Ranches,Townhouse,3,2733.0,False,2741000.0,191100.0
2020-03-01,Dubai Hills Estate,Villa,6,3911.0,False,4848000.0,215900.0
2020-03-02,Dubai Hills Estate,Apartment,3,1867.0,True,2021000.0,139100.0
2020-03-02,Downtown Dubai,Apartment,2,1297.0,False,2746000.0,151300.0
2020-03-03,Dubai Hills Estate,Apartment,1,811.0,False,1096000.0,54800.0
2020-03-03,Arabian Ranches,Apartment,0,457.0,False,378000.0,25600.0
2020-03-03,Business Bay,Apartment,1,925.0,False,1285000.0,84500.0
2020-03-03,Palm Jumeirah,Villa,5,4528.0,False,13254000.0,746600.0
2020-03-04,Business Bay,Apartment,0,507.0,False,796000.0,59300.0
2020-03-04,Dubai South,Apartment,2,1219.0,True,691000.0,48200.0
2020-03-05,Downtown Dubai,Apartment,1,1038.0,False,1785000.0,86100.0
2020-03-05,Business Bay,Apartment,1,857.0,False,1570000.0,99400.0
2020-03-05,Arabian Ranches,Villa,3,2908.0,False,3621000.0,196100.0
2020-03-05,Jumeirah Village Circle,Apartment,3,2065.0,False,1430000.0,113100.0
2020-03-06,Dubai Hills Estate,Apartment,1,952.0,True,1126000.0,66700.0
2020-03-06,Jumeirah Lake Towers,Apartment,2,1344.0,True,1082000.0,73800.0
2020-03-06,Palm Jumeirah,Apartment,3,1626.0,True,3226000.0,172300.0
2020-03-06,Downtown Dubai,Apartment,2,1450.0,False,3025000.0,170600.0
2020-03-07,Dubai South,Villa,5,3746.0,False,2701000.0,199200.0
2020-03-07,International City,Apartment,2,1197.0,False,467000.0,43700.0
2020-03-08,Dubai Hills Estate,Villa,5,4137.0,False,4540000.0,233200.0
2020-03-08,Palm Jumeirah,Apartment,1,782.0,False,1722000.0,84700.0
2020-03-08,Business Bay,Apartment,0,369.0,True,397000.0,27400.0
2020-03-09,Dubai Hills Estate,Apartment,2,1156.0,True,1267000.0,83600.0
2020-03-09,Jumeirah Village Circle,Apartment,2,1510.0,False,1497000.0,96400.0
2020-03-09,Dubai Marina,Apartment,1,853.0,False,1293000.0,75200.0
2020-03-09,Arabian Ranches,Villa,6,4681.0,False,5495000.0,341500.0
2020-03-09,Jumeirah Lake Towers,Apartment,2,981.0,False,903000.0,75800.0
2020-03-10,Dubai Hills Estate,Apartment,3,1618.0,False,2076000.0,143100.0
2020-03-10,International City,Townhouse,6,3456.0,False,1259000.0,109100.0
2020-03-10,Dubai Hills Estate,Villa,4,3758.0,False,4768000.0,283200.0
2020-03-11,Dubai Hills Estate,Townhouse,6,4637.0,False,5731000.0,342500.0
2020-03-11,Jumeirah Lake Towers,Apartment,1,738.0,False,674000.0,52300.0
2020-03-11,Dubai Marina,Apartment,3,1817.0,False,2663000.0,141600.0
2020-03-11,Jumeirah Village Circle,Apartment,1,924.0,False,768000.0,62000.0
2020-03-11,Palm Jumeirah,Villa,6,3711.0,False,8250000.0,418400.0
2020-03-12,Jumeirah Lake Towers,Apartment,2,1358.0,True,1180000.0,77500.0
2020-03-12,Business Bay,Apartment,1,836.0,False,1139000.0,69200.0
2020-03-12,Dubai South,Villa,5,4154.0,False,2611000.0,190400.0
2020-03-12,Dubai South,Apartment,0,514.0,False,350000.0,24400.0
2020-03-12,International City,Apartment,3,1916.0,False,684000.0,60000.0
2020-03-12,Dubai Hills Estate,Apartment,2,1120.0,False,1713000.0,92300.0
2020-03-13,Dubai South,Apartment,0,474.0,False,275000.0,18200.0
2020-03-13,Dubai Marina,Apartment,3,1769.0,False,3275000.0,230300.0
2020-03-14,Dubai South,Apartment,3,1504.0,False,1084000.0,84100.0
2020-03-14,Palm Jumeirah,Villa,6,4138.0,False,11670000.0,567800.0
2020-03-14,Dubai Hills Estate,Apartment,2,1092.0,False,1945000.0,117900.0
2020-03-15,Downtown Dubai,Apartment,3,1800.0,False,3687000.0,236100.0
2020-03-15,Downtown Dubai,Apartment,3,1492.0,False,3557000.0,212600.0
2020-03-15,International City,Apartment,3,1461.0,True,572000.0,55800.0
2020-03-15,Jumeirah Lake Towers,Apartment,0,376.0,False,312000.0,20900.0
2020-03-15,Dubai South,Apartment,0,475.0,False,288000.0,20100.0
2020-03-15,Downtown Dubai,Apartment,3,1506.0,False,3186000.0,187500.0
2020-03-15,Jumeirah Lake Towers,Apartment,0,368.0,False,332000.0,20600.0
2020-03-16,International City,Apartment,2,898.0,True,276000.0,24400.0
2020-03-16,Dubai Hills Estate,Apartment,2,1385.0,False,1498000.0,86200.0
2020-03-17,Arabian Ranches,Apartment,3,1616.0,False,1747000.0,108200.0
2020-03-17,Palm Jumeirah,Apartment,3,1887.0,False,3983000.0,182600.0
2020-03-18,Business Bay,Apartment,0,424.0,True,548000.0,34900.0
2020-03-18,Arabian Ranches,Apartment,0,326.0,False,307000.0,17800.0
2020-03-18,International City,Apartment,1,884.0,False,320000.0,30500.0
2020-03-18,Jumeirah Lake Towers,Apartment,3,1525.0,False,1389000.0,122900.0
2020-03-18,International City,Apartment,1,869.0,False,377000.0,33700.0
2020-03-19,Dubai Hills Estate,Apartment,0,374.0,True,398000.0,22400.0
2020-03-19,Downtown Dubai,Apartment,3,1332.0,True,2225000.0,124200.0
2020-03-19,Dubai South,Villa,5,3442.0,False,2503000.0,169000.0
2020-03-19,Palm Jumeirah,Apartment,3,1654.0,True,4293000.0,218600.0
2020-03-20,Dubai Marina,Apartment,3,1589.0,True,2056000.0,161100.0
2020-03-20,Dubai South,Apartment,2,1146.0,True,840000.0,65400.0
2020-03-20,Business Bay,Apartment,1,909.0,False,1336000.0,69500.0
2020-03-20,Dubai South,Apartment,3,2000.0,False,1581000.0,117200.0
2020-03-20,Jumeirah Lake Towers,Apartment,1,920.0,False,926000.0,56000.0
2020-03-21,Downtown Dubai,Apartment,2,1719.0,False,3867000.0,194200.0
2020-03-21,Arabian Ranches,Townhouse,4,3038.0,True,3162000.0,170900.0
2020-03-21,Palm Jumeirah,Villa,4,3166.0,True,5797000.0,262600.0
2020-03-21,Dubai Marina,Apartment,2,1137.0,False,2090000.0,132900.0
2020-03-21,Business Bay,Apartment,3,1892.0,True,2428000.0,156800.0
2020-03-21,Downtown Dubai,Apartment,3,1479.0,False,3204000.0,187500.0
2020-03-22,Jumeirah Lake Towers,Apartment,3,1572.0,False,1398000.0,93600.0
2020-03-22,Palm Jumeirah,Villa,3,3081.0,False,6262000.0,306800.0
2020-03-22,Jumeirah Lake Towers,Apartment,2,1293.0,False,1505000.0,127100.0
2020-03-23,Jumeirah Lake Towers,Apartment,0,517.0,False,563000.0,40600.0
2020-03-23,Jumeirah Village Circle,Townhouse,3,2422.0,False,1952000.0,144200.0
2020-03-23,International City,Apartment,0,506.0,False,199000.0,17900.0
2020-03-23,Jumeirah Lake Towers,Apartment,1,812.0,False,833000.0,52100.0
2020-03-23,Downtown Dubai,Apartment,0,573.0,True,1229000.0,80800.0
2020-03-24,Dubai South,Apartment,2,1182.0,True,833000.0,59700.0
2020-03-24,Jumeirah Village Circle,Apartment,2,1227.0,False,669000.0,55500.0
2020-03-24,Jumeirah Village Circle,Apartment,3,1998.0,False,1561000.0,111800.0
2020-03-24,Business Bay,Apartment,1,808.0,False,1161000.0,71100.0
2020-03-24,Business Bay,Apartment,2,1369.0,False,2058000.0,124400.0
2020-03-24,Dubai South,Apartment,1,840.0,False,594000.0,55500.0
2020-03-25,Downtown Dubai,Apartment,0,391.0,False,875000.0,47100.0
2020-03-26,Downtown Dubai,Apartment,0,527.0,False,1050000.0,50600.0
2020-03-26,Downtown Dubai,Apartment,0,456.0,False,898000.0,52700.0
2020-03-26,Jumeirah Village Circle,Apartment,0,336.0,False,270000.0,24400.0
2020-03-26,Arabian Ranches,Apartment,3,1532.0,False,1702000.0,105300.0
2020-03-27,Jumeirah Lake Towers,Apartment,0,564.0,False,518000.0,37000.0
2020-03-27,Dubai Hills Estate,Villa,4,3070.0,False,4741000.0,286800.0
2020-03-27,Dubai South,Apartment,3,1625.0,True,961000.0,73000.0
2020-03-27,International City,Apartment,0,412.0,True,152000.0,13600.0
2020-03-27,Dubai Hills Estate,Apartment,1,934.0,False,1207000.0,88000.0
2020-03-27,Dubai Marina,Apartment,2,1311.0,False,1656000.0,103700.0
2020-03-27,Dubai Marina,Apartment,3,1553.0,False,1905000.0,124200.0
2020-03-28,Arabian Ranches,Apartment,0,510.0,True,594000.0,37700.0
2020-03-28,International City,Apartment,1,706.0,False,316000.0,29900.0
2020-04-01,Dubai Marina,Apartment,3,1815.0,False,2461000.0,157900.0
2020-04-02,Jumeirah Village Circle,Apartment,3,1650.0,False,864000.0,70100.0
2020-04-02,Downtown Dubai,Apartment,2,1532.0,False,3679000.0,216400.0
2020-04-03,Downtown Dubai,Apartment,1,989.0,False,2203000.0,127000.0
2020-04-03,Jumeirah Village Circle,Apartment,1,908.0,True,684000.0,50700.0
2020-04-04,Business Bay,Apartment,3,1529.0,False,2246000.0,143100.0
2020-04-04,Dubai South,Apartment,0,392.0,False,204000.0,14700.0
2020-04-05,Dubai Marina,Apartment,0,322.0,False,350000.0,25400.0
2020-04-05,Dubai South,Apartment,1,798.0,False,544000.0,44000.0
2020-04-05,International City,Apartment,2,1139.0,False,400000.0,32900.0
2020-04-06,Business Bay,Apartment,0,624.0,False,1022000.0,60500.0
2020-04-06,Arabian Ranches,Apartment,2,1190.0,False,1117000.0,57600.0
2020-04-07,Jumeirah Lake Towers,Apartment,1,732.0,False,808000.0,66100.0
2020-04-07,Arabian Ranches,Villa,3,3201.0,True,2633000.0,143800.0
2020-04-07,Dubai South,Apartment,0,337.0,False,235000.0,17000.0
2020-04-07,Dubai Hills Estate,Apartment,0,386.0,False,473000.0,29600.0
2020-04-08,Jumeirah Lake Towers,Apartment,3,1630.0,False,1761000.0,124100.0
2020-04-08,Dubai South,Apartment,1,1013.0,False,653000.0,51100.0
2020-04-09,Dubai Marina,Apartment,2,1373.0,True,1657000.0,120500.0
2020-04-09,Jumeirah Lake Towers,Apartment,0,519.0,False,457000.0,31400.0
2020-04-09,Dubai South,Apartment,0,459.0,True,211000.0,15400.0
2020-04-09,Dubai Marina,Apartment,2,1538.0,False,2353000.0,163400.0
2020-04-09,Downtown Dubai,Apartment,0,360.0,True,582000.0,33400.0
2020-04-10,Dubai Marina,Apartment,1,950.0,True,1233000.0,74900.0
2020-04-10,Dubai Marina,Apartment,0,369.0,False,598000.0,36500.0
2020-04-10,Dubai South,Apartment,2,1361.0,False,876000.0,60300.0
2020-04-10,Palm Jumeirah,Townhouse,4,3300.0,True,7706000.0,345300.0
2020-04-11,Arabian Ranches,Villa,3,2949.0,False,4066000.0,179900.0
2020-04-11,Dubai Marina,Apartment,0,472.0,True,595000.0,44000.0
2020-04-11,Dubai Hills Estate,Apartment,0,515.0,False,822000.0,47600.0
2020-04-12,Dubai South,Apartment,2,1289.0,False,703000.0,55300.0
2020-04-12,International City,Apartment,0,457.0,True,164000.0,12900.0
2020-04-13,Jumeirah Lake Towers,Apartment,0,473.0,True,460000.0,30400.0
2020-04-13,Downtown Dubai,Apartment,3,1559.0,False,2627000.0,139200.0
2020-04-13,Jumeirah Village Circle,Apartment,0,300.0,False,247000.0,19800.0
2020-04-13,Jumeirah Village Circle,Apartment,2,1405.0,True,1002000.0,71800.0
2020-04-14,Palm Jumeirah,Apartment,1,880.0,False,1944000.0,86900.0
2020-04-14,Jumeirah Village Circle,Apartment,0,488.0,True,432000.0,36500.0
2020-04-15,Business Bay,Apartment,3,1912.0,True,2621000.0,181900.0
2020-04-15,Jumeirah Village Circle,Apartment,3,1890.0,False,1472000.0,113300.0
2020-04-15,Arabian Ranches,Apartment,2,1373.0,False,1322000.0,72800.0
2020-04-16,Arabian Ranches,Apartment,0,482.0,False,490000.0,29400.0
2020-04-16,Dubai South,Villa,6,4370.0,True,2595000.0,174200.0
2020-04-18,Downtown Dubai,Apartment,1,792.0,False,1466000.0,88000.0
2020-04-18,Arabian Ranches,Apartment,2,1491.0,False,1630000.0,99900.0
2020-04-18,Downtown Dubai,Apartment,2,1243.0,False,2025000.0,107200.0
2020-04-18,Arabian Ranches,Apartment,3,1683.0,False,1432000.0,82800.0
2020-04-18,International City,Apartment,2,1445.0,False,638000.0,65300.0
2020-04-18,Dubai Marina,Apartment,2,1285.0,False,2287000.0,147500.0
2020-04-18,Arabian Ranches,Villa,4,3582.0,True,3442000.0,166900.0
2020-04-18,International City,Apartment,3,1773.0,False,720000.0,63500.0
2020-04-19,International City,Apartment,0,565.0,False,267000.0,20100.0
2020-04-19,Palm Jumeirah,Apartment,0,499.0,False,1040000.0,58000.0
2020-04-19,Jumeirah Village Circle,Apartment,2,1275.0,True,963000.0,67700.0
2020-04-19,Dubai Marina,Apartment,0,300.0,False,389000.0,28100.0
2020-04-19,Jumeirah Lake Towers,Apartment,3,1493.0,True,986000.0,70800.0
2020-04-20,Dubai Hills Estate,Villa,5,3597.0,True,4542000.0,258400.0
2020-04-20,Downtown Dubai,Apartment,0,468.0,True,987000.0,51000.0
2020-04-20,Jumeirah Lake Towers,Apartment,2,1472.0,False,1665000.0,123000.0
2020-04-20,Downtown Dubai,Apartment,0,515.0,False,974000.0,60300.0
2020-04-20,Jumeirah Village Circle,Apartment,3,1566.0,True,867000.0,64200.0
2020-04-20,Business Bay,Apartment,0,390.0,False,501000.0,31000.0
2020-04-20,International City,Apartment,1,791.0,False,279000.0,25100.0
2020-04-20,International City,Apartment,1,914.0,False,398000.0,31900.0
2020-04-20,Dubai Hills Estate,Townhouse,6,4303.0,False,5082000.0,324500.0
2020-04-21,Dubai Hills Estate,Villa,6,4242.0,True,5529000.0,361200.0
2020-04-21,Downtown Dubai,Apartment,0,500.0,True,821000.0,42200.0
2020-04-22,Business Bay,Apartment,3,1922.0,False,2788000.0,164100.0
2020-04-22,Jumeirah Village Circle,Apartment,2,1275.0,True,872000.0,72100.0
2020-04-22,Dubai South,Apartment,2,1250.0,False,926000.0,69600.0
2020-04-22,Jumeirah Lake Towers,Townhouse,6,4423.0,False,4024000.0,349100.0
2020-04-22,Dubai Marina,Apartment,2,1328.0,False,2220000.0,144200.0
2020-04-23,Dubai Hills Estate,Apartment,3,1545.0,True,2001000.0,126100.0
2020-04-23,International City,Apartment,0,527.0,True,206000.0,19500.0
2020-04-23,Dubai Marina,Apartment,0,300.0,False,453000.0,28400.0
2020-04-23,Jumeirah Village Circle,Apartment,3,1578.0,False,1437000.0,115300.0
2020-04-23,Jumeirah Lake Towers,Apartment,1,945.0,False,1186000.0,81100.0
2020-04-23,Dubai South,Villa,5,3635.0,False,2610000.0,243100.0
2020-04-24,Dubai Hills Estate,Apartment,2,1253.0,False,1707000.0,100200.0
2020-04-24,Arabian Ranches,Apartment,1,758.0,False,676000.0,38700.0
2020-04-24,Jumeirah Lake Towers,Apartment,3,2087.0,True,2079000.0,151800.0
2020-04-24,International City,Apartment,1,930.0,False,339000.0,32600.0
2020-04-24,Jumeirah Village Circle,Apartment,2,1367.0,False,1075000.0,60800.0
2020-04-24,International City,Apartment,3,1972.0,True,550000.0,41600.0
2020-04-25,Dubai Marina,Apartment,2,1051.0,False,1485000.0,81000.0
2020-04-25,Dubai South,Apartment,3,1878.0,True,1180000.0,97400.0
2020-04-25,Business Bay,Apartment,2,1153.0,False,1316000.0,87800.0
2020-04-26,International City,Apartment,0,352.0,False,134000.0,12400.0
2020-04-26,Dubai Marina,Apartment,0,464.0,False,690000.0,47000.0
2020-04-27,Arabian Ranches,Villa,6,3742.0,False,4706000.0,296400.0
2020-04-28,Downtown Dubai,Apartment,0,372.0,False,701000.0,29300.0
2020-04-28,Dubai South,Apartment,0,522.0,False,270000.0,19200.0
2020-04-28,International City,Apartment,0,425.0,True,169000.0,13300.0
2020-04-28,Downtown Dubai,Apartment,3,1667.0,True,3704000.0,203300.0
2020-04-28,Palm Jumeirah,Apartment,3,1707.0,True,3959000.0,164200.0
2020-05-01,Arabian Ranches,Apartment,1,890.0,True,903000.0,46900.0
2020-05-01,Business Bay,Apartment,1,1080.0,True,1486000.0,81800.0
2020-05-01,Downtown Dubai,Apartment,0,542.0,True,972000.0,60500.0
2020-05-02,Palm Jumeirah,Townhouse,5,4119.0,False,10846000.0,536400.0
2020-05-03,Jumeirah Village Circle,Apartment,2,1158.0,False,799000.0,69300.0
2020-05-03,Dubai Hills Estate,Apartment,2,1144.0,True,1364000.0,74600.0
2020-05-04,Palm Jumeirah,Villa,4,3387.0,False,6732000.0,282100.0
2020-05-04,Business Bay,Apartment,2,1369.0,True,1964000.0,127600.0
2020-05-04,Jumeirah Village Circle,Apartment,3,1772.0,False,1136000.0,94500.0
2020-05-04,Jumeirah Village Circle,Apartment,2,1004.0,False,790000.0,69600.0
2020-05-04,Dubai South,Apartment,3,2021.0,False,1214000.0,91600.0
2020-05-05,Palm Jumeirah,Apartment,1,873.0,False,1599000.0,79600.0
2020-05-05,Palm Jumeirah,Apartment,0,431.0,True,916000.0,54700.0
2020-05-05,International City,Apartment,2,1470.0,False,566000.0,49200.0
2020-05-05,International City,Apartment,1,1003.0,False,383000.0,38200.0
2020-05-05,Jumeirah Lake Towers,Apartment,0,345.0,False,356000.0,29100.0
2020-05-05,Dubai South,Apartment,3,1794.0,False,1173000.0,79300.0
2020-05-06,Dubai Hills Estate,Apartment,1,995.0,False,1457000.0,73700.0
2020-05-06,Palm Jumeirah,Apartment,1,953.0,False,2282000.0,123900.0
2020-05-06,Dubai South,Apartment,0,489.0,False,337000.0,22300.0
2020-05-07,Arabian Ranches,Apartment,3,1780.0,False,1767000.0,116200.0
2020-05-07,International City,Apartment,3,1707.0,False,578000.0,56400.0
2020-05-07,Dubai Hills Estate,Apartment,2,1235.0,True,1469000.0,89900.0
2020-05-07,Palm Jumeirah,Apartment,2,1287.0,False,3733000.0,148000.0
2020-05-08,Dubai South,Apartment,1,728.0,False,538000.0,38700.0
2020-05-08,International City,Apartment,3,1593.0,False,603000.0,56500.0
2020-05-08,Jumeirah Lake Towers,Apartment,3,1993.0,False,1554000.0,124300.0
2020-05-09,Dubai Hills Estate,Villa,3,3070.0,False,3507000.0,233400.0
2020-05-09,International City,Apartment,3,1477.0,False,639000.0,59600.0
2020-05-09,International City,Apartment,0,504.0,True,180000.0,17600.0
2020-05-10,Jumeirah Lake Towers,Apartment,2,1254.0,True,973000.0,78400.0
2020-05-10,Jumeirah Village Circle,Apartment,2,1388.0,False,1016000.0,70400.0
2020-05-10,Dubai Hills Estate,Apartment,1,779.0,False,1195000.0,60900.0
2020-05-10,Dubai South,Apartment,0,409.0,False,251000.0,18900.0
2020-05-10,Dubai Marina,Apartment,2,1512.0,False,2333000.0,120900.0
2020-05-11,Jumeirah Village Circle,Apartment,1,817.0,True,527000.0,39700.0
2020-05-11,International City,Apartment,2,1385.0,False,570000.0,50300.0
2020-05-11,Arabian Ranches,Apartment,1,860.0,False,691000.0,37200.0
2020-05-11,Dubai South,Apartment,0,428.0,True,238000.0,19000.0
2020-05-11,Jumeirah Village Circle,Apartment,0,475.0,False,330000.0,25100.0
2020-05-11,Downtown Dubai,Apartment,0,404.0,False,816000.0,46500.0
2020-05-12,Jumeirah Lake Towers,Apartment,1,858.0,False,753000.0,52100.0
2020-05-12,Dubai South,Apartment,3,1681.0,False,960000.0,73300.0
2020-05-12,Dubai South,Villa,5,3827.0,False,2791000.0,212700.0
2020-05-13,Palm Jumeirah,Apartment,3,1659.0,False,3912000.0,215900.0
2020-05-13,Dubai South,Townhouse,6,4223.0,False,2645000.0,195700.0
2020-05-13,Palm Jumeirah,Apartment,0,541.0,False,1075000.0,52100.0
2020-05-13,Palm Jumeirah,Apartment,0,468.0,False,1144000.0,48800.0
2020-05-13,International City,Apartment,3,1867.0,False,936000.0,77600.0
2020-05-13,Dubai Hills Estate,Apartment,1,838.0,True,1048000.0,67500.0
2020-05-13,Dubai Hills Estate,Townhouse,3,2631.0,True,3614000.0,191000.0
2020-05-14,Business Bay,Apartment,2,1366.0,False,1994000.0,148600.0
2020-05-15,Jumeirah Lake Towers,Apartment,1,928.0,False,851000.0,63500.0
2020-05-15,Business Bay,Apartment,3,1504.0,True,2142000.0,134700.0
2020-05-15,Dubai South,Apartment,3,1447.0,False,997000.0,81100.0
2020-05-15,Dubai South,Apartment,3,1903.0,False,1288000.0,105600.0
2020-05-16,International City,Apartment,1,744.0,False,293000.0,29900.0
2020-05-16,International City,Apartment,0,392.0,False,150000.0,11800.0
2020-05-16,Dubai Marina,Apartment,1,839.0,False,1039000.0,62500.0
2020-05-16,Palm Jumeirah,Apartment,1,774.0,True,1587000.0,88500.0
2020-05-17,Dubai Marina,Apartment,1,925.0,True,1581000.0,95200.0
2020-05-17,Dubai South,Apartment,1,894.0,False,721000.0,52000.0
2020-05-17,Jumeirah Village Circle,Apartment,1,840.0,False,804000.0,65400.0
2020-05-17,Dubai Hills Estate,Apartment,1,843.0,False,1127000.0,63300.0
2020-05-18,International City,Apartment,1,844.0,True,364000.0,26300.0
2020-05-18,Arabian Ranches,Apartment,2,1079.0,True,897000.0,47400.0
2020-05-19,Jumeirah Lake Towers,Apartment,2,1280.0,False,1365000.0,92500.0
2020-05-19,Dubai Marina,Apartment,2,1287.0,False,2037000.0,147200.0
2020-05-19,Downtown Dubai,Apartment,2,1150.0,False,2646000.0,168700.0
2020-05-19,Business Bay,Apartment,1,907.0,False,1690000.0,112900.0
2020-05-20,International City,Apartment,2,1328.0,False,489000.0,42400.0
2020-05-20,Business Bay,Apartment,1,867.0,False,1014000.0,64800.0
2020-05-21,Arabian Ranches,Villa,6,4065.0,True,4626000.0,219700.0
2020-05-21,Dubai Marina,Apartment,2,1408.0,True,1853000.0,103200.0
2020-05-21,Dubai Hills Estate,Apartment,0,389.0,False,495000.0,27800.0
2020-05-21,Downtown Dubai,Apartment,1,870.0,False,2039000.0,125600.0
2020-05-22,Arabian Ranches,Apartment,1,691.0,True,628000.0,37200.0
2020-05-22,Arabian Ranches,Apartment,3,1747.0,True,2167000.0,128400.0
2020-05-23,Business Bay,Apartment,1,782.0,False,1039000.0,74300.0
2020-05-23,Downtown Dubai,Apartment,2,1211.0,False,2415000.0,127500.0
2020-05-23,Downtown Dubai,Apartment,2,1428.0,True,2571000.0,144800.0
2020-05-23,Jumeirah Lake Towers,Apartment,0,337.0,False,395000.0,29200.0
2020-05-24,Downtown Dubai,Apartment,3,1460.0,False,2830000.0,149500.0
2020-05-24,Arabian Ranches,Apartment,3,1142.0,False,1084000.0,61200.0
2020-05-25,Downtown Dubai,Apartment,3,1519.0,False,2812000.0,127200.0
2020-05-25,Dubai South,Apartment,2,1179.0,False,765000.0,55000.0
2020-05-25,Jumeirah Lake Towers,Apartment,1,851.0,False,893000.0,64300.0
2020-05-25,Jumeirah Lake Towers,Apartment,2,1410.0,True,1181000.0,73500.0
2020-05-26,Dubai South,Apartment,1,760.0,False,589000.0,44000.0
2020-05-26,Downtown Dubai,Apartment,0,435.0,False,774000.0,52800.0
2020-05-27,International City,Apartment,0,520.0,True,210000.0,19400.0
2020-05-27,Business Bay,Apartment,2,1673.0,True,2652000.0,195100.0
2020-05-27,Business Bay,Apartment,1,1003.0,False,1625000.0,128500.0
2020-05-27,Jumeirah Village Circle,Apartment,3,1650.0,True,1379000.0,120500.0
2020-05-28,Palm Jumeirah,Apartment,0,364.0,False,887000.0,46200.0
2020-05-28,International City,Apartment,1,983.0,False,523000.0,43200.0
2020-05-28,Business Bay,Apartment,0,384.0,False,792000.0,48700.0
2020-05-28,Dubai Hills Estate,Apartment,1,742.0,False,1154000.0,54700.0
2020-05-28,Dubai Marina,Apartment,3,1964.0,True,3217000.0,222600.0
2020-06-01,Downtown Dubai,Apartment,1,924.0,False,1729000.0,95500.0
2020-06-01,Downtown Dubai,Apartment,0,445.0,False,864000.0,43900.0
2020-06-01,Downtown Dubai,Apartment,0,408.0,True,730000.0,41900.0
2020-06-01,Dubai Hills Estate,Apartment,2,1305.0,False,1561000.0,76300.0
2020-06-01,Dubai South,Apartment,0,392.0,False,226000.0,17700.0
2020-06-02,Business Bay,Apartment,3,1801.0,False,2827000.0,203300.0
2020-06-02,Dubai Hills Estate,Apartment,3,1662.0,True,2410000.0,116000.0
2020-06-02,International City,Townhouse,3,2303.0,False,877000.0,79400.0
2020-06-02,Palm Jumeirah,Apartment,3,1182.0,True,2856000.0,133500.0
2020-06-02,Arabian Ranches,Villa,6,4975.0,False,5369000.0,252200.0
2020-06-02,International City,Apartment,3,1635.0,False,709000.0,63800.0
2020-06-03,Dubai South,Apartment,1,738.0,False,443000.0,34900.0
2020-06-03,Arabian Ranches,Apartment,2,1166.0,False,1309000.0,71700.0
2020-06-05,Palm Jumeirah,Apartment,2,1290.0,True,2566000.0,129700.0
2020-06-05,Dubai Hills Estate,Villa,5,4085.0,True,5037000.0,282600.0
2020-06-05,Jumeirah Lake Towers,Apartment,0,541.0,True,517000.0,38500.0
2020-06-05,Dubai Hills Estate,Villa,5,3672.0,False,4661000.0,266900.0
2020-06-05,Jumeirah Lake Towers,Apartment,0,522.0,True,430000.0,30800.0
2020-06-05,Dubai South,Villa,3,3125.0,False,1986000.0,163200.0
2020-06-05,Business Bay,Apartment,1,900.0,False,1339000.0,89800.0
2020-06-06,Dubai South,Apartment,1,779.0,True,361000.0,25400.0
2020-06-07,Palm Jumeirah,Villa,4,3171.0,False,6857000.0,333400.0
2020-06-07,Dubai South,Apartment,0,330.0,False,193000.0,14000.0
2020-06-07,Jumeirah Village Circle,Apartment,2,1219.0,False,1173000.0,93900.0
2020-06-08,Business Bay,Apartment,1,834.0,False,1567000.0,110400.0
2020-06-08,Business Bay,Apartment,3,1555.0,False,2356000.0,147800.0
2020-06-08,Downtown Dubai,Apartment,2,1298.0,False,2677000.0,108900.0
2020-06-08,Jumeirah Lake Towers,Apartment,2,1349.0,False,1349000.0,93000.0
2020-06-09,Arabian Ranches,Apartment,3,1826.0,True,2024000.0,116200.0
2020-06-09,Arabian Ranches,Apartment,1,761.0,False,926000.0,51200.0
2020-06-10,Jumeirah Lake Towers,Apartment,3,1667.0,False,1465000.0,109300.0
2020-06-10,Dubai Hills Estate,Apartment,0,429.0,False,537000.0,29900.0
2020-06-10,Dubai Marina,Apartment,1,846.0,False,983000.0,60500.0
2020-06-11,Dubai South,Apartment,1,714.0,False,453000.0,34000.0
2020-06-11,Dubai Hills Estate,Apartment,3,1589.0,False,1900000.0,97500.0
2020-06-11,Business Bay,Apartment,1,1001.0,False,1602000.0,93300.0
2020-06-11,Palm Jumeirah,Apartment,2,1479.0,True,3290000.0,172000.0
2020-06-11,International City,Apartment,1,1000.0,False,466000.0,45200.0
2020-06-11,Dubai Marina,Apartment,1,888.0,False,1467000.0,90100.0
2020-06-12,Dubai Marina,Apartment,3,2076.0,False,3186000.0,208700.0
2020-06-12,Jumeirah Village Circle,Apartment,2,1391.0,False,1088000.0,83900.0
2020-06-12,Palm Jumeirah,Villa,6,4804.0,True,8158000.0,433900.0
2020-06-12,Downtown Dubai,Apartment,1,857.0,False,1826000.0,101600.0
2020-06-12,Palm Jumeirah,Apartment,3,1695.0,False,4248000.0,166800.0
2020-06-12,Jumeirah Village Circle,Apartment,3,1367.0,False,1195000.0,97500.0
2020-06-13,Downtown Dubai,Apartment,2,1136.0,False,2281000.0,126800.0
2020-06-14,Palm Jumeirah,Apartment,0,300.0,True,585000.0,27900.0
2020-06-15,Dubai Marina,Apartment,0,440.0,False,633000.0,37700.0
2020-06-15,Dubai Hills Estate,Apartment,2,1235.0,False,1584000.0,96000.0
2020-06-16,Palm Jumeirah,Apartment,1,720.0,False,1973000.0,88500.0
2020-06-16,Business Bay,Apartment,3,1512.0,True,1900000.0,130200.0
2020-06-17,International City,Apartment,0,455.0,False,173000.0,17200.0
2020-06-17,Downtown Dubai,Apartment,1,568.0,False,1145000.0,67100.0
2020-06-17,Arabian Ranches,Apartment,3,1818.0,False,2099000.0,108500.0
2020-06-17,Palm Jumeirah,Apartment,0,328.0,True,785000.0,40700.0
2020-06-17,Arabian Ranches,Townhouse,4,3205.0,False,3129000.0,180900.0
2020-06-18,International City,Apartment,1,857.0,True,334000.0,32400.0
2020-06-18,Palm Jumeirah,Apartment,3,1692.0,False,3807000.0,220400.0
2020-06-18,Palm Jumeirah,Apartment,2,1211.0,True,2251000.0,93900.0
2020-06-18,Dubai South,Villa,5,4127.0,False,2783000.0,217200.0
2020-06-18,Arabian Ranches,Apartment,0,424.0,False,341000.0,16900.0
2020-06-18,Arabian Ranches,Apartment,1,887.0,True,915000.0,66000.0
2020-06-19,Jumeirah Village Circle,Apartment,2,1375.0,False,1352000.0,117700.0
2020-06-19,Dubai Hills Estate,Apartment,2,1461.0,False,2173000.0,127100.0
2020-06-19,Dubai South,Apartment,3,1498.0,True,645000.0,47300.0
2020-06-20,Palm Jumeirah,Apartment,3,1820.0,False,4446000.0,257600.0
2020-06-20,Dubai South,Apartment,0,487.0,True,287000.0,20800.0
2020-06-20,Business Bay,Townhouse,6,3865.0,False,4112000.0,324200.0
2020-06-20,Business Bay,Apartment,2,1505.0,True,2011000.0,126300.0
2020-06-20,Business Bay,Apartment,1,1047.0,False,1873000.0,108200.0
2020-06-21,Jumeirah Lake Towers,Apartment,2,1063.0,True,893000.0,65700.0
2020-06-22,Arabian Ranches,Apartment,3,2112.0,True,2017000.0,106500.0
2020-06-22,International City,Apartment,3,1741.0,True,689000.0,61200.0
2020-06-22,Arabian Ranches,Apartment,2,1349.0,False,1344000.0,77200.0
2020-06-22,Dubai Hills Estate,Villa,6,4420.0,False,5874000.0,360000.0
2020-06-23,Dubai Hills Estate,Apartment,3,1970.0,True,2320000.0,131900.0
2020-06-23,Dubai Hills Estate,Apartment,1,812.0,True,1109000.0,74700.0
2020-06-23,Palm Jumeirah,Apartment,1,933.0,True,2033000.0,91300.0
2020-06-23,Palm Jumeirah,Apartment,2,1183.0,False,3040000.0,135100.0
2020-06-24,Downtown Dubai,Apartment,1,793.0,False,1428000.0,74000.0
2020-06-24,Dubai South,Apartment,1,870.0,False,662000.0,49900.0
2020-06-24,Palm Jumeirah,Townhouse,4,2750.0,False,4663000.0,227800.0
2020-06-24,Business Bay,Apartment,3,1666.0,False,2109000.0,127900.0
2020-06-24,Palm Jumeirah,Apartment,3,1783.0,False,4196000.0,197100.0
2020-06-25,Jumeirah Lake Towers,Apartment,1,667.0,True,553000.0,41000.0
2020-06-25,Jumeirah Lake Towers,Apartment,3,1353.0,True,1429000.0,96900.0
2020-06-25,International City,Apartment,1,706.0,False,337000.0,31200.0
2020-06-26,Dubai Hills Estate,Apartment,2,1382.0,False,1838000.0,114200.0
2020-06-26,International City,Apartment,2,1211.0,True,520000.0,48200.0
2020-06-26,Dubai Hills Estate,Apartment,3,1840.0,False,2086000.0,125200.0
2020-06-26,International City,Apartment,0,437.0,True,203000.0,16900.0
2020-06-27,Dubai Hills Estate,Apartment,1,754.0,False,919000.0,57200.0
2020-06-27,Downtown Dubai,Apartment,1,1016.0,False,1927000.0,80300.0
2020-06-27,Arabian Ranches,Apartment,1,940.0,False,1048000.0,57800.0
2020-06-27,Downtown Dubai,Apartment,2,1337.0,False,2523000.0,149000.0
2020-06-27,Business Bay,Apartment,1,755.0,True,1187000.0,85800.0
2020-06-27,Jumeirah Lake Towers,Apartment,1,787.0,True,736000.0,38900.0
2020-06-27,Dubai Hills Estate,Apartment,2,1439.0,False,1556000.0,86000.0
2020-06-27,Dubai Hills Estate,Villa,4,3831.0,False,5382000.0,345700.0
2020-06-28,Arabian Ranches,Villa,4,3444.0,False,4200000.0,271400.0
2020-06-28,Jumeirah Lake Towers,Townhouse,6,3917.0,False,4303000.0,296300.0
2020-06-28,Arabian Ranches,Villa,3,2965.0,True,2404000.0,134600.0
2020-07-01,Arabian Ranches,Apartment,2,882.0,False,888000.0,52700.0
2020-07-01,Downtown Dubai,Apartment,2,1431.0,False,2833000.0,181600.0
2020-07-01,Arabian Ranches,Apartment,1,825.0,True,637000.0,33400.0
2020-07-02,Jumeirah Lake Towers,Apartment,0,483.0,False,458000.0,35300.0
2020-07-02,International City,Apartment,3,1607.0,True,544000.0,52100.0
2020-07-02,Jumeirah Village Circle,Apartment,3,1501.0,False,1323000.0,103800.0
2020-07-02,International City,Apartment,1,991.0,False,395000.0,33900.0
2020-07-03,Arabian Ranches,Apartment,1,846.0,False,705000.0,40500.0
2020-07-03,Jumeirah Village Circle,Apartment,1,1025.0,False,929000.0,82700.0
2020-07-03,Business Bay,Apartment,2,1395.0,False,1636000.0,111300.0
2020-07-03,Dubai Marina,Apartment,0,479.0,False,843000.0,55400.0
2020-07-03,Arabian Ranches,Townhouse,6,3993.0,False,4158000.0,226700.0
2020-07-03,Dubai Marina,Apartment,1,729.0,False,1145000.0,60500.0
2020-07-04,Arabian Ranches,Apartment,0,522.0,True,515000.0,27400.0
2020-07-04,Arabian Ranches,Apartment,1,836.0,False,835000.0,37000.0
2020-07-04,Arabian Ranches,Villa,6,4525.0,False,4359000.0,245000.0
2020-07-04,International City,Apartment,1,1013.0,True,430000.0,35700.0
2020-07-04,International City,Apartment,0,470.0,True,197000.0,13900.0
2020-07-05,Jumeirah Lake Towers,Apartment,3,1538.0,True,1312000.0,90400.0
2020-07-05,Downtown Dubai,Apartment,1,712.0,False,1615000.0,98100.0
2020-07-05,Palm Jumeirah,Apartment,1,964.0,False,1903000.0,107200.0
2020-07-05,Palm Jumeirah,Apartment,2,1298.0,True,2429000.0,115700.0
2020-07-05,Arabian Ranches,Apartment,3,1613.0,False,1694000.0,98500.0
2020-07-05,Downtown Dubai,Apartment,2,1251.0,False,2889000.0,142000.0
2020-07-05,International City,Apartment,2,1368.0,True,556000.0,48000.0
2020-07-06,Dubai Hills Estate,Apartment,1,939.0,True,1079000.0,63800.0
2020-07-06,Arabian Ranches,Apartment,2,1459.0,True,1593000.0,86300.0
2020-07-06,International City,Apartment,1,785.0,False,322000.0,33400.0
2020-07-07,Downtown Dubai,Apartment,0,462.0,True,866000.0,47200.0
2020-07-07,Downtown Dubai,Apartment,0,407.0,False,769000.0,45000.0
2020-07-07,Arabian Ranches,Apartment,0,449.0,False,446000.0,23700.0
2020-07-08,Arabian Ranches,Apartment,3,1673.0,False,1891000.0,94800.0
2020-07-08,Dubai South,Apartment,0,418.0,False,250000.0,20000.0
2020-07-09,Palm Jumeirah,Apartment,2,1318.0,False,3448000.0,166000.0
2020-07-09,International City,Apartment,1,811.0,False,336000.0,27000.0
2020-07-09,Dubai Hills Estate,Apartment,3,1462.0,False,1876000.0,99400.0
2020-07-09,International City,Apartment,0,546.0,False,218000.0,19200.0
2020-07-09,Downtown Dubai,Townhouse,4,2812.0,True,6167000.0,337800.0
2020-07-09,Dubai Hills Estate,Villa,5,4121.0,True,5489000.0,317400.0
2020-07-10,Dubai Marina,Apartment,3,1728.0,False,2576000.0,155900.0
2020-07-10,Downtown Dubai,Apartment,3,1901.0,False,4197000.0,245300.0
2020-07-11,Jumeirah Lake Towers,Apartment,1,993.0,True,833000.0,66500.0
2020-07-11,International City,Apartment,2,1266.0,False,608000.0,60100.0
2020-07-11,Downtown Dubai,Apartment,2,1337.0,False,2864000.0,135600.0
2020-07-11,Jumeirah Lake Towers,Apartment,3,1525.0,False,1743000.0,117000.0
2020-07-11,International City,Apartment,2,1350.0,False,523000.0,46200.0
2020-07-12,Jumeirah Lake Towers,Apartment,2,1298.0,True,1283000.0,87400.0
2020-07-12,Downtown Dubai,Apartment,2,1200.0,True,2733000.0,156800.0
2020-07-12,Arabian Ranches,Apartment,1,802.0,False,960000.0,52800.0
2020-07-12,Jumeirah Village Circle,Apartment,1,1144.0,False,791000.0,61400.0
2020-07-13,Dubai Marina,Apartment,1,994.0,True,1365000.0,86700.0
2020-07-13,Dubai Marina,Apartment,2,1339.0,False,1847000.0,135700.0
2020-07-13,Jumeirah Village Circle,Apartment,0,493.0,True,386000.0,28300.0
2020-07-13,Business Bay,Apartment,3,1756.0,False,2374000.0,151200.0
2020-07-13,Palm Jumeirah,Villa,4,4018.0,False,11508000.0,583000.0
2020-07-14,Downtown Dubai,Apartment,0,300.0,True,573000.0,30300.0
2020-07-14,Dubai South,Apartment,0,354.0,False,231000.0,17100.0
2020-07-14,Downtown Dubai,Apartment,0,402.0,False,806000.0,44100.0
2020-07-15,Palm Jumeirah,Townhouse,4,2726.0,False,6033000.0,266200.0
2020-07-15,Jumeirah Lake Towers,Apartment,1,924.0,False,990000.0,81900.0
2020-07-15,Downtown Dubai,Apartment,1,825.0,True,1518000.0,81500.0
2020-07-15,Jumeirah Lake Towers,Apartment,3,1757.0,True,1585000.0,108200.0
2020-07-15,Palm Jumeirah,Apartment,0,400.0,False,1085000.0,62600.0
2020-07-16,Jumeirah Village Circle,Apartment,1,914.0,False,751000.0,50800.0
2020-07-16,Jumeirah Lake Towers,Apartment,1,1031.0,False,1138000.0,76300.0
2020-07-17,Jumeirah Village Circle,Apartment,0,454.0,True,287000.0,22900.0
2020-07-17,Jumeirah Village Circle,Apartment,2,1245.0,False,810000.0,59700.0
2020-07-17,Business Bay,Apartment,1,909.0,False,1172000.0,90900.0
2020-07-18,Downtown Dubai,Apartment,2,1269.0,True,2377000.0,126300.0
2020-07-18,Dubai South,Villa,6,4109.0,True,2381000.0,185500.0
2020-07-18,Arabian Ranches,Apartment,3,1608.0,False,1982000.0,92300.0
2020-07-18,Jumeirah Village Circle,Apartment,2,1373.0,False,1050000.0,84100.0
2020-07-18,Jumeirah Village Circle,Apartment,2,1499.0,False,895000.0,71200.0
2020-07-19,Business Bay,Apartment,1,670.0,True,716000.0,39000.0
2020-07-19,Dubai Hills Estate,Villa,3,3154.0,True,2743000.0,178000.0
2020-07-19,Dubai South,Townhouse,5,3556.0,False,1908000.0,151400.0
2020-07-20,Dubai Marina,Apartment,1,1053.0,False,1529000.0,75300.0
2020-07-20,Downtown Dubai,Apartment,3,1772.0,False,4086000.0,209100.0
2020-07-21,International City,Apartment,3,2041.0,False,688000.0,66900.0
2020-07-21,Dubai South,Apartment,1,736.0,True,471000.0,35600.0
2020-07-21,Palm Jumeirah,Apartment,2,1277.0,False,3710000.0,176800.0
2020-07-22,Jumeirah Lake Towers,Apartment,1,828.0,True,720000.0,58200.0
2020-07-22,Palm Jumeirah,Apartment,1,918.0,False,1704000.0,72000.0
2020-07-22,Palm Jumeirah,Apartment,3,1661.0,True,3987000.0,168400.0
2020-07-22,Palm Jumeirah,Apartment,3,1841.0,True,3702000.0,174700.0
2020-07-22,International City,Apartment,2,1212.0,True,406000.0,37700.0
2020-07-22,Dubai Hills Estate,Apartment,1,782.0,False,974000.0,65400.0
2020-07-22,Palm Jumeirah,Apartment,2,1052.0,True,2266000.0,119700.0
2020-07-22,Dubai South,Apartment,0,556.0,False,260000.0,23200.0
2020-07-23,Palm Jumeirah,Apartment,0,470.0,False,1109000.0,58400.0
2020-07-23,Downtown Dubai,Townhouse,6,3487.0,True,7104000.0,390600.0
2020-07-23,Jumeirah Village Circle,Apartment,3,1680.0,False,1231000.0,104200.0
2020-07-23,Dubai South,Apartment,1,1053.0,True,709000.0,58900.0
2020-07-24,Palm Jumeirah,Apartment,1,893.0,False,1974000.0,101200.0
2020-07-24,Palm Jumeirah,Apartment,3,1609.0,False,3538000.0,167800.0
2020-07-24,Dubai Hills Estate,Villa,5,4086.0,False,5367000.0,332000.0
2020-07-24,Arabian Ranches,Apartment,1,969.0,False,998000.0,50800.0
2020-07-25,Business Bay,Apartment,3,1737.0,True,2311000.0,137000.0
2020-07-25,Dubai Marina,Apartment,0,414.0,True,520000.0,34500.0
2020-07-26,Business Bay,Apartment,2,1398.0,False,1726000.0,107600.0
2020-07-26,Palm Jumeirah,Apartment,1,920.0,True,2041000.0,80000.0
2020-07-26,Dubai Hills Estate,Villa,6,4247.0,False,6688000.0,399300.0
2020-07-27,Palm Jumeirah,Apartment,1,792.0,True,1671000.0,81800.0
2020-07-27,Palm Jumeirah,Villa,4,3394.0,False,9157000.0,471600.0
2020-07-27,Jumeirah Village Circle,Apartment,3,1477.0,True,1162000.0,118100.0
2020-07-27,Palm Jumeirah,Villa,5,3925.0,False,9225000.0,451500.0
2020-07-28,Business Bay,Apartment,0,735.0,True,1036000.0,62200.0
2020-07-28,Arabian Ranches,Apartment,1,846.0,False,1020000.0,49000.0
2020-08-01,Jumeirah Lake Towers,Townhouse,5,3567.0,False,3531000.0,279000.0
2020-08-01,Business Bay,Apartment,0,618.0,False,701000.0,48200.0
2020-08-02,Arabian Ranches,Apartment,3,1669.0,True,1466000.0,79300.0
2020-08-02,Business Bay,Apartment,1,942.0,False,1871000.0,123200.0
2020-08-02,Dubai Hills Estate,Apartment,0,500.0,False,580000.0,33300.0
2020-08-02,Downtown Dubai,Apartment,1,763.0,True,1247000.0,70700.0
2020-08-02,Dubai Marina,Apartment,2,1044.0,False,1584000.0,86600.0
2020-08-03,Downtown Dubai,Apartment,3,1689.0,False,3369000.0,198600.0
2020-08-03,Jumeirah Village Circle,Apartment,3,1478.0,False,1081000.0,67200.0
2020-08-03,Dubai Hills Estate,Apartment,3,2174.0,False,2844000.0,173100.0
2020-08-03,Jumeirah Lake Towers,Apartment,0,422.0,False,401000.0,23700.0
2020-08-03,Palm Jumeirah,Villa,5,3711.0,False,9099000.0,465900.0
2020-08-04,Jumeirah Lake Towers,Apartment,3,1781.0,True,1519000.0,111600.0
2020-08-04,Dubai Marina,Apartment,2,1308.0,False,1769000.0,106800.0
2020-08-04,Dubai Marina,Apartment,1,864.0,False,1221000.0,77800.0
2020-08-04,Dubai South,Apartment,2,1253.0,True,737000.0,54200.0
2020-08-05,Dubai South,Apartment,3,1600.0,True,1005000.0,72800.0
2020-08-05,International City,Apartment,1,991.0,False,358000.0,38100.0
2020-08-05,International City,Apartment,0,470.0,False,187000.0,18300.0
2020-08-06,Dubai Marina,Apartment,1,946.0,False,1362000.0,89800.0
2020-08-06,Palm Jumeirah,Apartment,2,1598.0,False,3969000.0,207300.0
2020-08-07,Jumeirah Village Circle,Apartment,0,514.0,True,370000.0,27100.0
2020-08-07,Arabian Ranches,Villa,6,4696.0,False,3777000.0,193500.0
2020-08-07,Dubai Marina,Townhouse,4,3117.0,False,3033000.0,208400.0
2020-08-07,International City,Apartment,0,477.0,False,197000.0,16000.0
2020-08-07,Dubai Hills Estate,Townhouse,5,2827.0,True,3809000.0,178800.0
2020-08-08,Downtown Dubai,Apartment,2,1198.0,False,2919000.0,145600.0
2020-08-08,Dubai Hills Estate,Apartment,2,1140.0,False,1689000.0,110300.0
2020-08-08,Palm Jumeirah,Villa,5,4408.0,True,8424000.0,348000.0
2020-08-08,Downtown Dubai,Apartment,3,1823.0,True,3586000.0,181500.0
2020-08-08,Jumeirah Lake Towers,Apartment,2,1243.0,False,1626000.0,137300.0
2020-08-09,Arabian Ranches,Townhouse,3,2435.0,False,1984000.0,117400.0
2020-08-09,Dubai Marina,Apartment,3,1708.0,False,2459000.0,155500.0
2020-08-09,Jumeirah Lake Towers,Apartment,0,384.0,False,318000.0,23900.0
2020-08-09,Jumeirah Village Circle,Apartment,2,1383.0,False,1099000.0,88300.0
2020-08-09,Jumeirah Village Circle,Apartment,3,1526.0,False,1173000.0,104400.0
2020-08-09,Downtown Dubai,Apartment,3,1603.0,False,4798000.0,232100.0
2020-08-10,Business Bay,Apartment,2,1024.0,True,1171000.0,64200.0
2020-08-10,Dubai Marina,Apartment,0,383.0,True,584000.0,38800.0
2020-08-11,Downtown Dubai,Apartment,3,1372.0,True,2420000.0,139700.0
2020-08-11,Dubai Hills Estate,Villa,6,3981.0,False,4999000.0,250300.0
2020-08-11,International City,Apartment,0,430.0,False,159000.0,17200.0
2020-08-12,Jumeirah Lake Towers,Apartment,3,1639.0,False,1576000.0,96900.0
2020-08-12,Business Bay,Apartment,2,1410.0,False,2212000.0,150400.0
2020-08-13,Dubai Marina,Apartment,1,912.0,False,1508000.0,94200.0
2020-08-14,Arabian Ranches,Apartment,0,473.0,True,495000.0,25900.0
2020-08-14,Palm Jumeirah,Apartment,2,1451.0,True,4208000.0,244900.0
2020-08-14,Arabian Ranches,Apartment,3,1756.0,True,1580000.0,81000.0
2020-08-14,Jumeirah Village Circle,Apartment,2,1245.0,True,735000.0,70600.0
2020-08-15,International City,Apartment,1,884.0,True,360000.0,31400.0
2020-08-16,Dubai Hills Estate,Villa,4,3671.0,False,5387000.0,387500.0
2020-08-16,International City,Apartment,3,2078.0,False,1244000.0,100900.0
2020-08-17,Downtown Dubai,Apartment,3,1821.0,True,4014000.0,191400.0
2020-08-17,Palm Jumeirah,Villa,6,4991.0,False,10794000.0,495500.0
2020-08-18,Dubai Marina,Apartment,0,491.0,False,746000.0,46500.0
2020-08-18,Palm Jumeirah,Apartment,1,814.0,False,1749000.0,82100.0
2020-08-18,Dubai Marina,Apartment,3,1751.0,False,2547000.0,151300.0
2020-08-18,Dubai Marina,Apartment,0,423.0,True,509000.0,25700.0
2020-08-18,Dubai Hills Estate,Apartment,3,1794.0,False,1853000.0,114500.0
2020-08-18,Jumeirah Village Circle,Apartment,1,754.0,False,651000.0,51400.0
2020-08-19,Dubai Marina,Apartment,1,789.0,False,1230000.0,71500.0
2020-08-19,Business Bay,Apartment,1,999.0,False,1406000.0,99700.0
2020-08-19,International City,Apartment,2,1387.0,False,693000.0,63400.0
2020-08-19,Dubai Hills Estate,Apartment,3,1474.0,False,1995000.0,130900.0
2020-08-20,Business Bay,Apartment,1,966.0,False,1325000.0,77900.0
2020-08-20,Jumeirah Village Circle,Apartment,3,1946.0,False,1586000.0,139400.0
2020-08-20,Jumeirah Village Circle,Apartment,3,1565.0,True,1055000.0,83300.0
2020-08-20,Jumeirah Village Circle,Apartment,3,1550.0,False,1178000.0,98300.0
2020-08-20,Business Bay,Townhouse,3,2773.0,False,4320000.0,300500.0
2020-08-20,Dubai Hills Estate,Apartment,1,823.0,False,1270000.0,96200.0
2020-08-21,International City,Apartment,0,501.0,False,187000.0,17500.0
2020-08-21,Dubai Marina,Apartment,3,1837.0,True,2607000.0,171000.0
2020-08-21,Dubai Marina,Apartment,3,1467.0,False,2012000.0,131300.0
2020-08-22,Jumeirah Village Circle,Apartment,2,1236.0,False,982000.0,76900.0
2020-08-22,Dubai South,Apartment,2,1456.0,False,931000.0,67300.0
2020-08-23,Palm Jumeirah,Apartment,0,403.0,False,979000.0,48200.0
2020-08-23,Palm Jumeirah,Apartment,1,719.0,True,2029000.0,87700.0
2020-08-24,Dubai Marina,Apartment,3,1835.0,True,2752000.0,154900.0
2020-08-24,Jumeirah Village Circle,Apartment,0,441.0,False,277000.0,19200.0
2020-08-24,Dubai South,Villa,4,3487.0,False,1909000.0,124600.0
2020-08-24,Downtown Dubai,Apartment,2,1291.0,False,2515000.0,131700.0
2020-08-25,International City,Apartment,1,902.0,False,382000.0,31100.0
2020-08-25,Arabian Ranches,Apartment,1,912.0,False,929000.0,46100.0
2020-08-25,Business Bay,Apartment,1,787.0,True,1054000.0,79200.0
2020-08-26,Jumeirah Lake Towers,Townhouse,5,3178.0,False,3311000.0,268400.0
2020-08-26,Dubai South,Apartment,3,1673.0,True,1019000.0,67800.0
2020-08-26,Dubai Marina,Apartment,3,1693.0,False,2816000.0,183200.0
2020-08-27,Dubai Hills Estate,Apartment,2,1256.0,True,1532000.0,91500.0
2020-08-27,Palm Jumeirah,Villa,6,4293.0,False,10001000.0,573100.0
2020-08-27,Dubai Marina,Apartment,3,1888.0,False,2953000.0,191700.0
2020-08-28,Palm Jumeirah,Apartment,0,300.0,False,775000.0,37800.0
2020-08-28,Dubai South,Villa,4,3698.0,True,2095000.0,141800.0
2020-08-28,Downtown Dubai,Apartment,1,977.0,False,1990000.0,111500.0
2020-08-28,International City,Apartment,2,1392.0,True,551000.0,43600.0
2020-08-28,Dubai Hills Estate,Apartment,0,467.0,True,457000.0,29700.0
2020-08-28,Jumeirah Village Circle,Apartment,0,405.0,True,260000.0,19800.0
2020-09-01,Dubai Hills Estate,Apartment,0,314.0,True,352000.0,17300.0
2020-09-01,Jumeirah Lake Towers,Apartment,0,494.0,False,470000.0,36900.0
2020-09-01,Palm Jumeirah,Apartment,3,1622.0,True,3727000.0,156300.0
2020-09-01,International City,Apartment,1,747.0,False,378000.0,37600.0
2020-09-01,Business Bay,Apartment,1,878.0,True,1145000.0,81700.0
2020-09-01,Palm Jumeirah,Apartment,1,726.0,True,1385000.0,70400.0
2020-09-02,Dubai Marina,Apartment,0,482.0,True,699000.0,40800.0
2020-09-02,Dubai South,Villa,4,3206.0,False,1917000.0,143200.0
2020-09-02,Business Bay,Apartment,2,1138.0,False,1616000.0,100900.0
2020-09-02,International City,Apartment,1,848.0,False,334000.0,23700.0
2020-09-02,Dubai South,Apartment,2,1722.0,False,1470000.0,96400.0
2020-09-02,International City,Apartment,0,383.0,False,165000.0,11200.0
2020-09-02,Dubai Marina,Apartment,3,1797.0,False,3127000.0,208800.0
2020-09-03,Jumeirah Village Circle,Apartment,3,1535.0,True,950000.0,91900.0
2020-09-03,Jumeirah Village Circle,Apartment,1,571.0,False,411000.0,26900.0
2020-09-03,Jumeirah Lake Towers,Apartment,0,454.0,False,499000.0,41100.0
2020-09-03,Jumeirah Lake Towers,Apartment,0,617.0,False,709000.0,53300.0
2020-09-03,Dubai South,Villa,4,3572.0,True,1946000.0,140300.0
2020-09-03,Dubai Hills Estate,Apartment,2,1313.0,False,1953000.0,116000.0
2020-09-03,Dubai South,Apartment,0,482.0,False,456000.0,33800.0
2020-09-03,Dubai Marina,Apartment,0,402.0,False,712000.0,48600.0
2020-09-04,Jumeirah Lake Towers,Townhouse,3,2266.0,False,2000000.0,147500.0
2020-09-05,Arabian Ranches,Townhouse,3,2449.0,True,2432000.0,139800.0
2020-09-05,Jumeirah Village Circle,Apartment,3,1548.0,False,1335000.0,98500.0
2020-09-06,Palm Jumeirah,Apartment,2,1230.0,True,2811000.0,145100.0
2020-09-06,Downtown Dubai,Apartment,1,765.0,True,1419000.0,65900.0
2020-09-06,International City,Apartment,0,408.0,False,162000.0,15000.0
2020-09-06,Downtown Dubai,Apartment,3,1767.0,True,3696000.0,206300.0
2020-09-06,Palm Jumeirah,Apartment,3,1758.0,False,3196000.0,130700.0
2020-09-07,Jumeirah Lake Towers,Apartment,1,1065.0,False,874000.0,74100.0
2020-09-08,Dubai South,Villa,4,3803.0,False,2845000.0,210500.0
2020-09-08,Dubai Hills Estate,Villa,3,2951.0,True,4005000.0,206100.0
2020-09-09,Jumeirah Lake Towers,Apartment,0,528.0,False,494000.0,34300.0
2020-09-09,Downtown Dubai,Apartment,0,451.0,True,869000.0,56000.0
2020-09-10,Business Bay,Apartment,3,1851.0,False,2422000.0,153900.0
2020-09-11,International City,Apartment,1,823.0,True,323000.0,29900.0
2020-09-11,Palm Jumeirah,Apartment,0,426.0,False,1115000.0,64600.0
2020-09-11,Business Bay,Apartment,3,2052.0,False,3317000.0,257800.0
2020-09-11,Jumeirah Village Circle,Apartment,2,1337.0,True,1037000.0,84300.0
2020-09-11,Downtown Dubai,Apartment,3,1597.0,True,3583000.0,179500.0
2020-09-12,Jumeirah Village Circle,Apartment,0,508.0,False,389000.0,29600.0
2020-09-12,Downtown Dubai,Apartment,0,458.0,False,910000.0,42300.0
2020-09-12,Dubai Hills Estate,Apartment,1,853.0,False,1252000.0,70400.0
2020-09-12,Dubai Hills Estate,Apartment,0,461.0,False,704000.0,36500.0
2020-09-13,Jumeirah Village Circle,Apartment,3,1727.0,True,1311000.0,107700.0
2020-09-14,International City,Apartment,2,1347.0,True,515000.0,47200.0
2020-09-14,Dubai Hills Estate,Apartment,0,446.0,True,444000.0,23600.0
2020-09-14,Arabian Ranches,Apartment,3,1618.0,False,2033000.0,132400.0
2020-09-15,Dubai Marina,Apartment,2,1023.0,False,1364000.0,88000.0
2020-09-15,Downtown Dubai,Apartment,0,392.0,False,718000.0,46500.0
2020-09-15,Dubai Marina,Apartment,3,1476.0,False,2271000.0,139200.0
2020-09-16,Jumeirah Village Circle,Apartment,2,1299.0,True,899000.0,76000.0
2020-09-16,Dubai Hills Estate,Apartment,0,509.0,True,646000.0,38300.0
2020-09-17,Dubai Marina,Apartment,0,555.0,True,828000.0,44000.0
2020-09-17,Arabian Ranches,Townhouse,3,2629.0,False,2772000.0,123900.0
2020-09-17,Jumeirah Village Circle,Apartment,1,794.0,False,631000.0,52400.0
2020-09-17,International City,Apartment,1,816.0,False,300000.0,20000.0
2020-09-17,Dubai Hills Estate,Apartment,0,513.0,False,593000.0,31700.0
2020-09-17,Dubai Hills Estate,Apartment,2,1146.0,False,1522000.0,104700.0
2020-09-17,Dubai Marina,Apartment,2,1283.0,False,1681000.0,91800.0
2020-09-17,Dubai Marina,Apartment,1,878.0,False,1179000.0,68300.0
2020-09-18,Downtown Dubai,Apartment,0,462.0,False,892000.0,47400.0
2020-09-18,Dubai South,Apartment,0,405.0,False,269000.0,21900.0
2020-09-20,Dubai South,Apartment,3,1933.0,False,1390000.0,104400.0
2020-09-20,Business Bay,Apartment,3,1894.0,False,2931000.0,206600.0
2020-09-20,Business Bay,Apartment,2,1274.0,False,1637000.0,116200.0
2020-09-21,Jumeirah Village Circle,Apartment,3,1924.0,True,1298000.0,95000.0
2020-09-21,Jumeirah Lake Towers,Apartment,1,788.0,False,679000.0,44900.0
2020-09-21,Palm Jumeirah,Apartment,2,1400.0,False,3826000.0,224000.0
2020-09-21,Jumeirah Lake Towers,Apartment,1,827.0,False,941000.0,66200.0
2020-09-21,Jumeirah Lake Towers,Apartment,1,806.0,False,702000.0,55400.0
2020-09-21,Palm Jumeirah,Apartment,2,1072.0,True,2350000.0,130500.0
2020-09-22,Jumeirah Lake Towers,Townhouse,4,3457.0,True,3020000.0,216400.0
2020-09-22,Downtown Dubai,Apartment,0,411.0,True,671000.0,39400.0
2020-09-22,Arabian Ranches,Villa,6,4092.0,False,4343000.0,230500.0
2020-09-22,International City,Apartment,1,1161.0,False,424000.0,36800.0
2020-09-22,Jumeirah Village Circle,Apartment,1,928.0,False,928000.0,66900.0
2020-09-23,Arabian Ranches,Apartment,0,430.0,False,461000.0,28200.0
2020-09-23,Dubai Hills Estate,Apartment,2,1078.0,False,1743000.0,121700.0
2020-09-23,Dubai Hills Estate,Townhouse,6,3787.0,False,3334000.0,208300.0
2020-09-23,Arabian Ranches,Apartment,0,425.0,True,433000.0,20600.0
2020-09-23,Downtown Dubai,Apartment,3,1830.0,False,4325000.0,244500.0
2020-09-24,Jumeirah Village Circle,Apartment,1,654.0,False,486000.0,40600.0
2020-09-24,Downtown Dubai,Apartment,3,1893.0,False,4301000.0,293100.0
2020-09-24,Jumeirah Lake Towers,Apartment,3,1488.0,False,1437000.0,114200.0
2020-09-25,Jumeirah Lake Towers,Apartment,1,1076.0,False,1342000.0,85700.0
2020-09-25,Arabian Ranches,Apartment,0,373.0,False,328000.0,18500.0
2020-09-25,Business Bay,Apartment,2,1405.0,False,1754000.0,123400.0
2020-09-25,Dubai South,Apartment,3,1795.0,False,1198000.0,97800.0
2020-09-25,Downtown Dubai,Apartment,1,1073.0,False,2765000.0,149700.0
2020-09-25,Dubai Marina,Apartment,1,1078.0,False,1670000.0,107900.0
2020-09-25,Dubai South,Apartment,1,915.0,True,605000.0,65900.0
2020-09-26,Dubai Marina,Apartment,1,951.0,False,1795000.0,126000.0
2020-09-26,Jumeirah Village Circle,Apartment,0,489.0,False,383000.0,35000.0
2020-09-26,Dubai Hills Estate,Apartment,0,393.0,True,427000.0,31400.0
2020-09-26,Business Bay,Apartment,3,1748.0,True,2444000.0,135700.0
2020-09-26,Dubai South,Apartment,1,742.0,False,504000.0,33200.0
2020-09-27,Jumeirah Lake Towers,Apartment,1,850.0,False,823000.0,65200.0
2020-09-27,Palm Jumeirah,Villa,6,3736.0,False,7665000.0,356900.0
2020-09-27,Downtown Dubai,Apartment,3,1727.0,False,4067000.0,238400.0
2020-09-27,Dubai Marina,Apartment,1,935.0,False,1198000.0,81900.0
2020-09-27,Downtown Dubai,Apartment,2,1219.0,False,3253000.0,178600.0
2020-09-28,Arabian Ranches,Townhouse,6,4116.0,False,4625000.0,238900.0
2020-09-28,Arabian Ranches,Apartment,3,1336.0,False,1371000.0,71700.0
2020-09-28,Business Bay,Apartment,2,1053.0,False,1358000.0,104400.0
2020-09-28,Dubai Hills Estate,Apartment,0,506.0,True,576000.0,35700.0
2020-09-28,Jumeirah Village Circle,Apartment,0,552.0,False,480000.0,34700.0
2020-09-28,International City,Apartment,3,1621.0,False,602000.0,49900.0
2020-10-01,Business Bay,Apartment,3,2033.0,False,2713000.0,155100.0
2020-10-01,Downtown Dubai,Apartment,1,904.0,False,1798000.0,91400.0
2020-10-01,Dubai Marina,Apartment,3,1622.0,True,1695000.0,111800.0
2020-10-02,Dubai Marina,Apartment,0,434.0,False,602000.0,36900.0
2020-10-02,Palm Jumeirah,Apartment,2,1411.0,True,3497000.0,193800.0
2020-10-03,Arabian Ranches,Apartment,0,367.0,False,371000.0,18700.0
2020-10-03,Business Bay,Apartment,0,498.0,True,601000.0,43200.0
2020-10-03,Dubai South,Apartment,0,425.0,False,308000.0,24900.0
2020-10-04,Dubai Hills Estate,Apartment,1,882.0,False,1162000.0,75400.0
2020-10-04,Jumeirah Village Circle,Apartment,3,1774.0,False,1497000.0,120200.0
2020-10-04,Jumeirah Lake Towers,Apartment,2,1262.0,False,1077000.0,89700.0
2020-10-05,International City,Apartment,3,1607.0,True,696000.0,65000.0
2020-10-05,Jumeirah Village Circle,Apartment,0,555.0,False,413000.0,30700.0
2020-10-05,Palm Jumeirah,Apartment,1,713.0,False,1758000.0,91600.0
2020-10-05,Dubai South,Apartment,1,926.0,False,687000.0,70000.0
2020-10-05,Downtown Dubai,Apartment,0,495.0,True,1002000.0,44900.0
2020-10-05,Jumeirah Lake Towers,Apartment,0,544.0,False,518000.0,44200.0
2020-10-06,Downtown Dubai,Apartment,3,1949.0,False,3624000.0,214700.0
2020-10-06,Arabian Ranches,Apartment,0,474.0,False,501000.0,31700.0
2020-10-06,Downtown Dubai,Apartment,0,361.0,True,600000.0,32800.0
2020-10-06,Dubai Marina,Apartment,1,798.0,True,1141000.0,72500.0
2020-10-07,Palm Jumeirah,Apartment,0,353.0,True,693000.0,45900.0
2020-10-07,Dubai Hills Estate,Apartment,1,838.0,False,1141000.0,76700.0
2020-10-08,Jumeirah Lake Towers,Apartment,1,852.0,False,764000.0,52600.0
2020-10-08,Dubai South,Apartment,3,1725.0,False,1245000.0,86700.0
2020-10-08,Dubai South,Villa,5,3357.0,False,2014000.0,138500.0
2020-10-08,Palm Jumeirah,Apartment,0,419.0,True,892000.0,44400.0
2020-10-09,International City,Apartment,0,381.0,False,150000.0,13400.0
2020-10-10,Jumeirah Lake Towers,Apartment,1,884.0,False,836000.0,52900.0
2020-10-10,Dubai South,Villa,6,4547.0,True,2317000.0,155700.0
2020-10-10,Dubai Marina,Apartment,1,825.0,False,1254000.0,82200.0
2020-10-10,International City,Apartment,3,1581.0,False,732000.0,60500.0
2020-10-11,Jumeirah Village Circle,Apartment,2,1313.0,False,1056000.0,83600.0
2020-10-11,Business Bay,Apartment,2,1327.0,True,2106000.0,155800.0
2020-10-11,Dubai South,Apartment,0,357.0,False,214000.0,19500.0
2020-10-12,Arabian Ranches,Townhouse,5,3258.0,False,3487000.0,152300.0
2020-10-12,International City,Apartment,2,1439.0,False,599000.0,52700.0
2020-10-12,Dubai Marina,Apartment,2,1192.0,False,1717000.0,117200.0
2020-10-12,Business Bay,Apartment,3,2112.0,False,3176000.0,176800.0
2020-10-13,Business Bay,Apartment,0,484.0,False,749000.0,45800.0
2020-10-13,Business Bay,Apartment,3,1296.0,True,1815000.0,114400.0
2020-10-13,Dubai South,Apartment,2,1536.0,True,1306000.0,97100.0
2020-10-13,Dubai Hills Estate,Villa,6,4469.0,False,6085000.0,314300.0
2020-10-13,Downtown Dubai,Apartment,0,443.0,False,985000.0,55200.0
2020-10-14,Arabian Ranches,Apartment,2,1316.0,False,1253000.0,60300.0
2020-10-14,Jumeirah Village Circle,Apartment,1,835.0,True,625000.0,49800.0
2020-10-14,Dubai South,Villa,3,3032.0,False,2052000.0,165900.0
2020-10-14,Downtown Dubai,Apartment,1,895.0,False,1728000.0,116900.0
2020-10-14,Dubai Hills Estate,Apartment,0,470.0,False,597000.0,40800.0
2020-10-14,Dubai Marina,Apartment,2,1464.0,True,1997000.0,147600.0
2020-10-14,Jumeirah Village Circle,Apartment,3,1964.0,False,1522000.0,108200.0
2020-10-15,Dubai Hills Estate,Apartment,0,539.0,False,739000.0,38200.0
2020-10-15,Business Bay,Apartment,2,1173.0,False,1550000.0,98400.0
2020-10-15,International City,Apartment,0,648.0,False,215000.0,18900.0
2020-10-15,Palm Jumeirah,Apartment,1,956.0,False,1702000.0,99800.0
2020-10-15,International City,Apartment,0,412.0,False,143000.0,12600.0
2020-10-16,Business Bay,Apartment,0,340.0,False,518000.0,41100.0
2020-10-16,Dubai Hills Estate,Apartment,3,1296.0,True,1531000.0,91100.0
2020-10-16,International City,Apartment,2,1327.0,False,650000.0,64000.0
2020-10-17,International City,Apartment,3,1887.0,False,748000.0,66100.0
2020-10-18,Palm Jumeirah,Apartment,0,370.0,False,819000.0,45400.0
2020-10-18,Arabian Ranches,Villa,5,3842.0,False,3537000.0,177200.0
2020-10-19,Arabian Ranches,Villa,4,3722.0,False,3605000.0,204800.0
2020-10-19,Palm Jumeirah,Apartment,1,873.0,True,1623000.0,78600.0
2020-10-19,Business Bay,Apartment,2,1236.0,False,1853000.0,104800.0
2020-10-19,Dubai Marina,Apartment,2,1215.0,False,1758000.0,121700.0
2020-10-19,Dubai Marina,Apartment,3,1499.0,True,1746000.0,107400.0
2020-10-19,Dubai Marina,Apartment,1,906.0,False,1441000.0,93500.0
2020-10-19,Arabian Ranches,Apartment,1,838.0,False,975000.0,61400.0
2020-10-20,Dubai South,Apartment,3,1700.0,False,1150000.0,86300.0
2020-10-20,Dubai South,Apartment,0,486.0,False,398000.0,36700.0
2020-10-21,Arabian Ranches,Villa,4,3449.0,True,2735000.0,145100.0
2020-10-21,Jumeirah Village Circle,Apartment,2,1345.0,True,1067000.0,68600.0
2020-10-21,Jumeirah Lake Towers,Apartment,3,1961.0,False,2129000.0,147700.0
2020-10-22,International City,Apartment,2,1322.0,True,556000.0,53600.0
2020-10-22,Jumeirah Lake Towers,Apartment,3,1705.0,True,1571000.0,115000.0
2020-10-22,Jumeirah Lake Towers,Apartment,1,958.0,False,768000.0,59500.0
2020-10-22,Business Bay,Apartment,0,546.0,False,695000.0,46800.0
2020-10-22,Dubai Hills Estate,Apartment,2,1141.0,False,1705000.0,82100.0
2020-10-23,Dubai Hills Estate,Apartment,0,505.0,False,631000.0,39300.0
2020-10-23,International City,Apartment,1,642.0,False,240000.0,20600.0
2020-10-23,Dubai South,Apartment,1,783.0,False,513000.0,37200.0
2020-10-24,Palm Jumeirah,Apartment,1,763.0,False,1490000.0,69700.0
2020-10-25,International City,Apartment,2,1492.0,False,618000.0,52900.0
2020-10-25,Dubai South,Apartment,2,1368.0,True,859000.0,60500.0
2020-10-26,Dubai Marina,Apartment,1,847.0,False,1185000.0,84200.0
2020-10-26,Jumeirah Lake Towers,Apartment,2,1166.0,False,996000.0,73600.0
2020-10-26,Dubai Hills Estate,Apartment,3,1636.0,False,2800000.0,148400.0
2020-10-26,Dubai Marina,Apartment,1,820.0,False,986000.0,61500.0
2020-10-26,Dubai Hills Estate,Apartment,3,1591.0,True,1785000.0,97200.0
2020-10-26,Arabian Ranches,Apartment,2,1316.0,False,1296000.0,74600.0
2020-10-26,Dubai Hills Estate,Apartment,0,496.0,False,635000.0,37700.0
2020-10-27,Dubai Marina,Apartment,2,1312.0,True,1597000.0,104200.0
2020-10-27,Dubai South,Apartment,0,487.0,False,251000.0,20200.0
2020-10-27,Downtown Dubai,Apartment,0,424.0,False,840000.0,53600.0
2020-10-27,Jumeirah Village Circle,Apartment,0,376.0,False,253000.0,19700.0
2020-10-27,Arabian Ranches,Townhouse,4,2628.0,True,1797000.0,107900.0
2020-10-27,Jumeirah Lake Towers,Apartment,0,432.0,False,318000.0,20100.0
2020-10-27,International City,Apartment,2,1199.0,True,521000.0,50500.0
2020-10-28,Jumeirah Village Circle,Apartment,3,1573.0,False,1410000.0,107600.0
2020-11-01,Arabian Ranches,Apartment,1,828.0,False,736000.0,39900.0
2020-11-01,Arabian Ranches,Apartment,3,1896.0,False,2011000.0,103600.0
2020-11-01,Dubai Hills Estate,Apartment,2,1150.0,False,1618000.0,113200.0
2020-11-01,Jumeirah Lake Towers,Apartment,1,1163.0,False,1302000.0,94600.0
2020-11-02,Dubai South,Apartment,0,522.0,False,276000.0,22000.0
2020-11-02,Business Bay,Apartment,3,1914.0,False,2992000.0,193100.0
2020-11-03,Jumeirah Village Circle,Apartment,1,856.0,False,780000.0,55100.0
2020-11-03,Dubai Marina,Apartment,0,628.0,True,859000.0,55500.0
2020-11-03,Palm Jumeirah,Apartment,3,1515.0,True,3340000.0,161900.0
2020-11-03,Downtown Dubai,Apartment,0,390.0,True,786000.0,42700.0
2020-11-04,Dubai South,Apartment,0,325.0,False,208000.0,13600.0
2020-11-04,International City,Apartment,2,1252.0,False,583000.0,58600.0
2020-11-04,Dubai Hills Estate,Apartment,1,722.0,False,994000.0,57900.0
2020-11-04,Jumeirah Lake Towers,Apartment,2,1575.0,False,1354000.0,112600.0
2020-11-04,Dubai South,Apartment,1,902.0,False,670000.0,45100.0
2020-11-04,Business Bay,Apartment,1,1037.0,False,1594000.0,105200.0
2020-11-05,Arabian Ranches,Apartment,2,1207.0,True,1199000.0,65900.0
2020-11-05,Palm Jumeirah,Apartment,0,495.0,False,1215000.0,65700.0
2020-11-05,Arabian Ranches,Villa,4,4569.0,False,5223000.0,310500.0
2020-11-05,Jumeirah Village Circle,Apartment,1,867.0,False,732000.0,53700.0
2020-11-05,Jumeirah Village Circle,Apartment,1,966.0,False,753000.0,58000.0
2020-11-06,Palm Jumeirah,Apartment,1,854.0,False,2011000.0,87000.0
2020-11-06,Dubai South,Apartment,3,1374.0,False,905000.0,74800.0
2020-11-06,Palm Jumeirah,Apartment,0,553.0,False,1434000.0,65500.0
2020-11-06,Dubai Marina,Apartment,1,960.0,False,1706000.0,118700.0
2020-11-06,Dubai Hills Estate,Townhouse,6,4187.0,False,5757000.0,367600.0
2020-11-06,Palm Jumeirah,Apartment,3,1528.0,False,3362000.0,173500.0
2020-11-06,Dubai South,Apartment,0,516.0,False,400000.0,37000.0
2020-11-06,International City,Apartment,1,716.0,False,307000.0,29000.0
2020-11-06,Jumeirah Village Circle,Apartment,2,1244.0,False,788000.0,62900.0
2020-11-07,Downtown Dubai,Apartment,0,542.0,False,1047000.0,57300.0
2020-11-07,Arabian Ranches,Apartment,1,718.0,False,662000.0,46100.0
2020-11-08,Arabian Ranches,Apartment,1,944.0,False,1048000.0,51700.0
2020-11-09,Jumeirah Lake Towers,Townhouse,4,3003.0,False,2698000.0,155400.0
2020-11-09,Downtown Dubai,Apartment,1,719.0,True,1410000.0,75400.0
2020-11-09,Business Bay,Apartment,2,1284.0,False,1610000.0,125200.0
2020-11-09,Arabian Ranches,Apartment,3,1676.0,False,1747000.0,92800.0
2020-11-09,Downtown Dubai,Apartment,2,1411.0,True,3440000.0,159800.0
2020-11-09,International City,Apartment,3,1633.0,False,653000.0,49400.0
2020-11-10,Dubai Marina,Apartment,1,706.0,True,1021000.0,54100.0
2020-11-10,Downtown Dubai,Apartment,3,1359.0,True,2603000.0,132900.0
2020-11-10,Business Bay,Apartment,0,390.0,False,484000.0,30200.0
2020-11-10,International City,Apartment,3,1753.0,False,740000.0,63100.0
2020-11-10,Dubai South,Villa,4,3659.0,False,2475000.0,177600.0
2020-11-10,Dubai Marina,Apartment,1,777.0,False,1329000.0,81800.0
2020-11-11,Jumeirah Lake Towers,Apartment,0,424.0,False,363000.0,22000.0
2020-11-11,Jumeirah Lake Towers,Apartment,0,315.0,False,262000.0,17800.0
2020-11-12,Jumeirah Village Circle,Apartment,2,1268.0,False,1100000.0,88800.0
2020-11-12,Downtown Dubai,Apartment,1,811.0,True,1638000.0,91900.0
2020-11-12,Dubai South,Apartment,3,1488.0,False,893000.0,60300.0
2020-11-13,Arabian Ranches,Villa,4,3337.0,True,3240000.0,197200.0
2020-11-14,Business Bay,Apartment,2,1229.0,True,1765000.0,110700.0
2020-11-14,Palm Jumeirah,Apartment,3,2066.0,False,5334000.0,323600.0
2020-11-14,International City,Apartment,3,1921.0,False,724000.0,61500.0
2020-11-15,Palm Jumeirah,Apartment,1,734.0,False,1872000.0,91000.0
2020-11-15,Business Bay,Apartment,3,1701.0,False,2230000.0,143200.0
2020-11-15,Jumeirah Village Circle,Apartment,3,1810.0,True,1248000.0,111300.0
2020-11-15,Business Bay,Apartment,2,1326.0,False,1852000.0,104100.0
2020-11-15,Dubai Marina,Apartment,1,850.0,False,1007000.0,47800.0
2020-11-16,Dubai Hills Estate,Townhouse,6,4161.0,True,4488000.0,264100.0
2020-11-16,Jumeirah Village Circle,Apartment,0,531.0,True,441000.0,33300.0
2020-11-16,Dubai Marina,Apartment,0,520.0,False,900000.0,54400.0
2020-11-16,Dubai Marina,Apartment,1,802.0,False,1190000.0,95600.0
2020-11-16,Palm Jumeirah,Apartment,0,429.0,False,1194000.0,58700.0
2020-11-17,Jumeirah Village Circle,Apartment,1,771.0,False,647000.0,51200.0
2020-11-17,Jumeirah Lake Towers,Apartment,2,1357.0,False,1056000.0,73500.0
2020-11-17,Dubai Hills Estate,Townhouse,5,3971.0,True,6498000.0,364600.0
2020-11-17,International City,Apartment,3,1806.0,False,636000.0,51700.0
2020-11-18,Palm Jumeirah,Apartment,2,1551.0,True,4446000.0,245500.0
2020-11-18,Dubai Marina,Apartment,0,403.0,False,540000.0,31300.0
2020-11-18,Arabian Ranches,Apartment,1,780.0,True,748000.0,37500.0
2020-11-18,Dubai South,Apartment,0,558.0,False,352000.0,26600.0
2020-11-18,Arabian Ranches,Apartment,2,1368.0,False,1139000.0,51000.0
2020-11-19,Dubai Marina,Apartment,1,609.0,False,870000.0,66700.0
2020-11-19,Dubai Marina,Townhouse,3,2555.0,True,3352000.0,233900.0
2020-11-19,Dubai Marina,Apartment,2,1493.0,True,1918000.0,139900.0
2020-11-20,Arabian Ranches,Apartment,1,749.0,False,920000.0,53200.0
2020-11-20,Downtown Dubai,Apartment,1,788.0,True,1479000.0,92000.0
2020-11-20,Dubai South,Apartment,0,356.0,True,176000.0,11700.0
2020-11-20,Dubai South,Apartment,1,844.0,False,628000.0,51700.0
2020-11-20,Dubai Marina,Apartment,1,792.0,False,1090000.0,80000.0
2020-11-20,Dubai South,Villa,6,4156.0,False,2529000.0,170800.0
2020-11-21,Dubai Marina,Apartment,2,1398.0,False,2143000.0,150200.0
2020-11-21,Downtown Dubai,Apartment,0,494.0,False,1085000.0,56500.0
2020-11-21,Dubai South,Villa,5,4593.0,False,2804000.0,192400.0
2020-11-21,Dubai Hills Estate,Apartment,1,1015.0,True,1428000.0,74800.0
2020-11-22,Dubai Marina,Apartment,2,1292.0,True,1794000.0,108200.0
2020-11-22,Arabian Ranches,Apartment,0,604.0,True,574000.0,36900.0
2020-11-22,Palm Jumeirah,Apartment,2,1268.0,False,2469000.0,125100.0
2020-11-22,Dubai Marina,Apartment,0,545.0,True,787000.0,46200.0
2020-11-22,Jumeirah Village Circle,Apartment,3,1943.0,True,1434000.0,132000.0
2020-11-23,Palm Jumeirah,Townhouse,6,3554.0,False,8487000.0,393200.0
2020-11-23,Jumeirah Village Circle,Apartment,1,1062.0,True,883000.0,74400.0
2020-11-23,Dubai South,Villa,5,3388.0,False,1936000.0,148600.0
2020-11-23,Palm Jumeirah,Apartment,2,1482.0,False,3954000.0,194500.0
2020-11-24,Jumeirah Lake Towers,Apartment,2,1279.0,False,950000.0,70200.0
2020-11-25,Palm Jumeirah,Townhouse,6,4100.0,True,8598000.0,408600.0
2020-11-25,Arabian Ranches,Apartment,1,686.0,False,639000.0,33400.0
2020-11-25,Business Bay,Apartment,2,1345.0,False,1842000.0,133000.0
2020-11-26,Jumeirah Village Circle,Apartment,0,364.0,False,277000.0,21800.0
2020-11-26,Dubai South,Apartment,2,1251.0,False,744000.0,57400.0
2020-11-27,Dubai South,Townhouse,3,2528.0,False,1694000.0,118200.0
2020-11-27,Arabian Ranches,Apartment,3,1657.0,False,1275000.0,82800.0
2020-11-27,Palm Jumeirah,Apartment,2,1152.0,True,3324000.0,171200.0
2020-11-27,Arabian Ranches,Apartment,3,1595.0,True,1463000.0,72200.0
2020-11-28,Jumeirah Lake Towers,Apartment,1,779.0,True,878000.0,68100.0
2020-11-28,Jumeirah Village Circle,Apartment,3,1723.0,True,1600000.0,117600.0
2020-11-28,Palm Jumeirah,Apartment,3,1894.0,False,4282000.0,221400.0
2020-11-28,Jumeirah Village Circle,Apartment,3,1775.0,True,1788000.0,152600.0
2020-11-28,Downtown Dubai,Apartment,1,741.0,True,1192000.0,63900.0
2020-12-01,Jumeirah Village Circle,Apartment,2,1494.0,False,1211000.0,98100.0
2020-12-01,Arabian Ranches,Townhouse,6,4408.0,False,3726000.0,246500.0
2020-12-01,Palm Jumeirah,Apartment,2,1590.0,False,3923000.0,184300.0
2020-12-01,Downtown Dubai,Apartment,3,1713.0,False,2915000.0,174600.0
2020-12-01,Arabian Ranches,Villa,5,4264.0,False,5506000.0,251700.0
2020-12-01,Dubai South,Apartment,1,899.0,True,646000.0,51100.0
2020-12-02,International City,Apartment,1,959.0,True,377000.0,30600.0
2020-12-02,International City,Apartment,3,1757.0,False,738000.0,75200.0
2020-12-03,Dubai Hills Estate,Apartment,2,1646.0,True,2100000.0,127200.0
2020-12-05,Dubai South,Apartment,3,1607.0,False,1182000.0,111400.0
2020-12-05,Dubai Marina,Townhouse,5,3305.0,False,5471000.0,345900.0
2020-12-05,Arabian Ranches,Apartment,1,853.0,False,872000.0,52000.0
2020-12-06,Business Bay,Apartment,0,349.0,False,429000.0,27500.0
2020-12-07,Jumeirah Village Circle,Apartment,1,768.0,False,640000.0,50100.0
2020-12-07,Downtown Dubai,Apartment,1,695.0,True,1222000.0,68800.0
2020-12-07,Palm Jumeirah,Apartment,1,901.0,False,2133000.0,112900.0
2020-12-07,Jumeirah Village Circle,Apartment,0,527.0,False,443000.0,42300.0
2020-12-07,Business Bay,Apartment,3,1408.0,False,2467000.0,138000.0
2020-12-08,International City,Apartment,2,1199.0,False,447000.0,42800.0
2020-12-08,Downtown Dubai,Apartment,0,486.0,False,759000.0,47900.0
2020-12-09,Jumeirah Lake Towers,Apartment,1,846.0,True,697000.0,46600.0
2020-12-09,Jumeirah Lake Towers,Apartment,1,837.0,False,1087000.0,95400.0
2020-12-09,Palm Jumeirah,Villa,6,4133.0,False,11697000.0,540100.0
2020-12-10,Business Bay,Apartment,2,1305.0,True,1662000.0,104300.0
2020-12-10,Dubai Marina,Apartment,2,1064.0,False,1292000.0,90200.0
2020-12-10,Arabian Ranches,Villa,3,3106.0,False,2772000.0,171000.0
2020-12-10,Business Bay,Apartment,2,1382.0,True,1588000.0,99500.0
2020-12-10,Dubai Marina,Apartment,2,1178.0,True,1526000.0,102500.0
2020-12-12,Jumeirah Village Circle,Apartment,0,355.0,True,303000.0,23500.0
2020-12-12,International City,Apartment,3,1628.0,False,831000.0,65000.0
2020-12-12,Dubai Hills Estate,Apartment,0,537.0,False,648000.0,42900.0
2020-12-12,Palm Jumeirah,Apartment,1,830.0,False,1685000.0,94300.0
2020-12-13,Arabian Ranches,Apartment,1,815.0,True,805000.0,46500.0
2020-12-13,International City,Apartment,1,933.0,False,360000.0,29600.0
2020-12-14,Arabian Ranches,Townhouse,4,2887.0,False,3133000.0,131300.0
2020-12-14,Arabian Ranches,Apartment,3,1669.0,True,1819000.0,110700.0
2020-12-15,Business Bay,Apartment,0,410.0,False,480000.0,35800.0
2020-12-15,Dubai Hills Estate,Apartment,0,511.0,True,634000.0,36400.0
2020-12-15,Dubai Marina,Apartment,3,1782.0,True,2601000.0,172200.0
2020-12-15,Jumeirah Village Circle,Apartment,1,758.0,False,443000.0,35200.0
2020-12-16,Business Bay,Apartment,0,495.0,False,786000.0,48300.0
2020-12-16,Dubai South,Apartment,1,1071.0,True,552000.0,39200.0
2020-12-17,Dubai Hills Estate,Apartment,1,897.0,False,1309000.0,85100.0
2020-12-18,Jumeirah Village Circle,Apartment,2,1282.0,False,881000.0,71700.0
2020-12-18,Dubai Hills Estate,Apartment,1,1079.0,False,1516000.0,96200.0
2020-12-18,Dubai Marina,Apartment,3,1536.0,False,2545000.0,171400.0
2020-12-18,Dubai Hills Estate,Apartment,3,1990.0,False,3010000.0,216200.0
2020-12-18,Palm Jumeirah,Apartment,2,1519.0,True,3361000.0,150900.0
2020-12-18,Arabian Ranches,Apartment,3,1788.0,True,1824000.0,98000.0
2020-12-18,Business Bay,Apartment,2,1490.0,False,2571000.0,182500.0
2020-12-19,Arabian Ranches,Apartment,1,883.0,False,879000.0,48100.0
2020-12-19,Dubai South,Apartment,1,792.0,False,696000.0,50400.0
2020-12-19,Downtown Dubai,Apartment,0,522.0,False,1209000.0,61800.0
2020-12-19,Dubai South,Villa,4,3306.0,True,1800000.0,114900.0
2020-12-21,Jumeirah Lake Towers,Apartment,0,402.0,True,359000.0,24400.0
2020-12-21,Business Bay,Apartment,2,1215.0,False,2007000.0,123700.0
2020-12-21,Dubai South,Apartment,1,895.0,True,527000.0,46700.0
2020-12-21,Downtown Dubai,Townhouse,4,2840.0,False,5929000.0,309800.0
2020-12-21,Dubai South,Apartment,3,1507.0,False,1111000.0,84100.0
2020-12-22,Dubai Marina,Apartment,1,873.0,False,1188000.0,80800.0
2020-12-22,Dubai Marina,Apartment,1,891.0,False,1176000.0,82400.0
2020-12-22,Dubai Marina,Apartment,1,976.0,False,1440000.0,102200.0
2020-12-22,Jumeirah Lake Towers,Apartment,1,806.0,True,761000.0,60900.0
2020-12-23,Business Bay,Apartment,0,372.0,False,498000.0,30800.0
2020-12-23,Business Bay,Apartment,3,1612.0,False,2434000.0,155000.0
2020-12-23,Business Bay,Apartment,1,927.0,True,1453000.0,103800.0
2020-12-23,Dubai South,Apartment,1,982.0,False,577000.0,41800.0
2020-12-23,Dubai Hills Estate,Apartment,3,1643.0,False,2032000.0,124200.0
2020-12-24,Business Bay,Apartment,3,1496.0,False,1854000.0,124500.0
2020-12-24,Downtown Dubai,Apartment,0,663.0,False,1256000.0,65700.0
2020-12-25,International City,Townhouse,5,3712.0,False,1744000.0,186300.0
2020-12-25,Jumeirah Lake Towers,Apartment,1,931.0,False,1062000.0,89300.0
2020-12-25,Downtown Dubai,Apartment,0,492.0,False,987000.0,60500.0
2020-12-26,Palm Jumeirah,Villa,4,3271.0,True,7908000.0,389700.0
2020-12-26,Dubai Hills Estate,Apartment,2,1225.0,False,1629000.0,110100.0
2020-12-26,Jumeirah Village Circle,Apartment,1,895.0,False,658000.0,55300.0
2020-12-26,Palm Jumeirah,Apartment,0,440.0,False,1017000.0,47400.0
2020-12-26,Jumeirah Village Circle,Apartment,2,1322.0,True,904000.0,74500.0
2020-12-26,Downtown Dubai,Apartment,0,401.0,False,865000.0,42700.0
2020-12-27,Dubai Hills Estate,Villa,5,4125.0,False,5172000.0,278200.0
2020-12-27,Jumeirah Lake Towers,Apartment,3,1609.0,False,1687000.0,116300.0
2020-12-27,Dubai Marina,Apartment,0,441.0,False,649000.0,42400.0
2020-12-27,Downtown Dubai,Apartment,2,1346.0,False,2661000.0,165300.0
2020-12-27,International City,Apartment,3,1720.0,False,710000.0,68100.0
2020-12-28,Palm Jumeirah,Townhouse,4,3001.0,False,7173000.0,358700.0
2020-12-28,Jumeirah Village Circle,Apartment,2,1246.0,True,898000.0,63100.0
2020-12-28,Jumeirah Lake Towers,Apartment,2,1142.0,True,967000.0,69700.0
2021-01-01,Arabian Ranches,Apartment,0,496.0,True,413000.0,21400.0
2021-01-01,Dubai South,Apartment,1,1025.0,False,592000.0,40200.0
2021-01-01,Jumeirah Lake Towers,Apartment,1,836.0,True,592000.0,39000.0
2021-01-02,Business Bay,Apartment,1,716.0,True,1023000.0,55500.0
2021-01-02,Downtown Dubai,Apartment,2,1073.0,False,2299000.0,114800.0
2021-01-02,Jumeirah Lake Towers,Apartment,2,1023.0,False,920000.0,59200.0
2021-01-02,Jumeirah Village Circle,Apartment,0,514.0,False,436000.0,33500.0
2021-01-02,Arabian Ranches,Apartment,0,563.0,False,594000.0,29900.0
2021-01-02,Palm Jumeirah,Apartment,1,888.0,True,2242000.0,111400.0
2021-01-03,Downtown Dubai,Apartment,0,567.0,True,1202000.0,65300.0
2021-01-03,Dubai Marina,Apartment,2,1264.0,False,2265000.0,142700.0
2021-01-03,Arabian Ranches,Apartment,0,477.0,False,473000.0,28600.0
2021-01-03,Jumeirah Village Circle,Apartment,0,484.0,False,366000.0,26600.0
2021-01-03,Downtown Dubai,Apartment,3,1737.0,False,3155000.0,169200.0
2021-01-05,International City,Apartment,3,1656.0,False,776000.0,71800.0
2021-01-05,Arabian Ranches,Apartment,1,956.0,False,1118000.0,66700.0
2021-01-05,Dubai South,Apartment,2,1634.0,True,1135000.0,73200.0
2021-01-05,International City,Apartment,2,1291.0,False,486000.0,47100.0
2021-01-05,International City,Apartment,1,729.0,False,316000.0,32100.0
2021-01-06,International City,Townhouse,4,2925.0,False,1487000.0,126400.0
2021-01-06,Jumeirah Village Circle,Apartment,2,1413.0,False,1065000.0,81800.0
2021-01-06,Dubai Hills Estate,Apartment,1,671.0,True,806000.0,43000.0
2021-01-06,Palm Jumeirah,Apartment,2,1464.0,False,3562000.0,180600.0
2021-01-07,Dubai Hills Estate,Apartment,2,1338.0,False,2003000.0,107000.0
2021-01-07,International City,Apartment,3,1552.0,False,696000.0,61800.0
2021-01-07,Arabian Ranches,Apartment,1,893.0,False,948000.0,65000.0
2021-01-08,International City,Apartment,0,406.0,False,153000.0,16300.0
2021-01-08,Dubai South,Apartment,2,1204.0,True,888000.0,60900.0
2021-01-08,Jumeirah Village Circle,Apartment,3,1944.0,False,1353000.0,108000.0
2021-01-09,Dubai Hills Estate,Apartment,3,1725.0,False,2267000.0,127800.0
2021-01-10,Business Bay,Apartment,3,1820.0,False,3263000.0,236000.0
2021-01-10,Downtown Dubai,Apartment,1,813.0,True,1844000.0,95500.0
2021-01-10,Dubai Hills Estate,Apartment,2,1168.0,False,2163000.0,128900.0
2021-01-10,Palm Jumeirah,Apartment,3,2003.0,False,5588000.0,305900.0
2021-01-11,Jumeirah Lake Towers,Apartment,2,1242.0,False,1334000.0,92500.0
2021-01-11,Arabian Ranches,Apartment,1,808.0,False,865000.0,40900.0
2021-01-11,Arabian Ranches,Apartment,2,1579.0,False,2006000.0,104000.0
2021-01-12,Business Bay,Apartment,1,875.0,False,1442000.0,85900.0
2021-01-12,Arabian Ranches,Apartment,0,392.0,False,470000.0,23500.0
2021-01-12,Business Bay,Apartment,1,829.0,False,1433000.0,88200.0
2021-01-12,Business Bay,Apartment,2,1473.0,True,2498000.0,144600.0
2021-01-13,International City,Apartment,2,1328.0,False,549000.0,44500.0
2021-01-13,Dubai Hills Estate,Villa,6,3879.0,False,5841000.0,377300.0
2021-01-13,Arabian Ranches,Apartment,3,1569.0,False,1630000.0,99000.0
2021-01-14,Palm Jumeirah,Villa,5,3367.0,False,8371000.0,402500.0
2021-01-14,Dubai Hills Estate,Apartment,0,499.0,False,708000.0,39500.0
2021-01-14,Dubai South,Townhouse,5,3155.0,False,2046000.0,149500.0
2021-01-15,Jumeirah Village Circle,Apartment,2,1294.0,False,1124000.0,96600.0
2021-01-15,Jumeirah Village Circle,Apartment,1,1021.0,True,703000.0,50000.0
2021-01-15,Arabian Ranches,Apartment,1,680.0,False,772000.0,40200.0
2021-01-15,International City,Apartment,0,300.0,False,119000.0,9000.0
2021-01-15,Downtown Dubai,Apartment,3,1635.0,False,3470000.0,193400.0
2021-01-16,Palm Jumeirah,Apartment,0,390.0,True,934000.0,44500.0
2021-01-16,Dubai South,Apartment,3,1731.0,True,1050000.0,79500.0
2021-01-16,Business Bay,Apartment,2,973.0,True,1480000.0,101000.0
2021-01-16,Dubai Hills Estate,Apartment,3,1696.0,True,2036000.0,121700.0
2021-01-17,Business Bay,Apartment,2,1488.0,True,2703000.0,164300.0
2021-01-17,Dubai Hills Estate,Apartment,1,819.0,False,1102000.0,57700.0
2021-01-17,Dubai South,Apartment,3,1457.0,True,865000.0,62900.0
2021-01-18,Arabian Ranches,Apartment,3,1485.0,True,1490000.0,78500.0
2021-01-18,Dubai Marina,Apartment,2,1292.0,False,2589000.0,192000.0
2021-01-19,Downtown Dubai,Apartment,1,765.0,False,1437000.0,84400.0
2021-01-19,Business Bay,Apartment,2,1411.0,False,2127000.0,133200.0
2021-01-20,Dubai Marina,Apartment,1,874.0,False,1591000.0,94300.0
2021-01-20,International City,Apartment,0,300.0,False,120000.0,9700.0
2021-01-21,Jumeirah Village Circle,Apartment,0,560.0,True,465000.0,37000.0
2021-01-21,Palm Jumeirah,Apartment,1,685.0,True,2056000.0,86700.0
2021-01-21,Palm Jumeirah,Apartment,3,1961.0,True,4880000.0,241600.0
2021-01-21,Arabian Ranches,Apartment,2,1073.0,False,1203000.0,61300.0
2021-01-21,Jumeirah Lake Towers,Apartment,3,2176.0,False,3019000.0,198100.0
2021-01-21,Jumeirah Village Circle,Apartment,1,898.0,True,660000.0,51100.0
2021-01-22,Dubai South,Villa,5,4406.0,False,3797000.0,271200.0
2021-01-22,Dubai Hills Estate,Villa,5,3698.0,False,5472000.0,339800.0
2021-01-22,Jumeirah Village Circle,Apartment,3,1291.0,False,1097000.0,106000.0
2021-01-22,Downtown Dubai,Apartment,1,903.0,False,2071000.0,87800.0
2021-01-23,Dubai Hills Estate,Apartment,0,430.0,True,684000.0,42700.0
2021-01-23,Arabian Ranches,Villa,4,3910.0,False,4930000.0,235700.0
2021-01-23,Palm Jumeirah,Townhouse,5,3407.0,False,8290000.0,436200.0
2021-01-24,Jumeirah Village Circle,Apartment,2,1181.0,False,875000.0,71900.0
2021-01-24,International City,Apartment,2,1684.0,True,610000.0,46400.0
2021-01-24,Dubai Marina,Apartment,2,1350.0,False,2665000.0,173300.0
2021-01-24,Dubai South,Apartment,1,989.0,True,652000.0,45900.0
2021-01-26,Dubai South,Villa,6,4183.0,True,2878000.0,244500.0
2021-01-26,Palm Jumeirah,Apartment,1,868.0,True,2422000.0,120700.0
2021-01-26,Business Bay,Apartment,3,2058.0,False,3007000.0,182200.0
2021-01-26,Dubai Marina,Apartment,2,1091.0,False,1918000.0,114500.0
2021-01-26,Dubai South,Apartment,2,1349.0,False,906000.0,77800.0
2021-01-26,Palm Jumeirah,Apartment,1,627.0,True,1570000.0,69000.0
2021-01-27,Downtown Dubai,Apartment,1,907.0,False,1874000.0,102000.0
2021-01-27,Arabian Ranches,Villa,4,3279.0,False,4512000.0,307400.0
2021-01-27,Jumeirah Lake Towers,Apartment,2,1349.0,True,1563000.0,116000.0
2021-01-28,Palm Jumeirah,Apartment,3,1838.0,False,5293000.0,243500.0
2021-01-28,Dubai Marina,Apartment,3,1440.0,False,2605000.0,146300.0
2021-02-01,Dubai South,Apartment,1,664.0,False,461000.0,36600.0
2021-02-02,Jumeirah Lake Towers,Apartment,0,409.0,False,459000.0,33000.0
2021-02-02,Jumeirah Lake Towers,Apartment,1,774.0,True,741000.0,51100.0
2021-02-02,International City,Apartment,1,796.0,False,278000.0,30000.0
2021-02-02,Jumeirah Village Circle,Apartment,3,1359.0,False,1088000.0,78500.0
2021-02-02,Palm Jumeirah,Apartment,3,1999.0,True,5683000.0,273300.0
2021-02-02,International City,Apartment,2,1367.0,False,605000.0,64700.0
2021-02-02,Dubai South,Villa,6,4549.0,True,2882000.0,235900.0
2021-02-02,Business Bay,Apartment,1,942.0,False,1521000.0,100600.0
2021-02-03,Palm Jumeirah,Townhouse,6,3725.0,True,8873000.0,347600.0
2021-02-03,Palm Jumeirah,Apartment,0,568.0,True,1591000.0,72700.0
2021-02-03,Dubai Marina,Apartment,0,423.0,False,699000.0,53500.0
2021-02-04,Downtown Dubai,Apartment,2,1400.0,False,3458000.0,284400.0
2021-02-04,Downtown Dubai,Apartment,1,948.0,False,1861000.0,100600.0
2021-02-05,Downtown Dubai,Townhouse,4,3364.0,False,7684000.0,497200.0
2021-02-05,Palm Jumeirah,Villa,4,3335.0,False,10628000.0,489700.0
2021-02-05,Palm Jumeirah,Townhouse,6,3941.0,False,10475000.0,498900.0
2021-02-05,Downtown Dubai,Apartment,0,450.0,False,883000.0,52900.0
2021-02-05,Palm Jumeirah,Apartment,2,1278.0,True,3063000.0,173200.0
2021-02-05,Dubai Hills Estate,Apartment,2,1300.0,True,1757000.0,105800.0
2021-02-05,Jumeirah Lake Towers,Apartment,2,1124.0,True,941000.0,75100.0
2021-02-06,Jumeirah Village Circle,Apartment,3,1779.0,True,1291000.0,99800.0
2021-02-06,Dubai Marina,Apartment,2,1372.0,False,1839000.0,147500.0
2021-02-06,Arabian Ranches,Villa,5,3944.0,False,4099000.0,245300.0
2021-02-06,Business Bay,Apartment,2,1174.0,False,1531000.0,89500.0
2021-02-06,Dubai South,Apartment,1,928.0,False,613000.0,44800.0
2021-02-07,Dubai Marina,Apartment,1,1008.0,True,1899000.0,116000.0
2021-02-07,Palm Jumeirah,Apartment,2,1240.0,False,2989000.0,170100.0
2021-02-07,Downtown Dubai,Townhouse,4,3071.0,True,6031000.0,300500.0
2021-02-08,Jumeirah Lake Towers,Apartment,2,1133.0,True,1185000.0,82900.0
2021-02-08,Jumeirah Lake Towers,Apartment,2,1368.0,True,1171000.0,87600.0
2021-02-08,Dubai Hills Estate,Apartment,2,1165.0,False,2028000.0,122400.0
2021-02-08,Dubai Marina,Apartment,0,396.0,True,671000.0,46600.0
2021-02-09,Business Bay,Apartment,2,1160.0,False,1428000.0,94000.0
2021-02-09,International City,Apartment,1,922.0,True,333000.0,30300.0
2021-02-09,Dubai Marina,Apartment,2,1207.0,True,1853000.0,121300.0
2021-02-10,Dubai Marina,Apartment,0,408.0,False,649000.0,42200.0
2021-02-10,Downtown Dubai,Apartment,1,741.0,False,1483000.0,81500.0
2021-02-12,Arabian Ranches,Apartment,0,428.0,False,448000.0,23800.0
2021-02-12,Palm Jumeirah,Apartment,0,420.0,True,979000.0,54900.0
2021-02-13,Business Bay,Apartment,0,427.0,True,637000.0,36100.0
2021-02-13,International City,Apartment,3,1879.0,True,714000.0,58100.0
2021-02-13,Dubai Hills Estate,Apartment,1,863.0,False,1630000.0,92900.0
2021-02-14,Jumeirah Village Circle,Apartment,0,474.0,False,396000.0,30900.0
2021-02-14,Jumeirah Village Circle,Apartment,2,1295.0,False,1104000.0,80000.0
2021-02-14,Arabian Ranches,Apartment,2,1433.0,False,1289000.0,59000.0
2021-02-14,Dubai Marina,Apartment,3,1291.0,True,1707000.0,112200.0
2021-02-15,Jumeirah Village Circle,Apartment,2,1367.0,False,1053000.0,86400.0
2021-02-16,Jumeirah Village Circle,Apartment,3,1717.0,True,2131000.0,149500.0
2021-02-17,Dubai South,Apartment,0,300.0,False,192000.0,15300.0
2021-02-17,Palm Jumeirah,Apartment,3,1813.0,False,4708000.0,213900.0
2021-02-17,Business Bay,Apartment,1,1028.0,True,1217000.0,71900.0
2021-02-17,Palm Jumeirah,Apartment,0,460.0,False,1055000.0,63700.0
2021-02-18,Arabian Ranches,Apartment,0,347.0,False,405000.0,22300.0
2021-02-18,Dubai South,Apartment,0,441.0,True,311000.0,21300.0
2021-02-18,Arabian Ranches,Apartment,0,500.0,True,534000.0,29100.0
2021-02-19,Arabian Ranches,Apartment,2,1118.0,False,1528000.0,98200.0
2021-02-19,Jumeirah Village Circle,Apartment,3,1669.0,False,1518000.0,111700.0
2021-02-19,Jumeirah Village Circle,Apartment,1,939.0,False,783000.0,59800.0
2021-02-19,Business Bay,Townhouse,4,3003.0,False,4634000.0,337700.0
2021-02-19,International City,Apartment,2,1147.0,False,464000.0,42400.0
2021-02-20,Dubai Hills Estate,Apartment,1,908.0,True,1533000.0,82800.0
2021-02-20,Dubai South,Apartment,0,394.0,True,263000.0,20200.0
2021-02-20,Jumeirah Village Circle,Apartment,1,784.0,False,547000.0,40200.0
2021-02-21,Jumeirah Lake Towers,Apartment,3,1635.0,False,1897000.0,139300.0
2021-02-21,Jumeirah Village Circle,Apartment,2,1165.0,False,971000.0,69700.0
2021-02-22,Arabian Ranches,Apartment,3,1911.0,True,1865000.0,103500.0
2021-02-22,Dubai Hills Estate,Apartment,1,981.0,True,1407000.0,84300.0
2021-02-23,Dubai Marina,Apartment,3,1737.0,False,2563000.0,158300.0
2021-02-23,Dubai Hills Estate,Apartment,2,1274.0,False,1874000.0,123500.0
2021-02-23,Business Bay,Apartment,3,2027.0,False,2913000.0,220700.0
2021-02-24,Business Bay,Apartment,1,835.0,True,1229000.0,87000.0
2021-02-24,Dubai Hills Estate,Townhouse,6,4199.0,True,5166000.0,321900.0
2021-02-24,Dubai Marina,Apartment,0,460.0,False,767000.0,41100.0
2021-02-24,Jumeirah Village Circle,Apartment,1,964.0,True,745000.0,50900.0
2021-02-24,Arabian Ranches,Villa,5,4007.0,True,3713000.0,247700.0
2021-02-25,Business Bay,Apartment,1,754.0,False,1358000.0,75900.0
2021-02-25,Dubai Hills Estate,Apartment,0,522.0,False,675000.0,42900.0
2021-02-26,International City,Apartment,2,1392.0,False,657000.0,48500.0
2021-02-26,Jumeirah Lake Towers,Apartment,0,480.0,False,445000.0,32900.0
2021-02-26,Downtown Dubai,Apartment,1,996.0,True,1906000.0,115200.0
2021-02-26,Palm Jumeirah,Apartment,1,917.0,False,2637000.0,149300.0
2021-02-26,Jumeirah Lake Towers,Apartment,1,968.0,True,894000.0,53100.0
2021-02-26,Downtown Dubai,Apartment,0,435.0,False,882000.0,49400.0
2021-02-26,Palm Jumeirah,Apartment,3,1264.0,False,3317000.0,147200.0
2021-02-27,Jumeirah Lake Towers,Apartment,0,364.0,False,358000.0,26800.0
2021-02-27,Dubai South,Apartment,3,1849.0,False,1639000.0,115700.0
2021-02-27,Jumeirah Village Circle,Apartment,3,1847.0,False,1397000.0,113300.0
2021-02-28,International City,Apartment,3,1571.0,False,748000.0,76600.0
2021-02-28,Dubai Hills Estate,Apartment,1,977.0,False,1716000.0,92600.0
2021-03-01,Downtown Dubai,Townhouse,5,3347.0,False,7277000.0,423900.0
2021-03-01,Dubai Hills Estate,Apartment,1,1034.0,True,1440000.0,66300.0
2021-03-01,Downtown Dubai,Apartment,0,466.0,False,1004000.0,62700.0
2021-03-01,Jumeirah Village Circle,Apartment,0,381.0,False,411000.0,35300.0
2021-03-01,Business Bay,Apartment,3,1731.0,True,2088000.0,126500.0
2021-03-02,Dubai Hills Estate,Apartment,1,924.0,False,1490000.0,92500.0
2021-03-02,Dubai Marina,Townhouse,5,3696.0,False,5106000.0,311800.0
2021-03-02,Jumeirah Village Circle,Apartment,2,1192.0,False,989000.0,83800.0
2021-03-02,Palm Jumeirah,Townhouse,4,3177.0,False,8950000.0,373400.0
2021-03-03,Arabian Ranches,Townhouse,6,3972.0,False,3640000.0,189900.0
2021-03-03,International City,Apartment,1,894.0,True,402000.0,33000.0
2021-03-03,Dubai Hills Estate,Apartment,2,1351.0,False,2380000.0,141600.0
2021-03-03,Dubai Marina,Apartment,1,773.0,True,1265000.0,90000.0
2021-03-03,Dubai Marina,Apartment,3,1581.0,False,2720000.0,167700.0
2021-03-04,Dubai South,Apartment,3,2055.0,True,1333000.0,93300.0
2021-03-05,Dubai Hills Estate,Villa,6,3635.0,False,5298000.0,317500.0
2021-03-05,Jumeirah Village Circle,Apartment,1,780.0,False,808000.0,57300.0
2021-03-06,Arabian Ranches,Apartment,0,399.0,True,447000.0,23800.0
2021-03-06,Jumeirah Village Circle,Apartment,0,466.0,False,402000.0,30600.0
2021-03-06,Jumeirah Lake Towers,Apartment,0,349.0,False,381000.0,25400.0
2021-03-06,International City,Apartment,0,326.0,True,135000.0,12600.0
2021-03-07,Jumeirah Lake Towers,Apartment,3,2171.0,False,2742000.0,218900.0
2021-03-07,Dubai Hills Estate,Apartment,2,1373.0,True,1953000.0,113900.0
2021-03-07,Jumeirah Lake Towers,Apartment,2,1432.0,False,1548000.0,93900.0
2021-03-07,Business Bay,Apartment,0,500.0,True,719000.0,46100.0
2021-03-07,Jumeirah Village Circle,Apartment,1,800.0,False,740000.0,57300.0
2021-03-08,Palm Jumeirah,Apartment,2,1100.0,True,3169000.0,167500.0
2021-03-08,Dubai Hills Estate,Apartment,3,2027.0,True,2124000.0,114000.0
2021-03-08,Downtown Dubai,Apartment,1,825.0,False,1544000.0,92300.0
2021-03-08,Downtown Dubai,Apartment,3,1672.0,False,3560000.0,201400.0
2021-03-08,Arabian Ranches,Apartment,2,1245.0,False,1503000.0,87600.0
2021-03-08,Business Bay,Apartment,1,799.0,False,1268000.0,88200.0
2021-03-09,Downtown Dubai,Apartment,3,1577.0,False,3213000.0,165200.0
2021-03-09,International City,Apartment,2,1223.0,False,556000.0,45600.0
2021-03-09,Downtown Dubai,Apartment,3,1617.0,False,3228000.0,187600.0
2021-03-09,Dubai South,Apartment,3,1785.0,False,1320000.0,104500.0
2021-03-09,Palm Jumeirah,Apartment,2,1375.0,False,3638000.0,188200.0
2021-03-09,Palm Jumeirah,Apartment,3,1666.0,False,4226000.0,171500.0
2021-03-10,Dubai South,Villa,3,3213.0,False,2373000.0,186700.0
2021-03-10,Dubai Marina,Apartment,2,1748.0,True,2916000.0,160200.0
2021-03-10,Business Bay,Apartment,1,948.0,False,1488000.0,110100.0
2021-03-11,Dubai Hills Estate,Apartment,3,1665.0,False,2030000.0,124700.0
2021-03-11,Dubai South,Apartment,3,1450.0,False,1093000.0,89100.0
2021-03-12,Business Bay,Apartment,1,854.0,False,1315000.0,76900.0
2021-03-12,Business Bay,Apartment,2,1236.0,False,1949000.0,126900.0
2021-03-13,Dubai Marina,Apartment,0,418.0,False,697000.0,48300.0
2021-03-13,Jumeirah Lake Towers,Apartment,3,1853.0,True,1614000.0,127900.0
2021-03-13,Jumeirah Village Circle,Apartment,1,1041.0,False,737000.0,47700.0
2021-03-13,Downtown Dubai,Apartment,2,1236.0,False,2085000.0,113600.0
2021-03-13,Business Bay,Apartment,1,954.0,True,1606000.0,96700.0
2021-03-13,Palm Jumeirah,Apartment,1,1026.0,False,2719000.0,141200.0
2021-03-14,Dubai Hills Estate,Apartment,0,451.0,False,787000.0,48400.0
2021-03-14,Palm Jumeirah,Apartment,2,1597.0,True,3756000.0,202800.0
2021-03-15,Business Bay,Apartment,2,1395.0,False,2714000.0,201400.0
2021-03-15,Downtown Dubai,Apartment,2,1378.0,False,3135000.0,205600.0
2021-03-15,Downtown Dubai,Apartment,1,809.0,False,1432000.0,83900.0
2021-03-15,Dubai South,Apartment,2,1370.0,False,936000.0,63000.0
2021-03-17,Jumeirah Village Circle,Apartment,0,448.0,False,306000.0,25500.0
2021-03-17,Jumeirah Lake Towers,Apartment,1,799.0,False,1024000.0,81500.0
2021-03-17,Dubai Hills Estate,Apartment,3,2030.0,True,2345000.0,166800.0
2021-03-17,Jumeirah Lake Towers,Apartment,3,1852.0,False,1573000.0,104700.0
2021-03-18,Dubai South,Apartment,1,827.0,True,516000.0,37600.0
2021-03-18,Jumeirah Lake Towers,Apartment,1,939.0,False,1162000.0,85900.0
2021-03-18,Dubai Marina,Apartment,3,2125.0,False,3639000.0,259500.0
2021-03-18,Dubai South,Apartment,3,1892.0,True,1284000.0,93700.0
2021-03-18,International City,Apartment,1,922.0,False,381000.0,26400.0
2021-03-18,Arabian Ranches,Apartment,2,1279.0,True,1336000.0,80600.0
2021-03-18,Business Bay,Apartment,0,429.0,True,567000.0,35000.0
2021-03-19,International City,Apartment,2,1245.0,True,540000.0,41500.0
2021-03-19,Jumeirah Village Circle,Apartment,2,1415.0,False,1266000.0,84700.0
2021-03-19,Business Bay,Apartment,0,517.0,True,736000.0,52000.0
2021-03-19,Downtown Dubai,Apartment,0,357.0,True,757000.0,43400.0
2021-03-19,Dubai South,Apartment,0,450.0,True,351000.0,27500.0
2021-03-20,International City,Apartment,2,1406.0,True,604000.0,54300.0
2021-03-20,Downtown Dubai,Apartment,2,1409.0,True,2239000.0,131700.0
2021-03-20,Dubai South,Apartment,1,708.0,False,462000.0,31100.0
2021-03-20,Palm Jumeirah,Apartment,3,1618.0,False,4185000.0,204400.0
2021-03-20,Palm Jumeirah,Apartment,2,1070.0,False,2930000.0,125300.0
2021-03-20,Dubai Hills Estate,Apartment,2,1367.0,False,2024000.0,129500.0
2021-03-20,Dubai Hills Estate,Apartment,1,808.0,False,1087000.0,64500.0
2021-03-20,Business Bay,Apartment,3,1596.0,False,3004000.0,222100.0
2021-03-21,Arabian Ranches,Apartment,3,1806.0,True,1992000.0,111800.0
2021-03-21,Jumeirah Lake Towers,Apartment,3,1323.0,False,1312000.0,84600.0
2021-03-21,Dubai South,Villa,6,4452.0,False,3149000.0,269800.0
2021-03-21,International City,Apartment,3,1740.0,False,738000.0,69400.0
2021-03-22,Dubai South,Apartment,3,2007.0,False,1466000.0,98800.0
2021-03-22,Jumeirah Village Circle,Apartment,0,489.0,True,390000.0,31200.0
2021-03-22,Palm Jumeirah,Apartment,1,820.0,False,2252000.0,124000.0
2021-03-22,Dubai South,Apartment,1,897.0,False,677000.0,47400.0
2021-03-23,Dubai Marina,Apartment,1,878.0,False,1488000.0,99600.0
2021-03-23,Jumeirah Lake Towers,Apartment,3,1911.0,True,2398000.0,163600.0
2021-03-23,Business Bay,Apartment,1,1097.0,True,1716000.0,101600.0
2021-03-24,Jumeirah Village Circle,Apartment,1,785.0,False,658000.0,43700.0
2021-03-24,Dubai South,Apartment,1,912.0,False,606000.0,45000.0
2021-03-24,Dubai Marina,Apartment,3,1925.0,False,3532000.0,209300.0
2021-03-24,Arabian Ranches,Apartment,3,1375.0,False,1435000.0,70200.0
2021-03-25,Jumeirah Lake Towers,Apartment,1,697.0,False,743000.0,51900.0
2021-03-25,Arabian Ranches,Apartment,3,1798.0,True,1930000.0,99400.0
2021-03-25,Business Bay,Apartment,1,848.0,False,1006000.0,67300.0
2021-03-25,International City,Apartment,1,1010.0,False,439000.0,43500.0
2021-03-26,Dubai Marina,Apartment,2,1327.0,True,2348000.0,132500.0
2021-03-26,Dubai Hills Estate,Apartment,3,1779.0,True,2266000.0,134900.0
2021-03-26,International City,Apartment,1,689.0,False,262000.0,26200.0
2021-03-26,Palm Jumeirah,Villa,3,3113.0,True,9343000.0,546500.0
2021-03-26,Dubai Hills Estate,Apartment,1,729.0,True,986000.0,68100.0
2021-03-27,Dubai Hills Estate,Apartment,1,838.0,True,1266000.0,80600.0
2021-03-28,International City,Apartment,3,1759.0,False,775000.0,68000.0
2021-03-28,Jumeirah Lake Towers,Apartment,1,864.0,False,1030000.0,65700.0
2021-03-28,Dubai Marina,Apartment,2,1145.0,True,1807000.0,125900.0
2021-03-28,Dubai South,Apartment,0,394.0,False,358000.0,27000.0
2021-03-28,Jumeirah Lake Towers,Apartment,0,401.0,True,356000.0,20700.0
2021-03-28,Jumeirah Village Circle,Apartment,1,836.0,False,529000.0,45800.0
2021-04-01,Jumeirah Lake Towers,Apartment,3,1745.0,False,1962000.0,131500.0
2021-04-01,Arabian Ranches,Apartment,3,1657.0,False,1793000.0,95600.0
2021-04-02,Dubai South,Villa,5,3547.0,False,2348000.0,162000.0
2021-04-02,Jumeirah Village Circle,Apartment,3,1568.0,False,1202000.0,88100.0
2021-04-03,International City,Apartment,2,1297.0,True,457000.0,37600.0
2021-04-03,Jumeirah Lake Towers,Apartment,2,1187.0,False,1330000.0,99000.0
2021-04-03,Jumeirah Village Circle,Apartment,3,1657.0,False,1179000.0,91700.0
2021-04-04,Dubai South,Apartment,3,1811.0,False,1223000.0,72700.0
2021-04-04,Palm Jumeirah,Villa,5,3542.0,True,7415000.0,355400.0
2021-04-04,Jumeirah Lake Towers,Apartment,2,1496.0,True,1386000.0,89100.0
2021-04-04,Arabian Ranches,Townhouse,5,3447.0,True,3726000.0,233500.0
2021-04-04,Jumeirah Lake Towers,Apartment,0,397.0,False,445000.0,31000.0
2021-04-04,Dubai South,Villa,3,2922.0,True,2101000.0,173500.0
2021-04-04,International City,Apartment,3,2144.0,False,953000.0,75200.0
2021-04-04,Dubai Marina,Apartment,1,950.0,False,1920000.0,126100.0
2021-04-05,Downtown Dubai,Apartment,0,492.0,True,1042000.0,58500.0
2021-04-06,Palm Jumeirah,Villa,3,2878.0,False,6758000.0,327900.0
2021-04-06,Jumeirah Lake Towers,Townhouse,5,3348.0,True,3252000.0,226900.0
2021-04-06,Dubai South,Apartment,1,805.0,False,637000.0,46700.0
2021-04-07,Palm Jumeirah,Villa,4,3833.0,False,13649000.0,614000.0
2021-04-07,Arabian Ranches,Apartment,1,872.0,False,868000.0,47600.0
2021-04-07,Dubai Hills Estate,Apartment,0,407.0,True,543000.0,29400.0
2021-04-07,Arabian Ranches,Apartment,3,1611.0,False,1764000.0,89000.0
2021-04-07,Business Bay,Apartment,0,502.0,False,811000.0,55000.0
2021-04-08,Downtown Dubai,Apartment,3,1777.0,True,3018000.0,193000.0
2021-04-08,Dubai South,Apartment,3,1636.0,True,896000.0,62100.0
2021-04-08,Jumeirah Village Circle,Apartment,3,1557.0,True,1149000.0,96400.0
2021-04-08,Jumeirah Village Circle,Apartment,3,1307.0,True,1113000.0,71000.0
2021-04-08,Jumeirah Lake Towers,Apartment,0,407.0,True,422000.0,30500.0
2021-04-09,Arabian Ranches,Villa,6,4826.0,False,5300000.0,276000.0
2021-04-09,Dubai Hills Estate,Villa,5,3892.0,False,5502000.0,302100.0
2021-04-09,Downtown Dubai,Apartment,0,552.0,True,1260000.0,68700.0
2021-04-09,Jumeirah Village Circle,Apartment,2,1466.0,False,1086000.0,81700.0
2021-04-09,Arabian Ranches,Apartment,3,1697.0,False,2181000.0,128200.0
2021-04-09,Dubai Hills Estate,Apartment,2,1491.0,False,2036000.0,103100.0
2021-04-09,Jumeirah Lake Towers,Apartment,0,615.0,True,618000.0,42000.0
2021-04-10,International City,Apartment,0,575.0,False,250000.0,24100.0
2021-04-10,Jumeirah Lake Towers,Apartment,1,745.0,False,985000.0,71000.0
2021-04-10,Business Bay,Townhouse,5,2910.0,True,4430000.0,270100.0
2021-04-10,Dubai South,Apartment,1,1032.0,True,658000.0,46400.0
2021-04-10,Arabian Ranches,Apartment,1,853.0,False,1009000.0,52600.0
2021-04-11,Dubai South,Apartment,2,1368.0,True,821000.0,61500.0
2021-04-11,International City,Apartment,1,677.0,False,286000.0,24600.0
2021-04-11,Jumeirah Lake Towers,Apartment,2,1409.0,False,1790000.0,115300.0
2021-04-12,Jumeirah Lake Towers,Apartment,2,1281.0,False,1320000.0,95300.0
2021-04-12,Dubai South,Villa,5,3545.0,False,2733000.0,220600.0
2021-04-12,Palm Jumeirah,Apartment,2,1245.0,False,3234000.0,156800.0
2021-04-12,Palm Jumeirah,Villa,6,3951.0,False,10671000.0,545400.0
2021-04-13,Jumeirah Village Circle,Apartment,0,510.0,False,423000.0,33300.0
2021-04-13,Jumeirah Village Circle,Apartment,3,1530.0,False,1496000.0,102600.0
2021-04-13,Business Bay,Townhouse,6,3977.0,False,7154000.0,406600.0
2021-04-13,Dubai Marina,Apartment,3,1556.0,False,2160000.0,151600.0
2021-04-13,Jumeirah Lake Towers,Apartment,2,1418.0,False,1529000.0,98400.0
2021-04-14,Palm Jumeirah,Apartment,2,1621.0,True,4395000.0,253400.0
2021-04-14,Business Bay,Apartment,1,880.0,False,1385000.0,83900.0
2021-04-14,Dubai Hills Estate,Apartment,3,1595.0,False,2031000.0,102800.0
2021-04-14,Dubai Marina,Apartment,1,883.0,True,1105000.0,65600.0
2021-04-14,Dubai Hills Estate,Apartment,1,932.0,False,1367000.0,91200.0
2021-04-14,Jumeirah Village Circle,Apartment,2,1460.0,True,1248000.0,80700.0
2021-04-14,International City,Apartment,1,766.0,False,379000.0,36700.0
2021-04-15,Downtown Dubai,Apartment,0,339.0,False,882000.0,46300.0
2021-04-15,Dubai Hills Estate,Villa,4,3620.0,False,4687000.0,208100.0
2021-04-15,Business Bay,Apartment,0,414.0,False,709000.0,46000.0
2021-04-15,Jumeirah Lake Towers,Apartment,1,720.0,True,807000.0,63600.0
2021-04-15,Palm Jumeirah,Townhouse,3,2419.0,False,6387000.0,315700.0
2021-04-15,Jumeirah Lake Towers,Apartment,2,1258.0,False,1737000.0,146600.0
2021-04-15,Dubai Hills Estate,Apartment,3,1822.0,True,1896000.0,100600.0
2021-04-15,Dubai Hills Estate,Apartment,2,1191.0,False,1656000.0,124700.0
2021-04-16,Dubai Hills Estate,Apartment,1,738.0,False,1240000.0,79700.0
2021-04-16,Downtown Dubai,Apartment,1,729.0,False,1843000.0,105200.0
2021-04-16,Business Bay,Apartment,3,1990.0,False,3436000.0,237000.0
2021-04-17,Palm Jumeirah,Apartment,1,792.0,False,2072000.0,104600.0
2021-04-17,Dubai Marina,Apartment,2,1273.0,True,1836000.0,109500.0
2021-04-17,Dubai Hills Estate,Villa,4,3365.0,False,3915000.0,275000.0
2021-04-17,Jumeirah Lake Towers,Apartment,0,495.0,False,497000.0,35000.0
2021-04-17,Palm Jumeirah,Villa,6,4534.0,True,10775000.0,666000.0
2021-04-17,Jumeirah Lake Towers,Apartment,1,961.0,False,977000.0,80400.0
2021-04-17,Dubai South,Villa,3,2873.0,False,2014000.0,150400.0
2021-04-18,Dubai Hills Estate,Apartment,1,910.0,True,1316000.0,77600.0
2021-04-18,Arabian Ranches,Apartment,3,1760.0,True,1603000.0,94700.0
2021-04-18,Jumeirah Village Circle,Apartment,0,479.0,False,372000.0,30600.0
2021-04-18,Downtown Dubai,Apartment,2,1283.0,True,2824000.0,137900.0
2021-04-19,Dubai Hills Estate,Villa,4,3487.0,False,4914000.0,269000.0
2021-04-19,Jumeirah Village Circle,Apartment,2,910.0,True,569000.0,41700.0
2021-04-19,Dubai Marina,Apartment,3,1572.0,False,2485000.0,152900.0
2021-04-19,Dubai Marina,Apartment,1,684.0,False,1169000.0,72700.0
2021-04-20,Arabian Ranches,Villa,4,3068.0,False,3662000.0,180600.0
2021-04-20,Dubai Hills Estate,Apartment,3,1716.0,False,2615000.0,191600.0
2021-04-20,Palm Jumeirah,Apartment,0,466.0,False,1458000.0,69400.0
2021-04-20,Palm Jumeirah,Apartment,1,734.0,True,1863000.0,77400.0
2021-04-21,Arabian Ranches,Apartment,1,897.0,True,1039000.0,59000.0
2021-04-22,Palm Jumeirah,Apartment,1,667.0,True,1738000.0,77400.0
2021-04-23,Palm Jumeirah,Villa,3,2688.0,False,6353000.0,347800.0
2021-04-23,Dubai Marina,Apartment,0,542.0,False,971000.0,64900.0
2021-04-23,Dubai Hills Estate,Townhouse,6,3710.0,True,4884000.0,306300.0
2021-04-23,Dubai Hills Estate,Apartment,1,964.0,True,1433000.0,83600.0
2021-04-24,Arabian Ranches,Villa,4,2880.0,True,2431000.0,122800.0
2021-04-24,Downtown Dubai,Apartment,1,794.0,False,1704000.0,104500.0
2021-04-24,Arabian Ranches,Apartment,3,1758.0,True,2113000.0,104900.0
2021-04-24,Business Bay,Apartment,3,1627.0,True,2238000.0,142300.0
2021-04-24,Jumeirah Lake Towers,Townhouse,3,2650.0,False,2876000.0,176700.0
2021-04-25,Jumeirah Village Circle,Apartment,2,1279.0,False,983000.0,79100.0
2021-04-26,Palm Jumeirah,Apartment,1,761.0,True,2034000.0,100400.0
2021-04-26,Dubai South,Apartment,0,328.0,False,209000.0,15500.0
2021-04-26,Jumeirah Lake Towers,Apartment,3,1657.0,True,1837000.0,119300.0
2021-04-26,Dubai South,Apartment,2,1307.0,True,694000.0,49200.0
2021-04-26,Palm Jumeirah,Villa,6,5131.0,False,12460000.0,601500.0
2021-04-27,Palm Jumeirah,Apartment,0,417.0,False,886000.0,46400.0
2021-04-27,Jumeirah Lake Towers,Apartment,0,406.0,True,405000.0,29000.0
2021-04-27,Palm Jumeirah,Apartment,0,433.0,False,1095000.0,57100.0
2021-04-28,Jumeirah Lake Towers,Apartment,2,1206.0,False,1386000.0,92200.0
2021-04-28,International City,Apartment,0,425.0,False,233000.0,17100.0
2021-04-28,Jumeirah Lake Towers,Apartment,1,883.0,True,927000.0,74300.0
2021-04-28,Dubai South,Apartment,2,1365.0,True,820000.0,59100.0
2021-04-28,Dubai South,Apartment,0,631.0,True,324000.0,22200.0
2021-05-01,Dubai South,Villa,4,3810.0,False,2165000.0,164200.0
2021-05-01,Downtown Dubai,Apartment,0,469.0,False,994000.0,57600.0
2021-05-02,Jumeirah Lake Towers,Apartment,0,522.0,False,554000.0,35800.0
2021-05-03,Palm Jumeirah,Villa,5,3497.0,False,8021000.0,404900.0
2021-05-04,Arabian Ranches,Apartment,3,1811.0,False,1986000.0,125700.0
2021-05-05,Jumeirah Lake Towers,Apartment,0,441.0,True,403000.0,27400.0
2021-05-05,Arabian Ranches,Apartment,3,1386.0,False,1666000.0,84500.0
2021-05-05,Downtown Dubai,Apartment,0,390.0,False,770000.0,43300.0
2021-05-05,Jumeirah Lake Towers,Apartment,0,438.0,False,504000.0,38000.0
2021-05-06,Jumeirah Village Circle,Apartment,1,896.0,True,683000.0,55000.0
2021-05-06,Downtown Dubai,Apartment,1,848.0,True,1795000.0,100200.0
2021-05-06,Arabian Ranches,Apartment,0,409.0,False,352000.0,21300.0
2021-05-07,Business Bay,Apartment,1,753.0,True,1405000.0,93900.0
2021-05-07,Jumeirah Lake Towers,Apartment,0,438.0,True,398000.0,29200.0
2021-05-07,Dubai Marina,Apartment,3,1721.0,False,2796000.0,175100.0
2021-05-08,Dubai South,Apartment,0,533.0,False,360000.0,27400.0
2021-05-08,Dubai Marina,Apartment,1,846.0,False,1183000.0,67900.0
2021-05-08,Business Bay,Apartment,1,977.0,True,1409000.0,82300.0
2021-05-08,Palm Jumeirah,Apartment,1,936.0,False,2819000.0,127600.0
2021-05-08,Palm Jumeirah,Apartment,1,924.0,False,2191000.0,117100.0
2021-05-08,Downtown Dubai,Apartment,3,1817.0,True,3118000.0,171700.0
2021-05-09,Dubai Hills Estate,Apartment,2,1038.0,False,1272000.0,80300.0
2021-05-09,Dubai South,Villa,3,2929.0,False,2128000.0,182800.0
2021-05-09,Dubai Hills Estate,Apartment,2,1111.0,False,1397000.0,78400.0
2021-05-10,Downtown Dubai,Townhouse,6,3711.0,False,6365000.0,384800.0
2021-05-10,Downtown Dubai,Apartment,0,510.0,False,973000.0,56900.0
2021-05-10,Business Bay,Apartment,2,1032.0,False,1553000.0,91700.0
2021-05-11,Jumeirah Lake Towers,Apartment,0,379.0,True,362000.0,31100.0
2021-05-11,Jumeirah Lake Towers,Apartment,3,1551.0,False,1656000.0,135800.0
2021-05-11,Downtown Dubai,Apartment,3,1470.0,False,3324000.0,191400.0
2021-05-11,International City,Apartment,1,661.0,False,272000.0,26100.0
2021-05-11,Downtown Dubai,Apartment,3,1645.0,False,3123000.0,191700.0
2021-05-12,International City,Apartment,3,1683.0,False,771000.0,81700.0
2021-05-12,Downtown Dubai,Apartment,0,557.0,False,966000.0,57100.0
2021-05-12,Jumeirah Village Circle,Apartment,1,901.0,False,678000.0,57100.0
2021-05-12,Arabian Ranches,Apartment,3,1636.0,False,1734000.0,102300.0
2021-05-12,International City,Apartment,2,1384.0,True,709000.0,77400.0
2021-05-12,Jumeirah Lake Towers,Apartment,0,372.0,False,393000.0,28800.0
2021-05-13,Downtown Dubai,Apartment,2,1369.0,True,2761000.0,145700.0
2021-05-13,Jumeirah Village Circle,Apartment,1,937.0,True,711000.0,54900.0
2021-05-13,International City,Apartment,3,1974.0,False,758000.0,59500.0
2021-05-13,Dubai Marina,Apartment,3,1605.0,False,2751000.0,177600.0
2021-05-13,Palm Jumeirah,Apartment,0,512.0,True,1305000.0,76400.0
2021-05-13,International City,Apartment,0,532.0,False,240000.0,19500.0
2021-05-14,Downtown Dubai,Apartment,2,1337.0,True,2802000.0,161700.0
2021-05-14,International City,Apartment,0,485.0,False,206000.0,17000.0
2021-05-14,Palm Jumeirah,Townhouse,5,3142.0,False,7529000.0,345000.0
2021-05-14,Dubai Marina,Apartment,2,1202.0,False,2069000.0,138400.0
2021-05-14,Jumeirah Lake Towers,Apartment,1,849.0,True,760000.0,48000.0
2021-05-15,Dubai South,Apartment,3,1416.0,False,871000.0,61100.0
2021-05-15,Palm Jumeirah,Apartment,2,1246.0,True,3987000.0,188200.0
2021-05-16,Palm Jumeirah,Apartment,2,1429.0,True,3413000.0,223600.0
2021-05-16,International City,Apartment,2,1596.0,True,667000.0,63300.0
2021-05-16,Palm Jumeirah,Apartment,2,1355.0,True,3692000.0,171100.0
2021-05-16,Dubai Marina,Apartment,1,823.0,True,1184000.0,80100.0
2021-05-16,International City,Apartment,3,1723.0,False,743000.0,66200.0
2021-05-17,Business Bay,Apartment,2,1392.0,False,1890000.0,104300.0
2021-05-17,Downtown Dubai,Apartment,2,1345.0,False,3299000.0,162500.0
2021-05-17,Business Bay,Apartment,0,461.0,False,709000.0,47400.0
2021-05-17,Dubai Hills Estate,Apartment,3,1819.0,False,3188000.0,221600.0
2021-05-18,Business Bay,Apartment,2,1244.0,False,1953000.0,135500.0
2021-05-18,Arabian Ranches,Villa,4,3575.0,False,4322000.0,231900.0
2021-05-19,Dubai Marina,Apartment,3,1759.0,True,2528000.0,164800.0
2021-05-19,Downtown Dubai,Apartment,3,1477.0,False,2840000.0,155300.0
2021-05-19,International City,Apartment,1,928.0,False,401000.0,32600.0
2021-05-19,Dubai Hills Estate,Villa,6,5297.0,False,8269000.0,598100.0
2021-05-19,Dubai South,Apartment,0,322.0,False,180000.0,15400.0
2021-05-20,Downtown Dubai,Apartment,0,454.0,False,812000.0,44500.0
2021-05-20,Dubai Hills Estate,Apartment,3,1823.0,False,2381000.0,148400.0
2021-05-20,Jumeirah Village Circle,Apartment,2,1450.0,True,1076000.0,78500.0
2021-05-20,Downtown Dubai,Apartment,0,317.0,True,622000.0,37000.0
2021-05-21,Palm Jumeirah,Apartment,0,411.0,False,1530000.0,83200.0
2021-05-21,Palm Jumeirah,Apartment,2,1179.0,True,3049000.0,140600.0
2021-05-21,Dubai Marina,Apartment,3,1610.0,False,3357000.0,218500.0
2021-05-21,International City,Apartment,3,2125.0,True,793000.0,84700.0
2021-05-21,Arabian Ranches,Apartment,0,300.0,False,308000.0,14700.0
2021-05-21,Jumeirah Lake Towers,Townhouse,4,3076.0,False,2489000.0,162200.0
2021-05-21,Business Bay,Apartment,0,533.0,False,1008000.0,67400.0
2021-05-22,Dubai Marina,Apartment,2,1204.0,False,2204000.0,146800.0
2021-05-22,International City,Apartment,0,673.0,True,201000.0,18300.0
2021-05-22,Dubai South,Apartment,0,436.0,True,274000.0,17400.0
2021-05-23,Dubai South,Apartment,3,1316.0,False,1014000.0,81700.0
2021-05-23,Dubai South,Apartment,1,978.0,False,652000.0,52700.0
2021-05-24,Jumeirah Village Circle,Apartment,0,481.0,False,325000.0,27200.0
2021-05-25,International City,Apartment,3,1285.0,True,554000.0,47400.0
2021-05-25,Jumeirah Lake Towers,Apartment,1,760.0,True,860000.0,67200.0
2021-05-25,Arabian Ranches,Apartment,1,729.0,False,740000.0,36400.0
2021-05-25,Dubai Marina,Apartment,0,389.0,True,544000.0,31900.0
2021-05-25,Palm Jumeirah,Apartment,3,1399.0,False,4472000.0,231800.0
2021-05-26,Downtown Dubai,Apartment,3,1269.0,False,2981000.0,186600.0
2021-05-26,Dubai Marina,Apartment,3,1627.0,True,2401000.0,132100.0
2021-05-27,Downtown Dubai,Apartment,1,789.0,False,1596000.0,95200.0
2021-05-27,Arabian Ranches,Apartment,1,939.0,True,1117000.0,65000.0
2021-05-27,Jumeirah Lake Towers,Apartment,2,1268.0,False,1785000.0,122100.0
2021-05-27,Dubai Hills Estate,Apartment,1,844.0,False,1442000.0,92100.0
2021-05-28,Arabian Ranches,Apartment,2,1327.0,False,1373000.0,61400.0
2021-05-28,Jumeirah Lake Towers,Apartment,2,1351.0,True,1279000.0,89900.0
2021-05-28,Jumeirah Lake Towers,Apartment,2,1214.0,False,1080000.0,83400.0
2021-05-28,International City,Apartment,2,1063.0,False,476000.0,47200.0
2021-05-28,Dubai South,Apartment,3,1734.0,False,1255000.0,95300.0
2021-05-28,Arabian Ranches,Apartment,0,486.0,False,614000.0,32500.0
2021-05-28,International City,Apartment,3,2177.0,True,912000.0,91400.0
2021-05-28,Dubai Marina,Apartment,0,458.0,False,863000.0,58800.0
2021-06-01,Dubai Marina,Apartment,2,1045.0,False,1948000.0,130700.0
2021-06-01,International City,Apartment,2,1369.0,False,604000.0,53900.0
2021-06-01,Jumeirah Lake Towers,Apartment,2,1477.0,False,1747000.0,133700.0
2021-06-02,Dubai Hills Estate,Villa,5,3619.0,False,4963000.0,297300.0
2021-06-02,Dubai South,Apartment,3,1593.0,False,1107000.0,85000.0
2021-06-02,Dubai Marina,Apartment,3,1889.0,False,2532000.0,170800.0
2021-06-02,Arabian Ranches,Apartment,0,603.0,False,609000.0,36500.0
2021-06-03,Dubai Hills Estate,Apartment,3,1558.0,True,2721000.0,154000.0
2021-06-03,Jumeirah Lake Towers,Apartment,0,472.0,True,460000.0,32000.0
2021-06-03,Palm Jumeirah,Villa,6,4622.0,False,13714000.0,632700.0
2021-06-03,Dubai Marina,Apartment,0,341.0,False,502000.0,37200.0
2021-06-03,Dubai Marina,Apartment,2,1381.0,False,2657000.0,170900.0
2021-06-04,Dubai Marina,Apartment,2,1371.0,False,2255000.0,120400.0
2021-06-05,Arabian Ranches,Apartment,3,1509.0,True,1920000.0,129400.0
2021-06-05,Dubai Hills Estate,Villa,5,3339.0,False,4476000.0,299400.0
2021-06-05,Palm Jumeirah,Apartment,2,1343.0,False,3596000.0,171700.0
2021-06-05,Jumeirah Village Circle,Apartment,2,1326.0,True,955000.0,75400.0
2021-06-05,International City,Apartment,1,762.0,False,321000.0,28400.0
2021-06-05,Palm Jumeirah,Apartment,3,1333.0,True,3090000.0,132300.0
2021-06-05,Dubai South,Apartment,0,452.0,False,298000.0,20500.0
2021-06-05,Jumeirah Village Circle,Apartment,1,892.0,True,634000.0,42400.0
2021-06-06,Business Bay,Apartment,2,1433.0,False,2692000.0,136400.0
2021-06-06,Arabian Ranches,Apartment,3,1625.0,False,1559000.0,91000.0
2021-06-07,Jumeirah Village Circle,Apartment,0,376.0,True,252000.0,17400.0
2021-06-07,Business Bay,Apartment,1,836.0,False,1368000.0,80000.0
2021-06-07,Jumeirah Village Circle,Apartment,0,442.0,False,336000.0,27200.0
2021-06-07,Jumeirah Lake Towers,Apartment,0,469.0,False,497000.0,31300.0
2021-06-07,Dubai South,Apartment,1,905.0,False,647000.0,50100.0
2021-06-08,Palm Jumeirah,Villa,5,3677.0,False,10431000.0,571300.0
2021-06-08,Jumeirah Village Circle,Apartment,1,867.0,False,736000.0,46900.0
2021-06-08,Dubai Marina,Apartment,0,437.0,False,626000.0,38800.0
2021-06-09,Dubai Hills Estate,Apartment,0,392.0,True,557000.0,37900.0
2021-06-10,Dubai South,Apartment,2,1257.0,False,1048000.0,75200.0
2021-06-10,Palm Jumeirah,Apartment,0,443.0,False,1302000.0,55800.0
2021-06-11,Dubai Hills Estate,Apartment,2,1234.0,False,1893000.0,101000.0
2021-06-11,International City,Apartment,0,387.0,True,126000.0,10700.0
2021-06-11,Dubai Marina,Apartment,2,1666.0,True,2776000.0,187800.0
2021-06-11,Dubai Marina,Apartment,0,654.0,True,931000.0,57300.0
2021-06-11,Business Bay,Townhouse,4,3392.0,False,4745000.0,318100.0
2021-06-11,Dubai South,Apartment,0,521.0,True,309000.0,25700.0
2021-06-12,Dubai South,Apartment,0,528.0,False,388000.0,34400.0
2021-06-12,Downtown Dubai,Apartment,1,960.0,True,2207000.0,107700.0
2021-06-13,Arabian Ranches,Apartment,3,1550.0,False,1853000.0,108000.0
2021-06-13,Dubai Hills Estate,Apartment,3,2035.0,False,2241000.0,118800.0
2021-06-14,Business Bay,Apartment,1,903.0,False,1525000.0,107100.0
2021-06-14,Dubai Marina,Apartment,2,1265.0,False,1914000.0,118300.0
2021-06-14,Downtown Dubai,Apartment,1,760.0,False,1947000.0,118500.0
2021-06-14,Jumeirah Village Circle,Apartment,2,1247.0,True,895000.0,64100.0
2021-06-15,Business Bay,Apartment,2,1395.0,True,2180000.0,155800.0
2021-06-15,Business Bay,Apartment,0,535.0,False,852000.0,52800.0
2021-06-16,Dubai Hills Estate,Villa,3,2960.0,False,4081000.0,229100.0
2021-06-16,Downtown Dubai,Apartment,1,857.0,False,2082000.0,114100.0
2021-06-16,Dubai Marina,Apartment,2,1552.0,False,2167000.0,129700.0
2021-06-16,Dubai South,Apartment,3,1574.0,True,1063000.0,75200.0
2021-06-17,Palm Jumeirah,Apartment,2,1541.0,False,4198000.0,205600.0
2021-06-18,Jumeirah Village Circle,Apartment,3,1323.0,False,994000.0,72600.0
2021-06-18,Arabian Ranches,Apartment,0,408.0,False,410000.0,21000.0
2021-06-18,Arabian Ranches,Apartment,1,786.0,False,764000.0,47200.0
2021-06-18,Jumeirah Village Circle,Apartment,3,1670.0,False,1338000.0,91200.0
2021-06-19,Dubai Marina,Apartment,2,1172.0,False,1958000.0,108500.0
2021-06-19,Business Bay,Apartment,0,473.0,False,633000.0,39700.0
2021-06-20,Dubai Marina,Apartment,2,1015.0,True,1615000.0,97900.0
2021-06-20,Jumeirah Lake Towers,Apartment,0,426.0,False,548000.0,45400.0
2021-06-20,Dubai South,Villa,3,3250.0,False,2452000.0,154400.0
2021-06-21,Palm Jumeirah,Apartment,3,1730.0,False,5072000.0,268100.0
2021-06-22,Dubai South,Apartment,2,1343.0,True,808000.0,67000.0
2021-06-22,Jumeirah Lake Towers,Apartment,1,834.0,True,791000.0,60600.0
2021-06-22,Business Bay,Apartment,1,778.0,False,1234000.0,82500.0
2021-06-23,Arabian Ranches,Apartment,1,811.0,False,710000.0,43300.0
2021-06-23,Dubai South,Apartment,1,939.0,True,636000.0,44900.0
2021-06-23,Business Bay,Apartment,3,1769.0,False,3421000.0,214400.0
2021-06-23,Dubai South,Apartment,1,885.0,False,387000.0,24800.0
2021-06-24,Dubai Hills Estate,Apartment,3,1909.0,False,2915000.0,197800.0
2021-06-24,Jumeirah Lake Towers,Apartment,1,891.0,False,1116000.0,80500.0
2021-06-24,Jumeirah Village Circle,Apartment,0,421.0,True,253000.0,17900.0
2021-06-24,Jumeirah Lake Towers,Apartment,1,727.0,True,629000.0,45200.0
2021-06-24,International City,Apartment,0,474.0,False,195000.0,18600.0
2021-06-24,Dubai South,Townhouse,4,2765.0,False,2061000.0,130000.0
2021-06-24,Business Bay,Apartment,3,1740.0,False,2490000.0,158100.0
2021-06-24,Dubai South,Apartment,2,1194.0,False,1049000.0,90500.0
2021-06-25,Downtown Dubai,Apartment,1,859.0,False,1700000.0,95000.0
2021-06-25,International City,Apartment,3,1958.0,True,856000.0,73800.0
2021-06-25,Arabian Ranches,Apartment,1,871.0,False,904000.0,52300.0
2021-06-25,Palm Jumeirah,Apartment,1,1020.0,False,2937000.0,146300.0
2021-06-25,Jumeirah Village Circle,Apartment,0,472.0,False,384000.0,34500.0
2021-06-25,Dubai Hills Estate,Apartment,2,1497.0,True,2011000.0,140400.0
2021-06-25,Arabian Ranches,Apartment,1,771.0,False,743000.0,36100.0
2021-06-25,International City,Apartment,0,412.0,False,176000.0,16100.0
2021-06-25,Dubai Hills Estate,Villa,3,3034.0,False,4466000.0,272100.0
2021-06-26,Jumeirah Village Circle,Apartment,3,1802.0,False,1553000.0,112600.0
2021-06-26,Jumeirah Village Circle,Apartment,2,1240.0,True,766000.0,56200.0
2021-06-26,Dubai Hills Estate,Apartment,1,900.0,False,1249000.0,61300.0
2021-06-26,Jumeirah Lake Towers,Apartment,3,1721.0,True,1575000.0,117600.0
2021-06-26,Arabian Ranches,Apartment,2,1003.0,True,1008000.0,59200.0
2021-06-27,Jumeirah Lake Towers,Apartment,2,1519.0,True,1696000.0,127400.0
2021-06-27,Arabian Ranches,Apartment,2,1259.0,True,1213000.0,65900.0
2021-06-28,Business Bay,Apartment,3,1306.0,True,1888000.0,132600.0
2021-06-28,Dubai South,Apartment,2,1404.0,True,986000.0,76400.0
2021-06-28,Arabian Ranches,Villa,5,3821.0,True,4198000.0,255800.0
2021-07-01,Dubai Hills Estate,Townhouse,5,2682.0,False,3699000.0,237800.0
2021-07-01,Palm Jumeirah,Apartment,1,806.0,False,2471000.0,139400.0
2021-07-02,Arabian Ranches,Villa,6,3740.0,False,4323000.0,238700.0
2021-07-02,Jumeirah Lake Towers,Apartment,2,1189.0,True,1008000.0,74800.0
2021-07-02,Arabian Ranches,Apartment,3,1360.0,False,1127000.0,55500.0
2021-07-02,Dubai Hills Estate,Apartment,0,447.0,False,653000.0,40200.0
2021-07-02,Dubai Hills Estate,Apartment,0,521.0,False,756000.0,48500.0
2021-07-02,Arabian Ranches,Villa,5,3841.0,False,4721000.0,218400.0
2021-07-02,Arabian Ranches,Villa,6,4475.0,False,4142000.0,236900.0
2021-07-02,Downtown Dubai,Apartment,3,1446.0,True,2440000.0,137200.0
2021-07-02,Downtown Dubai,Apartment,1,1090.0,False,2562000.0,141400.0
2021-07-03,Dubai Hills Estate,Apartment,3,1573.0,True,1630000.0,81000.0
2021-07-04,Downtown Dubai,Apartment,2,1295.0,False,2762000.0,145400.0
2021-07-04,Dubai Marina,Apartment,1,1086.0,False,1833000.0,130000.0
2021-07-04,Dubai Marina,Apartment,3,1544.0,False,2369000.0,151000.0
2021-07-05,Palm Jumeirah,Apartment,1,1017.0,False,2197000.0,115000.0
2021-07-05,Dubai Hills Estate,Apartment,1,830.0,True,967000.0,49500.0
2021-07-06,Dubai Marina,Apartment,2,1193.0,False,1930000.0,121400.0
2021-07-06,Dubai Marina,Townhouse,4,3247.0,False,5081000.0,354300.0
2021-07-06,Palm Jumeirah,Apartment,3,1801.0,True,4729000.0,245200.0
2021-07-06,Dubai Hills Estate,Villa,6,4922.0,True,5076000.0,316200.0
2021-07-07,Dubai South,Apartment,0,526.0,True,438000.0,32400.0
2021-07-07,International City,Apartment,2,1461.0,False,673000.0,59500.0
2021-07-07,Business Bay,Apartment,2,1123.0,False,1695000.0,104100.0
2021-07-08,Business Bay,Apartment,3,1622.0,False,2764000.0,189800.0
2021-07-08,Arabian Ranches,Apartment,1,756.0,False,998000.0,55900.0
2021-07-08,Jumeirah Village Circle,Apartment,1,625.0,False,486000.0,32500.0
2021-07-08,International City,Apartment,0,585.0,False,252000.0,21300.0
2021-07-08,Arabian Ranches,Apartment,2,1264.0,True,1221000.0,66100.0
2021-07-08,Jumeirah Lake Towers,Apartment,1,971.0,False,827000.0,64700.0
2021-07-09,Dubai South,Apartment,0,447.0,False,261000.0,18200.0
2021-07-09,Dubai South,Apartment,2,1233.0,False,983000.0,73700.0
2021-07-09,Dubai Hills Estate,Townhouse,5,3700.0,False,5062000.0,316200.0
2021-07-09,Arabian Ranches,Apartment,0,388.0,False,374000.0,22900.0
2021-07-09,International City,Apartment,2,1327.0,False,648000.0,68300.0
2021-07-09,Jumeirah Lake Towers,Apartment,0,380.0,True,352000.0,24400.0
2021-07-10,Business Bay,Apartment,2,1286.0,False,1707000.0,93200.0
2021-07-10,Arabian Ranches,Villa,3,2995.0,False,3064000.0,165900.0
2021-07-10,Dubai Marina,Townhouse,4,2904.0,False,5081000.0,356100.0
2021-07-10,Palm Jumeirah,Villa,4,3052.0,False,7950000.0,332000.0
2021-07-10,Palm Jumeirah,Apartment,2,1211.0,True,2635000.0,148400.0
2021-07-10,Dubai Marina,Apartment,3,1565.0,False,2638000.0,173500.0
2021-07-11,Dubai Hills Estate,Apartment,0,531.0,False,728000.0,54000.0
2021-07-11,Dubai Marina,Apartment,2,1184.0,True,1999000.0,115200.0
2021-07-12,Palm Jumeirah,Apartment,2,1296.0,True,4197000.0,199200.0
2021-07-12,Arabian Ranches,Apartment,2,1524.0,False,2002000.0,107500.0
2021-07-13,Jumeirah Lake Towers,Apartment,0,414.0,True,392000.0,32900.0
2021-07-13,International City,Apartment,3,1635.0,False,759000.0,66700.0
2021-07-13,International City,Apartment,2,1526.0,False,699000.0,63500.0
2021-07-13,International City,Apartment,0,527.0,True,192000.0,16300.0
2021-07-15,Jumeirah Village Circle,Apartment,3,2008.0,False,1737000.0,147900.0
2021-07-15,International City,Apartment,1,992.0,True,486000.0,40300.0
2021-07-16,Palm Jumeirah,Townhouse,4,2906.0,True,6855000.0,370900.0
2021-07-16,Jumeirah Village Circle,Apartment,2,1488.0,False,1255000.0,95500.0
2021-07-16,Arabian Ranches,Villa,4,3221.0,False,3403000.0,186100.0
2021-07-16,Dubai Marina,Apartment,0,543.0,False,759000.0,46800.0
2021-07-17,Jumeirah Lake Towers,Apartment,1,939.0,True,868000.0,62300.0
2021-07-17,Downtown Dubai,Apartment,1,790.0,True,1508000.0,82100.0
2021-07-17,International City,Apartment,3,1790.0,False,749000.0,86200.0
2021-07-17,Jumeirah Lake Towers,Apartment,1,717.0,False,704000.0,48800.0
2021-07-17,Business Bay,Townhouse,5,3205.0,False,5230000.0,376000.0
2021-07-17,Dubai Marina,Apartment,2,1385.0,False,2448000.0,149500.0
2021-07-17,Palm Jumeirah,Apartment,1,843.0,True,2375000.0,123500.0
2021-07-18,Dubai Marina,Apartment,1,786.0,False,1124000.0,79100.0
2021-07-18,Jumeirah Village Circle,Apartment,0,399.0,False,310000.0,24600.0
2021-07-18,Arabian Ranches,Apartment,3,1661.0,False,1955000.0,107900.0
2021-07-19,Arabian Ranches,Apartment,1,852.0,False,962000.0,60700.0
2021-07-20,International City,Apartment,2,1176.0,True,542000.0,46600.0
2021-07-20,Jumeirah Lake Towers,Apartment,1,911.0,True,899000.0,67200.0
2021-07-20,Dubai Hills Estate,Apartment,2,1392.0,False,1692000.0,110800.0
2021-07-20,Dubai Hills Estate,Apartment,0,455.0,False,655000.0,41800.0
2021-07-21,Jumeirah Village Circle,Apartment,0,468.0,False,405000.0,30200.0
2021-07-21,Jumeirah Village Circle,Apartment,0,373.0,False,300000.0,16000.0
2021-07-21,Business Bay,Apartment,0,385.0,True,616000.0,38900.0
2021-07-22,Jumeirah Lake Towers,Apartment,3,1937.0,False,1949000.0,127300.0
2021-07-22,Business Bay,Apartment,0,448.0,False,559000.0,35200.0
2021-07-23,Business Bay,Apartment,3,1679.0,False,3087000.0,242900.0
2021-07-23,Jumeirah Lake Towers,Apartment,0,509.0,False,528000.0,32300.0
2021-07-23,Palm Jumeirah,Apartment,0,443.0,False,1364000.0,62300.0
2021-07-24,Dubai Hills Estate,Apartment,1,737.0,False,1116000.0,59200.0
2021-07-24,Downtown Dubai,Apartment,0,425.0,False,874000.0,51600.0
2021-07-24,Downtown Dubai,Apartment,0,496.0,False,1120000.0,67900.0
2021-07-24,Arabian Ranches,Apartment,2,1206.0,False,1212000.0,62400.0
2021-07-25,International City,Apartment,2,1333.0,True,545000.0,45200.0
2021-07-25,Dubai South,Apartment,3,1796.0,True,1425000.0,92700.0
2021-07-25,Dubai Hills Estate,Apartment,2,1245.0,False,2342000.0,132700.0
2021-07-25,Dubai South,Apartment,2,1344.0,False,822000.0,63600.0
2021-07-25,International City,Apartment,1,784.0,False,393000.0,31400.0
2021-07-25,Jumeirah Lake Towers,Apartment,3,1573.0,False,1796000.0,126200.0
2021-07-26,Jumeirah Village Circle,Apartment,1,961.0,True,656000.0,55000.0
2021-07-27,Downtown Dubai,Apartment,0,300.0,True,476000.0,27300.0
2021-07-27,Jumeirah Lake Towers,Apartment,1,890.0,True,739000.0,50900.0
2021-07-27,Arabian Ranches,Townhouse,3,2762.0,True,2533000.0,122900.0
2021-07-27,Business Bay,Apartment,0,419.0,False,605000.0,38400.0
2021-07-27,Downtown Dubai,Apartment,1,580.0,False,1240000.0,75700.0
2021-07-27,Dubai South,Apartment,1,865.0,False,480000.0,40500.0
2021-08-01,Business Bay,Apartment,1,1153.0,False,2013000.0,138800.0
2021-08-01,International City,Apartment,1,971.0,False,461000.0,31500.0
2021-08-02,Business Bay,Apartment,1,690.0,False,1036000.0,61800.0
2021-08-02,Jumeirah Village Circle,Apartment,0,375.0,False,311000.0,25100.0
2021-08-02,Downtown Dubai,Apartment,1,646.0,False,1484000.0,72800.0
2021-08-03,Dubai Hills Estate,Apartment,3,1692.0,True,2266000.0,149100.0
2021-08-03,International City,Apartment,1,788.0,True,304000.0,28800.0
2021-08-03,Palm Jumeirah,Villa,5,3676.0,False,8611000.0,440700.0
2021-08-03,Dubai South,Apartment,1,749.0,False,479000.0,43900.0
2021-08-03,Jumeirah Lake Towers,Apartment,2,1175.0,False,1316000.0,117000.0
2021-08-03,Dubai Marina,Apartment,3,1861.0,True,2855000.0,177500.0
2021-08-03,Palm Jumeirah,Apartment,1,951.0,False,2291000.0,97200.0
2021-08-03,Arabian Ranches,Apartment,0,504.0,False,471000.0,29000.0
2021-08-04,Arabian Ranches,Villa,4,3206.0,False,3767000.0,212500.0
2021-08-05,Dubai South,Apartment,1,931.0,False,576000.0,43100.0
2021-08-05,Business Bay,Apartment,1,837.0,False,1528000.0,123100.0
2021-08-06,Jumeirah Village Circle,Apartment,1,848.0,False,761000.0,51400.0
2021-08-06,Arabian Ranches,Apartment,0,345.0,False,349000.0,18400.0
2021-08-06,Jumeirah Village Circle,Apartment,2,1421.0,True,1064000.0,85400.0
2021-08-06,Arabian Ranches,Villa,4,3467.0,True,4391000.0,258100.0
2021-08-07,Arabian Ranches,Apartment,2,1304.0,True,1464000.0,80900.0
2021-08-07,Jumeirah Lake Towers,Apartment,1,809.0,False,797000.0,60200.0
2021-08-07,Downtown Dubai,Apartment,3,1363.0,False,2763000.0,135000.0
2021-08-07,International City,Apartment,2,1383.0,False,701000.0,52600.0
2021-08-08,Dubai Marina,Apartment,0,300.0,True,396000.0,26000.0
2021-08-08,Downtown Dubai,Townhouse,4,2958.0,False,6425000.0,376400.0
2021-08-09,Jumeirah Village Circle,Apartment,2,1201.0,True,1020000.0,74600.0
2021-08-09,Downtown Dubai,Apartment,0,511.0,False,1191000.0,57400.0
2021-08-09,International City,Apartment,0,302.0,False,133000.0,11700.0
2021-08-09,Dubai Marina,Apartment,2,1226.0,True,1971000.0,151200.0
2021-08-09,Downtown Dubai,Apartment,3,1784.0,False,4019000.0,252400.0
2021-08-10,Dubai South,Apartment,2,1426.0,False,859000.0,66600.0
2021-08-10,Jumeirah Lake Towers,Apartment,3,1616.0,False,1775000.0,150700.0
2021-08-10,Dubai Marina,Apartment,3,1642.0,False,2296000.0,131000.0
2021-08-10,Business Bay,Apartment,3,1359.0,True,2485000.0,158400.0
2021-08-10,Dubai Marina,Apartment,3,1992.0,True,2712000.0,206500.0
2021-08-10,Dubai Marina,Apartment,3,1755.0,False,2802000.0,200400.0
2021-08-11,Dubai Marina,Apartment,1,937.0,True,1152000.0,75400.0
2021-08-11,Downtown Dubai,Apartment,0,373.0,True,800000.0,39600.0
2021-08-11,Palm Jumeirah,Villa,4,3251.0,False,6571000.0,272700.0
2021-08-12,Business Bay,Apartment,1,893.0,False,1574000.0,107700.0
2021-08-12,Jumeirah Village Circle,Apartment,3,1971.0,False,1694000.0,120800.0
2021-08-12,Jumeirah Village Circle,Apartment,3,1801.0,False,1651000.0,129000.0
2021-08-12,Dubai South,Apartment,1,697.0,False,487000.0,32100.0
2021-08-13,Business Bay,Apartment,1,798.0,False,1268000.0,81400.0
2021-08-13,Dubai South,Apartment,0,413.0,False,296000.0,23300.0
2021-08-13,Arabian Ranches,Apartment,3,1679.0,True,1858000.0,104900.0
2021-08-13,Dubai Marina,Apartment,0,592.0,True,927000.0,56900.0
2021-08-14,Dubai Hills Estate,Villa,3,2948.0,False,4459000.0,244300.0
2021-08-14,Arabian Ranches,Villa,5,3787.0,True,3697000.0,199500.0
2021-08-14,Dubai Hills Estate,Villa,6,3901.0,True,4739000.0,230900.0
2021-08-15,Palm Jumeirah,Apartment,0,472.0,True,1155000.0,58200.0
2021-08-15,Dubai Hills Estate,Apartment,3,1451.0,True,1875000.0,124500.0
2021-08-16,Downtown Dubai,Apartment,2,1324.0,False,2686000.0,156500.0
2021-08-16,Dubai Hills Estate,Townhouse,6,3565.0,False,4372000.0,285800.0
2021-08-16,Dubai South,Apartment,1,824.0,False,538000.0,39900.0
2021-08-16,Dubai South,Apartment,3,2185.0,False,1859000.0,149900.0
2021-08-16,Dubai South,Villa,5,3472.0,True,1977000.0,145200.0
2021-08-16,International City,Apartment,0,636.0,False,278000.0,29800.0
2021-08-17,Downtown Dubai,Apartment,3,1761.0,False,2871000.0,146400.0
2021-08-18,Dubai Hills Estate,Apartment,3,1357.0,False,1833000.0,119200.0
2021-08-19,Jumeirah Village Circle,Apartment,2,1247.0,False,886000.0,74900.0
2021-08-19,Dubai Hills Estate,Villa,3,3334.0,True,4863000.0,282800.0
2021-08-19,Dubai Marina,Apartment,3,1693.0,False,2561000.0,174200.0
2021-08-19,Jumeirah Lake Towers,Apartment,3,1565.0,True,1346000.0,104900.0
2021-08-20,Arabian Ranches,Apartment,1,901.0,False,1081000.0,65700.0
2021-08-20,Dubai Marina,Apartment,3,1786.0,True,2666000.0,158200.0
2021-08-21,Downtown Dubai,Apartment,1,891.0,True,1853000.0,100200.0
2021-08-21,Palm Jumeirah,Villa,3,3030.0,False,9159000.0,443700.0
2021-08-21,Business Bay,Apartment,3,1746.0,False,2857000.0,199500.0
2021-08-21,Downtown Dubai,Apartment,3,1682.0,True,4259000.0,264400.0
2021-08-21,Downtown Dubai,Apartment,2,1316.0,True,3090000.0,185800.0
2021-08-21,International City,Apartment,2,1278.0,True,447000.0,43900.0
2021-08-22,Palm Jumeirah,Apartment,1,990.0,False,2685000.0,126600.0
2021-08-22,Downtown Dubai,Apartment,3,1765.0,False,3881000.0,215100.0
2021-08-22,Dubai South,Apartment,3,1610.0,False,1321000.0,107700.0
2021-08-22,Business Bay,Apartment,3,1561.0,True,2497000.0,180500.0
2021-08-23,Downtown Dubai,Apartment,3,1623.0,True,3099000.0,187600.0
2021-08-23,Palm Jumeirah,Apartment,1,944.0,False,3078000.0,143700.0
2021-08-24,Business Bay,Apartment,1,867.0,False,1443000.0,94700.0
2021-08-24,Business Bay,Apartment,3,1713.0,True,2635000.0,170900.0
2021-08-24,Dubai Hills Estate,Apartment,1,1171.0,True,1627000.0,96800.0
2021-08-24,Dubai Marina,Apartment,2,1365.0,False,2693000.0,200700.0
2021-08-24,Dubai Marina,Apartment,2,1507.0,False,2566000.0,142500.0
2021-08-25,Business Bay,Apartment,3,1602.0,False,2499000.0,187300.0
2021-08-25,Arabian Ranches,Villa,4,3404.0,True,3719000.0,203100.0
2021-08-25,Dubai Marina,Apartment,2,1254.0,True,1741000.0,108800.0
2021-08-26,Dubai Marina,Apartment,1,1085.0,True,1967000.0,103500.0
2021-08-27,Dubai Hills Estate,Apartment,1,1016.0,False,1581000.0,89900.0
2021-08-27,Jumeirah Lake Towers,Apartment,0,419.0,True,455000.0,34900.0
2021-08-27,Jumeirah Village Circle,Apartment,3,1995.0,False,1935000.0,155400.0
2021-08-28,Dubai South,Apartment,1,939.0,True,664000.0,43800.0
2021-08-28,Palm Jumeirah,Apartment,3,1511.0,True,4141000.0,187900.0
2021-09-01,Jumeirah Lake Towers,Apartment,3,1834.0,True,1898000.0,145300.0
2021-09-01,Jumeirah Lake Towers,Apartment,1,855.0,False,908000.0,74800.0
2021-09-02,Dubai Hills Estate,Apartment,2,1544.0,False,2496000.0,144000.0
2021-09-02,Jumeirah Lake Towers,Apartment,2,1242.0,True,1446000.0,108500.0
2021-09-02,International City,Apartment,3,1248.0,True,395000.0,33800.0
2021-09-04,Arabian Ranches,Villa,3,2997.0,True,2910000.0,135100.0
2021-09-04,Palm Jumeirah,Apartment,2,1150.0,False,2663000.0,125600.0
2021-09-05,Jumeirah Village Circle,Apartment,0,395.0,True,310000.0,24900.0
2021-09-05,Dubai Marina,Apartment,2,1170.0,True,1601000.0,96500.0
2021-09-05,Jumeirah Village Circle,Apartment,1,997.0,True,807000.0,59600.0
2021-09-06,International City,Apartment,1,834.0,False,432000.0,29400.0
2021-09-06,Business Bay,Apartment,1,727.0,True,1159000.0,69100.0
2021-09-06,International City,Apartment,2,1508.0,False,564000.0,40500.0
2021-09-06,International City,Apartment,2,1371.0,False,572000.0,54900.0
2021-09-07,Business Bay,Apartment,3,1519.0,True,1987000.0,136900.0
2021-09-08,Jumeirah Village Circle,Apartment,0,467.0,True,307000.0,22900.0
2021-09-08,Dubai South,Apartment,3,1744.0,True,1360000.0,99500.0
2021-09-08,Palm Jumeirah,Villa,5,4032.0,True,10356000.0,517400.0
2021-09-08,International City,Apartment,1,915.0,False,395000.0,29300.0
2021-09-08,Arabian Ranches,Apartment,3,1740.0,True,1914000.0,106400.0
2021-09-09,Business Bay,Apartment,0,417.0,False,631000.0,37400.0
2021-09-09,International City,Apartment,1,767.0,False,281000.0,23200.0
2021-09-09,Jumeirah Village Circle,Apartment,1,805.0,False,709000.0,62100.0
2021-09-10,Jumeirah Lake Towers,Apartment,3,1720.0,False,1800000.0,129900.0
2021-09-10,Jumeirah Lake Towers,Apartment,0,436.0,False,380000.0,30000.0
2021-09-11,Dubai South,Apartment,3,1778.0,True,1279000.0,108200.0
2021-09-11,Dubai South,Apartment,2,1183.0,False,1021000.0,77100.0
2021-09-11,Jumeirah Lake Towers,Apartment,0,432.0,False,451000.0,31800.0
2021-09-11,Dubai Marina,Apartment,2,1307.0,True,2219000.0,144400.0
2021-09-12,Business Bay,Apartment,0,576.0,False,847000.0,52600.0
2021-09-12,Jumeirah Lake Towers,Apartment,3,1734.0,False,1890000.0,123100.0
2021-09-13,Dubai South,Apartment,2,1348.0,False,1023000.0,85300.0
2021-09-13,Downtown Dubai,Apartment,0,547.0,False,1233000.0,65500.0
2021-09-13,Dubai Marina,Apartment,0,300.0,False,557000.0,32300.0
2021-09-14,Dubai Marina,Apartment,0,321.0,True,571000.0,31700.0
2021-09-14,Arabian Ranches,Apartment,2,1462.0,False,1366000.0,80000.0
2021-09-14,Dubai Marina,Apartment,1,757.0,False,1029000.0,58700.0
2021-09-15,Downtown Dubai,Apartment,0,417.0,True,848000.0,42400.0
2021-09-15,Jumeirah Village Circle,Apartment,3,1653.0,True,1259000.0,99500.0
2021-09-15,Jumeirah Village Circle,Apartment,2,1373.0,False,1083000.0,90600.0
2021-09-15,International City,Apartment,1,829.0,False,335000.0,34900.0
2021-09-16,Arabian Ranches,Apartment,0,469.0,True,544000.0,26200.0
2021-09-16,Arabian Ranches,Apartment,0,346.0,True,350000.0,18500.0
2021-09-16,Dubai Hills Estate,Apartment,1,977.0,False,1153000.0,60700.0
2021-09-16,Downtown Dubai,Apartment,0,632.0,False,1153000.0,60000.0
2021-09-16,Jumeirah Lake Towers,Apartment,2,1472.0,False,1148000.0,100500.0
2021-09-17,Dubai Hills Estate,Apartment,3,1890.0,False,2410000.0,125600.0
2021-09-17,Dubai Hills Estate,Villa,3,3407.0,False,3979000.0,254900.0
2021-09-17,Arabian Ranches,Townhouse,4,2876.0,True,2637000.0,181500.0
2021-09-17,International City,Apartment,2,1143.0,False,499000.0,37600.0
2021-09-18,Dubai South,Apartment,3,1703.0,False,1241000.0,108900.0
2021-09-18,Jumeirah Village Circle,Apartment,1,714.0,True,518000.0,39200.0
2021-09-18,Jumeirah Lake Towers,Apartment,3,1399.0,True,1351000.0,99900.0
2021-09-18,Downtown Dubai,Apartment,1,801.0,False,1710000.0,92600.0
2021-09-19,Dubai Hills Estate,Apartment,2,1370.0,False,2137000.0,135900.0
2021-09-19,International City,Apartment,0,383.0,False,214000.0,18400.0
2021-09-19,International City,Apartment,0,622.0,True,183000.0,16100.0
2021-09-19,Jumeirah Village Circle,Apartment,2,1361.0,False,1056000.0,79200.0
2021-09-19,Arabian Ranches,Apartment,0,574.0,False,792000.0,52000.0
2021-09-20,Palm Jumeirah,Apartment,2,1574.0,False,3698000.0,162600.0
2021-09-20,Jumeirah Village Circle,Apartment,2,1228.0,True,1016000.0,89100.0
2021-09-20,Business Bay,Apartment,1,821.0,False,1350000.0,90500.0
2021-09-20,Dubai Hills Estate,Apartment,2,1203.0,True,1340000.0,79600.0
2021-09-20,Dubai South,Apartment,0,505.0,False,345000.0,28800.0
2021-09-20,Dubai South,Apartment,0,319.0,False,222000.0,17900.0
2021-09-21,Dubai Marina,Apartment,2,1622.0,False,2294000.0,147900.0
2021-09-21,Downtown Dubai,Apartment,2,1242.0,False,2470000.0,156600.0
2021-09-21,Downtown Dubai,Apartment,2,1184.0,False,3229000.0,156200.0
2021-09-21,Palm Jumeirah,Villa,3,2919.0,False,8966000.0,596600.0
2021-09-21,Dubai Hills Estate,Apartment,0,485.0,True,769000.0,39200.0
2021-09-22,Dubai South,Apartment,2,917.0,False,652000.0,50700.0
2021-09-23,Downtown Dubai,Apartment,1,826.0,False,1565000.0,76400.0
2021-09-23,Jumeirah Lake Towers,Apartment,3,1937.0,False,1774000.0,119900.0
2021-09-23,Jumeirah Lake Towers,Apartment,2,1550.0,False,1583000.0,127900.0
2021-09-23,Downtown Dubai,Apartment,3,1804.0,True,3504000.0,213500.0
2021-09-23,Dubai Marina,Apartment,3,1776.0,False,3112000.0,217300.0
2021-09-24,Dubai Marina,Apartment,1,734.0,False,1373000.0,87800.0
2021-09-25,Business Bay,Apartment,0,418.0,False,578000.0,38900.0
2021-09-25,Jumeirah Village Circle,Apartment,3,2164.0,False,1608000.0,149900.0
2021-09-25,Dubai Hills Estate,Apartment,2,1265.0,False,1920000.0,114200.0
2021-09-25,Jumeirah Lake Towers,Apartment,0,438.0,False,460000.0,42800.0
2021-09-25,International City,Townhouse,5,3702.0,False,1773000.0,196100.0
2021-09-25,Palm Jumeirah,Apartment,0,451.0,False,1225000.0,60800.0
2021-09-26,Downtown Dubai,Apartment,1,959.0,True,2119000.0,132700.0
2021-09-27,Dubai Hills Estate,Villa,4,3965.0,True,5361000.0,287000.0
2021-09-27,Jumeirah Lake Towers,Apartment,2,1132.0,False,1179000.0,89600.0
2021-09-28,Jumeirah Lake Towers,Apartment,2,1306.0,False,1244000.0,92200.0
2021-10-01,Dubai South,Apartment,0,389.0,False,269000.0,19900.0
2021-10-01,Jumeirah Village Circle,Apartment,3,1410.0,False,1422000.0,119700.0
2021-10-01,Business Bay,Apartment,0,565.0,False,744000.0,51100.0
2021-10-02,Jumeirah Lake Towers,Apartment,1,995.0,True,976000.0,73700.0
2021-10-02,Dubai South,Apartment,3,1685.0,True,910000.0,69800.0
2021-10-03,International City,Apartment,0,422.0,False,163000.0,17100.0
2021-10-03,Business Bay,Townhouse,5,3162.0,False,5245000.0,363700.0
2021-10-03,Downtown Dubai,Apartment,0,331.0,True,691000.0,37000.0
2021-10-03,Downtown Dubai,Apartment,2,1170.0,False,2476000.0,123000.0
2021-10-04,Dubai Hills Estate,Villa,3,2799.0,True,3220000.0,218100.0
2021-10-04,Dubai Marina,Apartment,1,861.0,True,1363000.0,98800.0
2021-10-04,Dubai Marina,Apartment,2,1141.0,False,1563000.0,91500.0
2021-10-05,Dubai Marina,Apartment,3,1535.0,False,2220000.0,139100.0
2021-10-05,Downtown Dubai,Apartment,3,1691.0,False,2929000.0,161600.0
2021-10-05,Dubai Marina,Apartment,2,1312.0,False,2311000.0,150700.0
2021-10-06,Dubai Marina,Apartment,1,736.0,False,1277000.0,83600.0
2021-10-06,Dubai South,Apartment,0,501.0,True,255000.0,24100.0
2021-10-06,International City,Apartment,0,351.0,False,157000.0,13000.0
2021-10-06,Dubai South,Apartment,0,375.0,False,268000.0,22400.0
2021-10-06,Arabian Ranches,Apartment,2,1339.0,False,1606000.0,79900.0
2021-10-07,Business Bay,Apartment,3,1682.0,False,2773000.0,205900.0
2021-10-08,Palm Jumeirah,Apartment,1,982.0,False,3053000.0,171100.0
2021-10-08,Downtown Dubai,Apartment,1,896.0,False,1783000.0,81600.0
2021-10-08,Dubai South,Apartment,2,1259.0,False,878000.0,67800.0
2021-10-09,Dubai Hills Estate,Apartment,2,1206.0,True,1482000.0,87700.0
2021-10-09,Jumeirah Village Circle,Apartment,3,1662.0,False,1288000.0,124800.0
2021-10-09,Arabian Ranches,Villa,3,2898.0,False,2894000.0,173100.0
2021-10-09,Dubai South,Villa,4,3344.0,True,2428000.0,209400.0
2021-10-09,Dubai Hills Estate,Apartment,1,919.0,False,1553000.0,92300.0
2021-10-09,International City,Apartment,2,1512.0,True,547000.0,56000.0
2021-10-09,Dubai Hills Estate,Apartment,1,855.0,True,1233000.0,57800.0
2021-10-10,Arabian Ranches,Apartment,3,1458.0,False,1740000.0,89400.0
2021-10-10,Downtown Dubai,Apartment,0,648.0,False,1478000.0,86700.0
2021-10-10,Downtown Dubai,Apartment,1,833.0,True,1829000.0,91000.0
2021-10-10,Arabian Ranches,Apartment,1,824.0,False,771000.0,37200.0
2021-10-11,Jumeirah Village Circle,Apartment,3,1383.0,False,1270000.0,103100.0
2021-10-12,Downtown Dubai,Apartment,0,472.0,False,1064000.0,62700.0
2021-10-12,International City,Apartment,2,1305.0,True,501000.0,43700.0
2021-10-12,Dubai Marina,Apartment,2,1206.0,False,1921000.0,139400.0
2021-10-12,Dubai South,Apartment,1,875.0,False,629000.0,42700.0
2021-10-12,Dubai South,Villa,4,3777.0,False,2404000.0,168500.0
2021-10-13,Dubai Hills Estate,Apartment,2,1282.0,True,1761000.0,100900.0
2021-10-13,Dubai Hills Estate,Apartment,3,1841.0,False,2593000.0,159900.0
2021-10-13,Dubai Marina,Apartment,3,1653.0,True,2531000.0,150500.0
2021-10-13,Arabian Ranches,Apartment,3,1685.0,False,2211000.0,133500.0
2021-10-13,Dubai Marina,Apartment,1,1009.0,False,1517000.0,91300.0
2021-10-14,Downtown Dubai,Apartment,0,328.0,False,821000.0,49200.0
2021-10-14,Palm Jumeirah,Apartment,1,696.0,False,1631000.0,70500.0
2021-10-14,Dubai Hills Estate,Apartment,0,524.0,False,837000.0,48200.0
2021-10-14,Downtown Dubai,Apartment,1,917.0,False,1699000.0,84500.0
2021-10-14,Arabian Ranches,Apartment,1,787.0,False,855000.0,42400.0
2021-10-14,Arabian Ranches,Villa,5,4276.0,True,4490000.0,245700.0
2021-10-14,Arabian Ranches,Apartment,3,1842.0,False,2798000.0,139900.0
2021-10-14,Jumeirah Village Circle,Apartment,1,845.0,True,545000.0,45300.0
2021-10-14,Jumeirah Lake Towers,Apartment,3,1864.0,False,1934000.0,130000.0
2021-10-15,Jumeirah Village Circle,Apartment,3,1498.0,False,1075000.0,80100.0
2021-10-15,International City,Apartment,0,520.0,False,298000.0,28100.0
2021-10-15,Downtown Dubai,Apartment,1,828.0,False,1905000.0,99600.0
2021-10-15,International City,Apartment,1,1004.0,False,483000.0,49200.0
2021-10-15,Downtown Dubai,Apartment,0,485.0,False,974000.0,53500.0
2021-10-16,Palm Jumeirah,Apartment,0,384.0,False,1063000.0,43900.0
2021-10-17,Jumeirah Village Circle,Apartment,3,1838.0,False,1505000.0,123500.0
2021-10-17,Jumeirah Lake Towers,Apartment,0,577.0,False,770000.0,63200.0
2021-10-18,Jumeirah Lake Towers,Apartment,2,1476.0,False,1334000.0,103600.0
2021-10-18,Jumeirah Village Circle,Apartment,0,411.0,True,247000.0,19100.0
2021-10-18,Business Bay,Apartment,1,802.0,False,1285000.0,81900.0
2021-10-18,Jumeirah Village Circle,Apartment,1,861.0,False,618000.0,49300.0
2021-10-19,Dubai Marina,Apartment,1,862.0,False,1310000.0,78100.0
2021-10-19,Arabian Ranches,Villa,5,3797.0,False,3466000.0,209100.0
2021-10-20,Business Bay,Apartment,1,856.0,False,1365000.0,86300.0
2021-10-20,International City,Apartment,3,1883.0,False,694000.0,60900.0
2021-10-21,Dubai South,Apartment,2,1318.0,False,931000.0,77300.0
2021-10-21,Downtown Dubai,Apartment,0,467.0,True,893000.0,49700.0
2021-10-21,Jumeirah Village Circle,Apartment,1,882.0,False,755000.0,58700.0
2021-10-21,International City,Apartment,3,1419.0,True,521000.0,48700.0
2021-10-21,Business Bay,Apartment,0,414.0,False,653000.0,44200.0
2021-10-22,Palm Jumeirah,Apartment,2,1433.0,False,4065000.0,210800.0
2021-10-22,Arabian Ranches,Villa,6,4198.0,False,4948000.0,276700.0
2021-10-22,Jumeirah Village Circle,Apartment,0,324.0,False,303000.0,25800.0
2021-10-22,Palm Jumeirah,Apartment,3,1695.0,False,4376000.0,223200.0
2021-10-22,Jumeirah Village Circle,Apartment,1,1101.0,True,788000.0,60000.0
2021-10-23,Downtown Dubai,Apartment,1,797.0,False,2033000.0,103500.0
2021-10-23,Palm Jumeirah,Townhouse,4,2511.0,True,6036000.0,286700.0
2021-10-24,Jumeirah Village Circle,Apartment,1,972.0,True,804000.0,64700.0
2021-10-24,Dubai Hills Estate,Apartment,3,1435.0,False,2365000.0,129300.0
2021-10-25,Dubai South,Apartment,3,1816.0,False,1205000.0,98000.0
2021-10-25,Palm Jumeirah,Apartment,0,419.0,True,965000.0,49400.0
2021-10-25,Business Bay,Apartment,3,1936.0,True,2602000.0,177800.0
2021-10-26,International City,Apartment,1,730.0,False,326000.0,30000.0
2021-10-27,Business Bay,Apartment,3,1741.0,True,3345000.0,183200.0
2021-10-27,Business Bay,Apartment,2,1344.0,True,1941000.0,124000.0
2021-10-27,Arabian Ranches,Apartment,0,464.0,False,482000.0,32900.0
2021-10-27,Downtown Dubai,Apartment,0,485.0,True,696000.0,37000.0
2021-10-27,Palm Jumeirah,Apartment,3,1651.0,False,4180000.0,195500.0
2021-10-28,International City,Apartment,1,706.0,True,276000.0,20300.0
2021-10-28,International City,Apartment,3,1459.0,True,532000.0,50600.0
2021-10-28,Business Bay,Apartment,2,1219.0,False,2154000.0,145500.0
2021-11-01,Palm Jumeirah,Apartment,3,1652.0,False,3930000.0,178600.0
2021-11-01,Dubai Marina,Apartment,2,1206.0,True,1737000.0,116800.0
2021-11-01,Dubai Marina,Apartment,1,815.0,False,1088000.0,86300.0
2021-11-01,Arabian Ranches,Apartment,3,1256.0,False,1329000.0,78900.0
2021-11-01,Dubai South,Apartment,3,1931.0,True,1242000.0,92800.0
2021-11-01,Palm Jumeirah,Apartment,2,1442.0,True,2965000.0,137600.0
2021-11-01,Jumeirah Lake Towers,Apartment,2,1364.0,False,1231000.0,104300.0
2021-11-01,Dubai South,Apartment,1,741.0,False,525000.0,41500.0
2021-11-01,Jumeirah Lake Towers,Apartment,2,1179.0,True,1088000.0,77000.0
2021-11-02,Dubai Marina,Apartment,1,817.0,True,1389000.0,87000.0
2021-11-03,Business Bay,Apartment,1,852.0,True,1379000.0,99600.0
2021-11-03,Dubai Hills Estate,Apartment,1,769.0,True,1115000.0,60300.0
2021-11-04,Downtown Dubai,Apartment,3,1522.0,False,2623000.0,154500.0
2021-11-04,Jumeirah Lake Towers,Apartment,0,441.0,False,421000.0,33600.0
2021-11-05,International City,Apartment,2,1319.0,False,667000.0,59800.0
2021-11-06,Dubai South,Villa,5,3940.0,False,2448000.0,205600.0
2021-11-06,Dubai South,Apartment,0,409.0,False,297000.0,22400.0
2021-11-06,Business Bay,Apartment,0,491.0,False,821000.0,52900.0
2021-11-06,Arabian Ranches,Apartment,1,776.0,False,1071000.0,50100.0
2021-11-07,Jumeirah Lake Towers,Apartment,0,440.0,False,509000.0,36300.0
2021-11-07,Dubai Marina,Apartment,1,797.0,False,1113000.0,69600.0
2021-11-08,Jumeirah Lake Towers,Apartment,3,2035.0,False,1892000.0,145000.0
2021-11-08,Business Bay,Apartment,0,462.0,False,585000.0,39800.0
2021-11-08,Business Bay,Apartment,2,1338.0,False,2220000.0,161200.0
2021-11-09,International City,Apartment,1,812.0,False,332000.0,31100.0
2021-11-09,Dubai Marina,Apartment,0,567.0,False,865000.0,53700.0
2021-11-09,Jumeirah Village Circle,Apartment,3,2036.0,False,1533000.0,131200.0
2021-11-09,Arabian Ranches,Apartment,0,398.0,False,381000.0,19300.0
2021-11-09,Jumeirah Village Circle,Apartment,2,1258.0,False,1007000.0,72600.0
2021-11-09,Jumeirah Lake Towers,Apartment,2,1344.0,True,1074000.0,79200.0
2021-11-10,Business Bay,Apartment,3,1838.0,False,3211000.0,219800.0
2021-11-10,Business Bay,Apartment,3,1732.0,True,2164000.0,109000.0
2021-11-10,Dubai Hills Estate,Villa,6,4875.0,True,8322000.0,632200.0
2021-11-10,Dubai Marina,Apartment,1,903.0,True,1220000.0,83500.0
2021-11-10,Dubai South,Apartment,3,1673.0,False,1082000.0,64600.0
2021-11-11,International City,Apartment,0,444.0,True,203000.0,21900.0
2021-11-11,International City,Apartment,0,313.0,True,117000.0,9200.0
2021-11-12,Dubai Hills Estate,Apartment,1,828.0,False,1133000.0,78600.0
2021-11-12,International City,Apartment,3,1611.0,False,794000.0,65000.0
2021-11-12,Jumeirah Lake Towers,Apartment,3,1373.0,False,1391000.0,109400.0
2021-11-13,Jumeirah Village Circle,Apartment,0,354.0,True,283000.0,20700.0
2021-11-13,Downtown Dubai,Apartment,3,1843.0,False,5052000.0,280400.0
2021-11-13,Business Bay,Apartment,3,1908.0,False,2856000.0,193400.0
2021-11-13,Palm Jumeirah,Apartment,3,1681.0,False,4276000.0,215700.0
2021-11-13,International City,Apartment,0,505.0,False,221000.0,18200.0
2021-11-15,Palm Jumeirah,Villa,3,2900.0,False,7949000.0,428900.0
2021-11-15,Dubai Marina,Apartment,2,1297.0,False,2378000.0,162100.0
2021-11-15,Palm Jumeirah,Apartment,0,448.0,False,1237000.0,56300.0
2021-11-15,Jumeirah Village Circle,Apartment,2,1045.0,False,749000.0,57000.0
2021-11-15,Dubai Marina,Apartment,3,1551.0,False,2491000.0,139000.0
2021-11-16,Dubai Marina,Apartment,2,930.0,False,1603000.0,102400.0
2021-11-16,Business Bay,Apartment,2,1461.0,True,1986000.0,137500.0
2021-11-16,Arabian Ranches,Apartment,0,435.0,True,490000.0,21500.0
2021-11-17,Palm Jumeirah,Apartment,2,1235.0,False,3922000.0,187200.0
2021-11-17,Dubai Marina,Apartment,3,2017.0,False,3510000.0,180200.0
2021-11-17,Dubai Marina,Apartment,0,547.0,False,944000.0,57600.0
2021-11-17,Palm Jumeirah,Apartment,0,379.0,False,961000.0,47200.0
2021-11-17,Dubai South,Apartment,2,1237.0,False,681000.0,43600.0
2021-11-18,Arabian Ranches,Apartment,1,926.0,False,1057000.0,61400.0
2021-11-18,Dubai Marina,Apartment,1,988.0,False,1591000.0,93600.0
2021-11-18,Dubai Hills Estate,Apartment,0,481.0,False,667000.0,35000.0
2021-11-18,Dubai South,Apartment,3,1616.0,False,1363000.0,100500.0
2021-11-18,Arabian Ranches,Apartment,0,546.0,False,628000.0,39200.0
2021-11-18,Downtown Dubai,Apartment,0,541.0,False,1055000.0,56500.0
2021-11-19,Dubai Marina,Apartment,2,1396.0,True,1819000.0,117000.0
2021-11-19,International City,Apartment,2,1170.0,False,443000.0,39700.0
2021-11-19,Dubai Marina,Apartment,3,1295.0,False,1946000.0,138200.0
2021-11-19,Dubai Hills Estate,Apartment,1,1026.0,False,1271000.0,72800.0
2021-11-20,Dubai Hills Estate,Apartment,1,846.0,False,1017000.0,58500.0
2021-11-20,Business Bay,Apartment,2,1482.0,False,2859000.0,208800.0
2021-11-20,Business Bay,Apartment,1,964.0,False,1525000.0,97800.0
2021-11-21,International City,Apartment,0,473.0,False,199000.0,18600.0
2021-11-21,Downtown Dubai,Apartment,2,1075.0,False,2203000.0,131800.0
2021-11-21,Arabian Ranches,Villa,6,4799.0,False,5240000.0,296700.0
2021-11-21,Dubai Marina,Apartment,3,1986.0,False,3642000.0,227700.0
2021-11-21,International City,Apartment,2,1199.0,False,383000.0,29300.0
2021-11-21,Downtown Dubai,Apartment,0,424.0,True,941000.0,42800.0
2021-11-21,Downtown Dubai,Apartment,2,1216.0,False,2450000.0,127700.0
2021-11-22,Dubai South,Villa,5,3852.0,False,2877000.0,211400.0
2021-11-22,Dubai South,Villa,5,4216.0,False,2682000.0,196800.0
2021-11-22,Dubai South,Apartment,2,1366.0,True,723000.0,52500.0
2021-11-23,Jumeirah Lake Towers,Apartment,0,306.0,True,338000.0,28700.0
2021-11-23,Jumeirah Lake Towers,Apartment,1,701.0,True,823000.0,62900.0
2021-11-23,Jumeirah Lake Towers,Apartment,3,1641.0,False,1461000.0,94200.0
2021-11-24,Downtown Dubai,Apartment,0,434.0,False,953000.0,44600.0
2021-11-24,Arabian Ranches,Apartment,3,1373.0,True,1633000.0,93400.0
2021-11-24,Jumeirah Village Circle,Apartment,3,1740.0,False,1576000.0,127700.0
2021-11-25,Dubai South,Apartment,3,1823.0,True,1196000.0,95300.0
2021-11-25,International City,Apartment,3,1411.0,False,640000.0,75600.0
2021-11-25,International City,Apartment,0,531.0,False,194000.0,16700.0
2021-11-25,Business Bay,Apartment,0,425.0,False,780000.0,58700.0
2021-11-25,Jumeirah Village Circle,Apartment,2,1208.0,False,932000.0,65300.0
2021-11-25,Dubai Marina,Apartment,0,373.0,True,607000.0,44100.0
2021-11-26,Dubai Marina,Apartment,0,418.0,False,586000.0,39800.0
2021-11-27,Arabian Ranches,Apartment,1,781.0,True,724000.0,40700.0
2021-11-27,Palm Jumeirah,Villa,5,3931.0,False,8648000.0,459800.0
2021-11-27,Business Bay,Apartment,2,1347.0,False,1714000.0,127000.0
2021-11-28,International City,Apartment,0,383.0,False,145000.0,14100.0
2021-11-28,Palm Jumeirah,Apartment,3,1661.0,False,5601000.0,280400.0
2021-11-28,Business Bay,Apartment,2,1227.0,False,2241000.0,169900.0
2021-11-28,Jumeirah Village Circle,Apartment,0,461.0,False,398000.0,28600.0
2021-12-01,Jumeirah Village Circle,Apartment,3,1741.0,False,1620000.0,134200.0
2021-12-01,Jumeirah Lake Towers,Apartment,3,2022.0,False,2191000.0,151100.0
2021-12-01,Business Bay,Apartment,2,1439.0,False,1687000.0,95800.0
2021-12-02,Palm Jumeirah,Apartment,0,449.0,False,1224000.0,61000.0
2021-12-02,Downtown Dubai,Apartment,2,1351.0,False,2715000.0,143900.0
2021-12-02,Dubai South,Apartment,0,546.0,False,385000.0,29800.0
2021-12-03,Downtown Dubai,Apartment,1,911.0,False,2233000.0,143500.0
2021-12-03,Jumeirah Lake Towers,Apartment,2,1290.0,False,1332000.0,84900.0
2021-12-03,Jumeirah Village Circle,Apartment,1,798.0,True,512000.0,35000.0
2021-12-04,Jumeirah Village Circle,Apartment,1,1002.0,True,801000.0,53000.0
2021-12-04,Dubai Marina,Apartment,2,1602.0,False,3564000.0,186600.0
2021-12-04,Business Bay,Apartment,3,1760.0,False,3101000.0,198700.0
2021-12-04,Jumeirah Village Circle,Apartment,0,500.0,True,354000.0,27200.0
2021-12-05,Business Bay,Apartment,3,1232.0,False,2054000.0,129100.0
2021-12-05,Jumeirah Lake Towers,Apartment,1,744.0,True,801000.0,48800.0
2021-12-05,Jumeirah Lake Towers,Apartment,1,818.0,True,808000.0,55300.0
2021-12-05,Downtown Dubai,Apartment,1,846.0,False,1576000.0,98800.0
2021-12-05,Dubai Hills Estate,Apartment,2,1139.0,True,1448000.0,92200.0
2021-12-05,Jumeirah Village Circle,Apartment,2,1141.0,False,1039000.0,83400.0
2021-12-05,Palm Jumeirah,Villa,4,3009.0,False,7901000.0,373400.0
2021-12-05,International City,Apartment,3,1967.0,False,805000.0,67900.0
2021-12-06,Downtown Dubai,Apartment,1,839.0,False,1572000.0,92100.0
2021-12-06,Downtown Dubai,Apartment,0,568.0,False,1281000.0,62500.0
2021-12-06,Dubai Hills Estate,Apartment,0,464.0,False,910000.0,51500.0
2021-12-06,Downtown Dubai,Apartment,2,1182.0,True,2206000.0,111600.0
2021-12-06,Jumeirah Village Circle,Apartment,3,1803.0,False,1745000.0,117700.0
2021-12-06,Arabian Ranches,Apartment,1,1023.0,False,995000.0,48800.0
2021-12-07,Dubai South,Apartment,1,825.0,False,629000.0,54700.0
2021-12-07,Business Bay,Apartment,2,1193.0,True,1940000.0,113800.0
2021-12-07,Business Bay,Apartment,1,1001.0,False,1608000.0,104900.0
2021-12-07,Jumeirah Village Circle,Apartment,2,1236.0,False,933000.0,72800.0
2021-12-08,Dubai Hills Estate,Apartment,0,379.0,False,602000.0,34000.0
2021-12-08,International City,Apartment,3,1581.0,False,548000.0,49500.0
2021-12-08,Arabian Ranches,Villa,4,3851.0,True,4229000.0,221300.0
2021-12-09,Jumeirah Village Circle,Apartment,3,1869.0,True,1438000.0,117400.0
2021-12-09,Arabian Ranches,Townhouse,5,2872.0,False,3607000.0,218400.0
2021-12-09,Palm Jumeirah,Apartment,3,1758.0,True,5012000.0,282600.0
2021-12-10,Palm Jumeirah,Apartment,3,1917.0,False,3978000.0,214800.0
2021-12-10,International City,Apartment,2,1358.0,False,557000.0,61300.0
2021-12-10,Dubai Marina,Apartment,2,1242.0,True,1660000.0,122400.0
2021-12-10,Downtown Dubai,Apartment,2,1219.0,True,2099000.0,113300.0
2021-12-10,Business Bay,Apartment,0,319.0,True,600000.0,42800.0
2021-12-11,Dubai South,Apartment,3,1884.0,True,1419000.0,96400.0
2021-12-11,Dubai Hills Estate,Apartment,2,1367.0,True,1738000.0,92100.0
2021-12-11,Palm Jumeirah,Apartment,2,1030.0,False,2714000.0,129500.0
2021-12-11,Arabian Ranches,Apartment,2,1091.0,True,1102000.0,58300.0
2021-12-11,Jumeirah Lake Towers,Apartment,0,456.0,False,494000.0,37300.0
2021-12-12,Dubai South,Apartment,2,1381.0,False,1114000.0,78000.0
2021-12-12,International City,Apartment,0,544.0,False,315000.0,31900.0
2021-12-13,Downtown Dubai,Apartment,1,859.0,True,2014000.0,108900.0
2021-12-13,Dubai South,Apartment,2,1375.0,False,966000.0,76300.0
2021-12-13,Palm Jumeirah,Apartment,1,769.0,True,2124000.0,91400.0
2021-12-13,Dubai Hills Estate,Apartment,1,1005.0,True,1318000.0,74600.0
2021-12-14,Business Bay,Townhouse,3,2399.0,False,4655000.0,271600.0
2021-12-14,Business Bay,Apartment,0,301.0,True,466000.0,32700.0
2021-12-14,Palm Jumeirah,Apartment,0,503.0,False,1338000.0,55000.0
2021-12-15,Downtown Dubai,Apartment,0,437.0,False,1152000.0,59800.0
2021-12-15,Business Bay,Apartment,0,497.0,True,714000.0,49300.0
2021-12-15,International City,Apartment,2,1250.0,True,543000.0,47600.0
2021-12-15,Jumeirah Village Circle,Apartment,3,1550.0,False,1160000.0,90100.0
2021-12-16,Dubai Hills Estate,Apartment,1,938.0,False,1421000.0,86900.0
2021-12-16,Business Bay,Apartment,1,892.0,False,1144000.0,78800.0
2021-12-16,Business Bay,Apartment,0,456.0,True,669000.0,43000.0
2021-12-16,International City,Apartment,2,1135.0,True,413000.0,39000.0
2021-12-16,International City,Apartment,1,836.0,False,347000.0,24500.0
2021-12-16,Jumeirah Village Circle,Apartment,3,1501.0,False,1210000.0,103100.0
2021-12-17,Jumeirah Village Circle,Apartment,2,1307.0,False,943000.0,78400.0
2021-12-17,Dubai Marina,Apartment,2,1337.0,False,2176000.0,135500.0
2021-12-17,Jumeirah Village Circle,Townhouse,4,2804.0,False,2359000.0,183100.0
2021-12-17,Jumeirah Lake Towers,Apartment,2,1221.0,False,1335000.0,104400.0
2021-12-17,International City,Apartment,1,987.0,False,396000.0,51000.0
2021-12-18,Dubai Hills Estate,Apartment,2,1237.0,False,1918000.0,126700.0
2021-12-18,Business Bay,Apartment,0,433.0,False,688000.0,47100.0
2021-12-18,International City,Apartment,0,335.0,True,109000.0,10300.0
2021-12-18,Dubai South,Apartment,0,433.0,False,360000.0,33500.0
2021-12-18,International City,Apartment,0,338.0,True,159000.0,12800.0
2021-12-19,Dubai Marina,Apartment,2,1179.0,False,1920000.0,135300.0
2021-12-19,Dubai Marina,Apartment,0,577.0,False,870000.0,63000.0
2021-12-19,International City,Apartment,1,1103.0,False,479000.0,46700.0
2021-12-19,Palm Jumeirah,Apartment,3,1448.0,True,2949000.0,147300.0
2021-12-19,Jumeirah Village Circle,Apartment,1,711.0,False,596000.0,49700.0
2021-12-19,Business Bay,Apartment,1,898.0,False,1518000.0,113800.0
2021-12-20,Business Bay,Apartment,0,507.0,False,849000.0,45000.0
2021-12-20,Arabian Ranches,Townhouse,6,3714.0,False,4025000.0,207900.0
2021-12-20,Arabian Ranches,Apartment,1,1021.0,False,1108000.0,66100.0
2021-12-21,Dubai Hills Estate,Apartment,3,1022.0,False,1702000.0,107800.0
2021-12-21,Dubai Hills Estate,Apartment,0,425.0,False,694000.0,45100.0
2021-12-21,Palm Jumeirah,Townhouse,4,2920.0,True,7676000.0,391400.0
2021-12-21,Dubai Marina,Apartment,2,1255.0,False,1946000.0,126200.0
2021-12-21,International City,Apartment,0,490.0,True,213000.0,19000.0
2021-12-21,Dubai Marina,Apartment,0,392.0,False,593000.0,35700.0
2021-12-23,Dubai Hills Estate,Apartment,2,1202.0,False,1959000.0,142500.0
2021-12-23,Dubai South,Villa,5,4405.0,False,3354000.0,245600.0
2021-12-23,Palm Jumeirah,Apartment,3,1749.0,False,5291000.0,235000.0
2021-12-23,Jumeirah Village Circle,Apartment,0,382.0,False,278000.0,22500.0
2021-12-23,Downtown Dubai,Apartment,1,881.0,False,1878000.0,97600.0
2021-12-23,International City,Apartment,2,1288.0,True,482000.0,42600.0
2021-12-23,Arabian Ranches,Apartment,0,521.0,False,602000.0,37400.0
2021-12-24,Business Bay,Apartment,3,1415.0,False,2365000.0,162500.0
2021-12-24,Business Bay,Apartment,3,1694.0,False,2441000.0,167500.0
2021-12-24,Downtown Dubai,Apartment,3,1749.0,False,3962000.0,200700.0
2021-12-24,Dubai Hills Estate,Villa,3,2730.0,False,3943000.0,229800.0
2021-12-26,Palm Jumeirah,Apartment,0,504.0,False,1624000.0,74400.0
2021-12-26,Jumeirah Village Circle,Apartment,1,833.0,False,795000.0,59200.0
2021-12-26,International City,Apartment,3,1695.0,True,710000.0,58900.0
2021-12-26,Jumeirah Lake Towers,Apartment,1,967.0,False,1003000.0,70500.0
2021-12-27,International City,Apartment,0,332.0,True,127000.0,13400.0
2021-12-27,Palm Jumeirah,Apartment,3,1822.0,False,4523000.0,200700.0
2021-12-27,Downtown Dubai,Apartment,1,695.0,False,1529000.0,92200.0
2021-12-28,Dubai South,Apartment,2,1450.0,False,1227000.0,76800.0
2021-12-28,Downtown Dubai,Apartment,2,1321.0,False,2657000.0,161700.0
2021-12-28,Downtown Dubai,Apartment,0,368.0,False,759000.0,43100.0
2021-12-28,Jumeirah Lake Towers,Apartment,1,850.0,False,910000.0,60600.0
2021-12-28,International City,Apartment,2,1435.0,False,648000.0,53800.0
2022-01-01,Downtown Dubai,Apartment,2,1239.0,False,2765000.0,146000.0
2022-01-01,International City,Apartment,1,755.0,False,365000.0,28600.0
2022-01-01,Jumeirah Lake Towers,Apartment,2,1167.0,False,1356000.0,98800.0
2022-01-01,Palm Jumeirah,Apartment,2,1267.0,False,3446000.0,167600.0
2022-01-02,Palm Jumeirah,Apartment,3,1684.0,False,4614000.0,234300.0
2022-01-02,Arabian Ranches,Apartment,2,1218.0,True,1197000.0,65700.0
2022-01-02,Downtown Dubai,Apartment,1,827.0,False,1976000.0,130100.0
2022-01-02,Jumeirah Village Circle,Apartment,1,906.0,False,828000.0,67500.0
2022-01-02,Jumeirah Village Circle,Apartment,3,2164.0,False,1771000.0,147900.0
2022-01-03,Arabian Ranches,Apartment,0,442.0,True,575000.0,34500.0
2022-01-03,International City,Apartment,2,1439.0,True,585000.0,53200.0
2022-01-03,International City,Apartment,1,882.0,True,402000.0,32300.0
2022-01-03,Palm Jumeirah,Apartment,1,691.0,True,2100000.0,112500.0
2022-01-04,Arabian Ranches,Apartment,3,1512.0,False,1917000.0,109300.0
2022-01-04,Downtown Dubai,Apartment,1,801.0,False,1693000.0,92500.0
2022-01-05,Dubai South,Villa,4,3492.0,True,3109000.0,193700.0
2022-01-05,International City,Apartment,2,1192.0,False,560000.0,42500.0
2022-01-05,Jumeirah Village Circle,Apartment,0,336.0,False,261000.0,20500.0
2022-01-05,Dubai Marina,Apartment,0,469.0,True,785000.0,45300.0
2022-01-05,Business Bay,Apartment,0,442.0,True,747000.0,60100.0
2022-01-05,Palm Jumeirah,Apartment,0,528.0,True,1494000.0,63800.0
2022-01-06,Jumeirah Lake Towers,Apartment,0,371.0,False,461000.0,42100.0
2022-01-06,Jumeirah Village Circle,Apartment,3,1800.0,False,1685000.0,128800.0
2022-01-06,Dubai Marina,Apartment,2,1094.0,False,1681000.0,110700.0
2022-01-07,Dubai Marina,Apartment,1,711.0,False,1139000.0,74200.0
2022-01-07,Jumeirah Village Circle,Apartment,0,436.0,False,435000.0,33400.0
2022-01-07,International City,Apartment,3,1610.0,False,624000.0,45600.0
2022-01-08,Jumeirah Village Circle,Apartment,1,895.0,False,862000.0,75400.0
2022-01-08,Dubai Marina,Apartment,3,1575.0,True,2671000.0,145500.0
2022-01-09,Palm Jumeirah,Apartment,0,648.0,True,1777000.0,88900.0
2022-01-09,Palm Jumeirah,Apartment,2,1289.0,True,4046000.0,200000.0
2022-01-09,Jumeirah Lake Towers,Apartment,3,1835.0,True,2251000.0,162500.0
2022-01-09,Dubai Marina,Apartment,1,879.0,False,1274000.0,75000.0
2022-01-09,Downtown Dubai,Apartment,0,431.0,False,1092000.0,57000.0
2022-01-10,International City,Apartment,1,815.0,True,331000.0,40400.0
2022-01-10,Dubai Marina,Apartment,1,781.0,False,1284000.0,72400.0
2022-01-10,Arabian Ranches,Apartment,0,539.0,False,579000.0,35100.0
2022-01-10,Palm Jumeirah,Apartment,1,740.0,True,1903000.0,96000.0
2022-01-10,Downtown Dubai,Townhouse,5,4257.0,True,7242000.0,336600.0
2022-01-10,Dubai Hills Estate,Apartment,3,1697.0,True,2103000.0,107200.0
2022-01-11,Jumeirah Village Circle,Apartment,0,489.0,True,389000.0,36100.0
2022-01-11,Dubai South,Apartment,1,803.0,True,701000.0,51600.0
2022-01-11,Arabian Ranches,Apartment,2,1099.0,False,1294000.0,68200.0
2022-01-11,Business Bay,Apartment,1,905.0,False,1811000.0,104400.0
2022-01-12,Downtown Dubai,Apartment,3,1856.0,False,4034000.0,234800.0
2022-01-12,International City,Apartment,3,1443.0,False,777000.0,68800.0
2022-01-12,Dubai South,Apartment,2,1156.0,False,833000.0,56900.0
2022-01-12,Jumeirah Village Circle,Apartment,1,923.0,True,759000.0,59600.0
2022-01-13,Jumeirah Lake Towers,Apartment,1,723.0,False,886000.0,60700.0
2022-01-13,Jumeirah Village Circle,Apartment,1,731.0,True,742000.0,48100.0
2022-01-13,Business Bay,Apartment,1,801.0,False,1252000.0,85200.0
2022-01-13,Jumeirah Lake Towers,Apartment,0,350.0,True,428000.0,33100.0
2022-01-14,Palm Jumeirah,Apartment,1,883.0,False,3077000.0,165700.0
2022-01-14,Downtown Dubai,Apartment,0,479.0,False,986000.0,65500.0
2022-01-14,Business Bay,Apartment,3,1528.0,False,2783000.0,157500.0
2022-01-14,Dubai Marina,Apartment,0,419.0,False,668000.0,47000.0
2022-01-15,Dubai Marina,Apartment,0,562.0,False,766000.0,45300.0
2022-01-15,Dubai South,Apartment,3,1587.0,True,1278000.0,91300.0
2022-01-15,Jumeirah Village Circle,Apartment,3,1661.0,True,1529000.0,138200.0
2022-01-15,Dubai South,Apartment,1,762.0,False,646000.0,45600.0
2022-01-16,Palm Jumeirah,Townhouse,5,3794.0,False,9936000.0,523700.0
2022-01-16,Jumeirah Village Circle,Apartment,0,405.0,False,437000.0,34900.0
2022-01-16,International City,Apartment,2,1285.0,False,531000.0,51000.0
2022-01-17,Dubai Hills Estate,Apartment,0,464.0,False,689000.0,35200.0
2022-01-17,Downtown Dubai,Apartment,0,505.0,False,1182000.0,63100.0
2022-01-18,Arabian Ranches,Apartment,1,719.0,True,916000.0,54800.0
2022-01-18,Palm Jumeirah,Townhouse,3,2841.0,False,8404000.0,401200.0
2022-01-18,Dubai Marina,Apartment,2,1362.0,True,2208000.0,151600.0
2022-01-18,Jumeirah Village Circle,Apartment,0,363.0,False,305000.0,24700.0
2022-01-19,Arabian Ranches,Apartment,0,656.0,False,834000.0,50700.0
2022-01-19,Dubai Hills Estate,Apartment,3,2302.0,False,4774000.0,284900.0
2022-01-20,Downtown Dubai,Apartment,0,417.0,False,1253000.0,65900.0
2022-01-20,Downtown Dubai,Apartment,3,1280.0,False,3643000.0,228100.0
2022-01-20,Jumeirah Lake Towers,Apartment,0,420.0,True,478000.0,28400.0
2022-01-21,Downtown Dubai,Apartment,1,1000.0,True,2341000.0,153300.0
2022-01-21,Business Bay,Apartment,2,1135.0,False,1751000.0,103600.0
2022-01-22,Arabian Ranches,Villa,5,4274.0,False,5978000.0,330200.0
2022-01-22,Arabian Ranches,Apartment,2,1290.0,True,1666000.0,78500.0
2022-01-22,Arabian Ranches,Apartment,1,932.0,False,1295000.0,73100.0
2022-01-22,Business Bay,Apartment,0,443.0,True,796000.0,53300.0
2022-01-22,Business Bay,Apartment,2,1144.0,False,2055000.0,133100.0
2022-01-22,Palm Jumeirah,Apartment,1,907.0,False,3149000.0,163600.0
2022-01-23,Dubai Marina,Apartment,3,1637.0,True,2845000.0,166900.0
2022-01-23,Jumeirah Village Circle,Apartment,3,1700.0,True,1406000.0,88300.0
2022-01-23,Dubai Marina,Apartment,1,763.0,True,1269000.0,90700.0
2022-01-23,Business Bay,Apartment,3,1633.0,False,2956000.0,210400.0
2022-01-24,Jumeirah Lake Towers,Apartment,0,456.0,False,614000.0,42600.0
2022-01-24,Dubai Hills Estate,Apartment,1,844.0,True,1274000.0,68300.0
2022-01-24,Dubai South,Apartment,2,1196.0,True,907000.0,63500.0
2022-01-25,Business Bay,Apartment,3,1589.0,False,2411000.0,176300.0
2022-01-25,Business Bay,Apartment,0,403.0,True,748000.0,51400.0
2022-01-26,International City,Apartment,2,1157.0,True,479000.0,35900.0
2022-01-26,Dubai South,Apartment,3,1595.0,False,1128000.0,80900.0
2022-01-26,Jumeirah Lake Towers,Apartment,1,648.0,False,824000.0,62900.0
2022-01-26,Dubai Marina,Apartment,1,790.0,False,1520000.0,98500.0
2022-01-27,Downtown Dubai,Apartment,1,1028.0,False,2428000.0,134500.0
2022-01-28,Dubai South,Apartment,3,1588.0,False,1675000.0,99900.0
2022-01-28,Dubai Marina,Apartment,3,1731.0,True,2700000.0,151000.0
2022-01-28,Jumeirah Lake Towers,Apartment,2,1324.0,False,1725000.0,120600.0
2022-02-01,Dubai Marina,Apartment,0,300.0,False,611000.0,42100.0
2022-02-01,Downtown Dubai,Apartment,1,829.0,True,1702000.0,87100.0
2022-02-02,Downtown Dubai,Apartment,0,300.0,False,851000.0,54900.0
2022-02-02,Jumeirah Lake Towers,Apartment,2,1245.0,False,1627000.0,125700.0
2022-02-02,Palm Jumeirah,Apartment,1,665.0,True,1863000.0,92700.0
2022-02-02,Dubai Hills Estate,Apartment,2,1505.0,True,2270000.0,135900.0
2022-02-02,Jumeirah Lake Towers,Apartment,1,924.0,False,1077000.0,80200.0
2022-02-02,Dubai Hills Estate,Apartment,2,1144.0,True,1936000.0,103700.0
2022-02-03,Dubai South,Apartment,0,396.0,True,304000.0,21600.0
2022-02-03,Dubai Marina,Apartment,2,1453.0,True,3156000.0,214200.0
2022-02-03,Jumeirah Village Circle,Apartment,0,443.0,False,516000.0,37900.0
2022-02-03,Downtown Dubai,Apartment,1,947.0,False,2660000.0,155700.0
2022-02-04,Palm Jumeirah,Apartment,2,1226.0,False,3237000.0,178500.0
2022-02-04,Palm Jumeirah,Villa,5,3371.0,False,10919000.0,671100.0
2022-02-04,Dubai Hills Estate,Villa,3,2947.0,False,4161000.0,196600.0
2022-02-04,Arabian Ranches,Apartment,1,877.0,True,966000.0,59400.0
2022-02-05,Jumeirah Lake Towers,Apartment,0,495.0,False,466000.0,33500.0
2022-02-05,Jumeirah Village Circle,Apartment,0,358.0,False,342000.0,28400.0
2022-02-05,International City,Apartment,2,1312.0,True,631000.0,53100.0
2022-02-05,Dubai South,Apartment,0,468.0,False,383000.0,30500.0
2022-02-05,Dubai South,Apartment,3,1669.0,False,1312000.0,103900.0
2022-02-05,Downtown Dubai,Apartment,3,1741.0,False,3845000.0,178600.0
2022-02-06,Jumeirah Village Circle,Apartment,1,868.0,True,879000.0,63000.0
2022-02-06,Dubai South,Apartment,2,1337.0,False,1162000.0,77500.0
2022-02-06,Business Bay,Apartment,1,809.0,True,1248000.0,80300.0
2022-02-06,Dubai Marina,Apartment,3,1967.0,True,4132000.0,246600.0
2022-02-07,Downtown Dubai,Apartment,2,1211.0,False,3061000.0,167600.0
2022-02-07,Jumeirah Village Circle,Apartment,1,937.0,False,768000.0,60400.0
2022-02-07,Jumeirah Lake Towers,Apartment,2,1016.0,False,1077000.0,66800.0
2022-02-07,Palm Jumeirah,Apartment,1,1010.0,True,3385000.0,180400.0
2022-02-08,Palm Jumeirah,Apartment,3,1661.0,False,4979000.0,287300.0
2022-02-08,Jumeirah Lake Towers,Apartment,1,887.0,True,796000.0,58300.0
2022-02-08,Downtown Dubai,Apartment,1,728.0,False,2053000.0,108000.0
2022-02-08,International City,Apartment,1,889.0,False,435000.0,34100.0
2022-02-09,Dubai Hills Estate,Villa,3,3239.0,False,5160000.0,397700.0
2022-02-09,Dubai Hills Estate,Apartment,1,911.0,False,1186000.0,66300.0
2022-02-09,Dubai Hills Estate,Townhouse,5,2894.0,False,5201000.0,318800.0
2022-02-09,Dubai South,Apartment,1,1023.0,False,823000.0,72100.0
2022-02-09,Dubai Hills Estate,Villa,5,3560.0,True,5188000.0,304200.0
2022-02-09,Jumeirah Lake Towers,Apartment,0,450.0,False,507000.0,36800.0
2022-02-10,Downtown Dubai,Apartment,2,1329.0,False,2629000.0,158200.0
2022-02-12,Business Bay,Apartment,2,959.0,True,1502000.0,92000.0
2022-02-12,Dubai South,Apartment,3,1981.0,True,1165000.0,80500.0
2022-02-12,International City,Apartment,2,1395.0,False,580000.0,50000.0
2022-02-12,Downtown Dubai,Apartment,3,1825.0,False,5294000.0,311400.0
2022-02-13,Dubai Hills Estate,Apartment,3,1762.0,True,2751000.0,172800.0
2022-02-14,Jumeirah Lake Towers,Apartment,0,420.0,False,468000.0,34800.0
2022-02-14,Business Bay,Apartment,1,861.0,False,1401000.0,99600.0
2022-02-14,Business Bay,Apartment,2,1442.0,True,2703000.0,212600.0
2022-02-14,Palm Jumeirah,Apartment,0,510.0,False,1295000.0,66700.0
2022-02-14,Palm Jumeirah,Apartment,1,917.0,False,2190000.0,96900.0
2022-02-14,Business Bay,Apartment,1,682.0,False,1194000.0,91300.0
2022-02-15,Arabian Ranches,Apartment,3,1921.0,True,2629000.0,165500.0
2022-02-15,International City,Apartment,2,1448.0,False,712000.0,62600.0
2022-02-15,Downtown Dubai,Apartment,2,1306.0,False,3081000.0,130400.0
2022-02-15,Jumeirah Village Circle,Apartment,2,1064.0,False,1147000.0,99600.0
2022-02-16,International City,Apartment,1,783.0,True,350000.0,25900.0
2022-02-16,Downtown Dubai,Apartment,2,1379.0,True,4165000.0,181400.0
2022-02-16,Dubai Marina,Apartment,1,783.0,False,1329000.0,86300.0
2022-02-17,Dubai Hills Estate,Apartment,2,1428.0,False,2263000.0,117900.0
2022-02-17,Business Bay,Apartment,0,387.0,False,711000.0,43200.0
2022-02-17,Downtown Dubai,Apartment,0,395.0,True,744000.0,34800.0
2022-02-17,International City,Apartment,1,845.0,False,456000.0,41500.0
2022-02-18,Arabian Ranches,Apartment,0,545.0,False,557000.0,34600.0
2022-02-18,Business Bay,Apartment,0,644.0,False,1292000.0,91500.0
2022-02-18,Jumeirah Village Circle,Apartment,1,881.0,True,729000.0,49100.0
2022-02-18,Arabian Ranches,Apartment,0,378.0,False,471000.0,30200.0
2022-02-18,International City,Apartment,3,1244.0,False,537000.0,50000.0
2022-02-18,Dubai South,Apartment,2,1129.0,False,800000.0,64100.0
2022-02-19,Dubai Hills Estate,Villa,5,3371.0,False,4984000.0,283700.0
2022-02-19,Dubai Hills Estate,Apartment,2,1329.0,True,1849000.0,100700.0
2022-02-19,Jumeirah Village Circle,Apartment,1,925.0,True,963000.0,66500.0
2022-02-19,International City,Apartment,3,1262.0,False,715000.0,74200.0
2022-02-19,Dubai Marina,Apartment,1,833.0,True,1595000.0,80600.0
2022-02-20,Dubai Marina,Apartment,2,1214.0,True,1881000.0,151200.0
2022-02-20,Palm Jumeirah,Apartment,1,752.0,False,2169000.0,101400.0
2022-02-20,Jumeirah Village Circle,Apartment,0,526.0,False,586000.0,51300.0
2022-02-20,International City,Apartment,1,928.0,True,381000.0,30600.0
2022-02-20,Jumeirah Lake Towers,Apartment,1,851.0,False,1197000.0,75600.0
2022-02-20,Dubai Marina,Apartment,3,1885.0,False,2979000.0,196100.0
2022-02-20,Palm Jumeirah,Apartment,1,861.0,False,2233000.0,102700.0
2022-02-21,Arabian Ranches,Townhouse,3,2561.0,False,2876000.0,134400.0
2022-02-21,Dubai South,Apartment,2,1397.0,False,1129000.0,90600.0
2022-02-21,Jumeirah Village Circle,Apartment,1,766.0,True,605000.0,39400.0
2022-02-21,Dubai South,Townhouse,5,3376.0,True,2754000.0,209600.0
2022-02-21,International City,Apartment,2,1268.0,True,575000.0,55800.0
2022-02-22,Dubai Hills Estate,Apartment,3,2305.0,True,3678000.0,203500.0
2022-02-22,Downtown Dubai,Apartment,2,1083.0,True,2160000.0,121000.0
2022-02-23,Jumeirah Village Circle,Apartment,0,331.0,True,310000.0,24200.0
2022-02-23,Business Bay,Apartment,0,386.0,False,736000.0,45500.0
2022-02-23,Jumeirah Lake Towers,Apartment,1,755.0,True,890000.0,62900.0
2022-02-23,Dubai Marina,Apartment,1,835.0,False,1395000.0,95500.0
2022-02-25,Palm Jumeirah,Apartment,3,1429.0,False,4862000.0,263300.0
2022-02-26,Dubai Marina,Apartment,0,321.0,False,531000.0,33400.0
2022-02-27,Dubai South,Apartment,2,1175.0,True,910000.0,61100.0
2022-02-27,Jumeirah Lake Towers,Apartment,3,1587.0,False,2193000.0,136300.0
2022-02-27,Jumeirah Lake Towers,Apartment,3,1578.0,True,1984000.0,137400.0
2022-02-27,Arabian Ranches,Apartment,1,1030.0,True,1293000.0,86500.0
2022-02-27,Dubai South,Apartment,0,521.0,True,333000.0,20700.0
2022-02-28,Jumeirah Village Circle,Apartment,1,854.0,False,785000.0,59500.0
2022-02-28,Business Bay,Apartment,3,1562.0,False,2543000.0,180000.0
2022-02-28,Downtown Dubai,Apartment,2,1363.0,False,4132000.0,213500.0
2022-02-28,Downtown Dubai,Apartment,1,790.0,True,1537000.0,80300.0
2022-02-28,Dubai Marina,Apartment,2,938.0,False,1641000.0,97100.0
2022-02-28,Dubai Hills Estate,Apartment,1,848.0,False,1517000.0,88300.0
2022-03-01,Palm Jumeirah,Apartment,1,761.0,True,2328000.0,100700.0
2022-03-01,Jumeirah Lake Towers,Apartment,3,1770.0,False,1929000.0,142200.0
2022-03-02,Business Bay,Apartment,0,358.0,False,650000.0,40600.0
2022-03-02,Jumeirah Village Circle,Townhouse,4,3172.0,False,3096000.0,295900.0
2022-03-02,Dubai South,Apartment,0,369.0,False,239000.0,17600.0
2022-03-02,Dubai Hills Estate,Apartment,1,901.0,False,1724000.0,98800.0
2022-03-02,Jumeirah Lake Towers,Apartment,1,966.0,False,1294000.0,93300.0
2022-03-03,Jumeirah Village Circle,Apartment,1,771.0,True,785000.0,52100.0
2022-03-03,Downtown Dubai,Apartment,0,380.0,False,897000.0,44700.0
2022-03-03,Dubai Hills Estate,Apartment,2,1302.0,True,1754000.0,109900.0
2022-03-04,Business Bay,Apartment,2,1162.0,True,1886000.0,114700.0
2022-03-04,Jumeirah Lake Towers,Apartment,2,1096.0,False,1423000.0,92700.0
2022-03-04,Arabian Ranches,Apartment,3,1661.0,False,1591000.0,100200.0
2022-03-04,Downtown Dubai,Apartment,3,1586.0,True,3846000.0,222700.0
2022-03-05,Jumeirah Village Circle,Apartment,1,1019.0,False,886000.0,65400.0
2022-03-05,International City,Townhouse,6,4175.0,False,2182000.0,194600.0
2022-03-05,Dubai Hills Estate,Villa,3,3310.0,False,6286000.0,373700.0
2022-03-05,Jumeirah Lake Towers,Apartment,1,879.0,False,1118000.0,82500.0
2022-03-05,Dubai Marina,Apartment,2,1592.0,False,2625000.0,162500.0
2022-03-06,Palm Jumeirah,Apartment,1,1024.0,True,2749000.0,135200.0
2022-03-06,Jumeirah Village Circle,Apartment,1,833.0,True,807000.0,60200.0
2022-03-07,Dubai Hills Estate,Apartment,3,2024.0,False,2882000.0,180000.0
2022-03-07,Business Bay,Apartment,3,1689.0,True,2416000.0,190100.0
2022-03-07,Dubai South,Apartment,1,976.0,True,647000.0,56400.0
2022-03-07,Dubai South,Villa,4,3435.0,True,2443000.0,169400.0
2022-03-07,Downtown Dubai,Apartment,1,841.0,False,2136000.0,111700.0
2022-03-07,Downtown Dubai,Townhouse,5,3354.0,True,7587000.0,475100.0
2022-03-07,Downtown Dubai,Apartment,2,1337.0,False,3359000.0,203300.0
2022-03-08,Dubai South,Apartment,3,1598.0,True,1299000.0,109900.0
2022-03-08,Jumeirah Village Circle,Apartment,2,1015.0,True,681000.0,56100.0
2022-03-08,Dubai Marina,Apartment,0,430.0,False,749000.0,38400.0
2022-03-08,Dubai Marina,Apartment,1,838.0,False,2045000.0,135500.0
2022-03-09,Downtown Dubai,Apartment,1,770.0,False,1485000.0,72400.0
2022-03-09,Dubai Hills Estate,Villa,5,4007.0,True,5787000.0,298300.0
2022-03-09,Jumeirah Village Circle,Apartment,3,1584.0,False,1356000.0,98400.0
2022-03-09,Dubai Marina,Apartment,0,583.0,True,1123000.0,67500.0
2022-03-10,Business Bay,Apartment,2,1193.0,False,1969000.0,148200.0
2022-03-10,Business Bay,Apartment,3,2124.0,True,2975000.0,193700.0
2022-03-10,Dubai Hills Estate,Villa,6,4361.0,True,5945000.0,333000.0
2022-03-11,Dubai South,Apartment,0,441.0,False,288000.0,20300.0
2022-03-11,Downtown Dubai,Apartment,3,1909.0,True,4655000.0,234500.0
2022-03-11,Business Bay,Apartment,0,300.0,True,458000.0,30500.0
2022-03-11,International City,Apartment,2,1123.0,False,573000.0,58400.0
2022-03-12,Downtown Dubai,Apartment,0,300.0,True,653000.0,39500.0
2022-03-12,Dubai Hills Estate,Apartment,3,1883.0,True,3213000.0,169400.0
2022-03-12,Dubai Marina,Apartment,2,1349.0,False,2285000.0,138200.0
2022-03-12,Arabian Ranches,Villa,4,3645.0,False,4809000.0,259000.0
2022-03-12,Jumeirah Village Circle,Apartment,1,995.0,False,942000.0,73000.0
2022-03-13,International City,Apartment,3,1934.0,True,742000.0,87200.0
2022-03-13,Dubai Hills Estate,Apartment,3,1575.0,True,2422000.0,152600.0
2022-03-13,Palm Jumeirah,Apartment,2,1250.0,True,3493000.0,164300.0
2022-03-13,Jumeirah Village Circle,Apartment,1,1036.0,True,580000.0,39900.0
2022-03-13,Dubai Hills Estate,Villa,4,3680.0,False,6153000.0,359200.0
2022-03-13,Arabian Ranches,Apartment,2,1434.0,True,1711000.0,97600.0
2022-03-13,Dubai Marina,Apartment,3,1834.0,True,3188000.0,195100.0
2022-03-15,Downtown Dubai,Townhouse,3,2557.0,True,8275000.0,433100.0
2022-03-15,Business Bay,Apartment,3,1319.0,True,2267000.0,179200.0
2022-03-16,Downtown Dubai,Apartment,2,1288.0,False,3727000.0,208100.0
2022-03-16,Dubai Hills Estate,Apartment,2,1031.0,False,2002000.0,106100.0
2022-03-16,Dubai Hills Estate,Apartment,1,751.0,False,1487000.0,96800.0
2022-03-16,Palm Jumeirah,Townhouse,6,3560.0,True,10488000.0,573400.0
2022-03-17,Jumeirah Village Circle,Apartment,0,394.0,False,339000.0,22500.0
2022-03-17,Business Bay,Apartment,3,1660.0,True,2374000.0,144500.0
2022-03-17,Jumeirah Village Circle,Apartment,2,1055.0,False,992000.0,76300.0
2022-03-17,Business Bay,Apartment,1,809.0,False,1397000.0,89800.0
2022-03-18,Arabian Ranches,Townhouse,4,2581.0,True,2765000.0,157900.0
2022-03-18,Dubai Hills Estate,Apartment,1,787.0,True,985000.0,54300.0
2022-03-18,Dubai Hills Estate,Apartment,2,1435.0,True,2280000.0,152100.0
2022-03-18,Dubai Marina,Apartment,0,429.0,False,713000.0,43500.0
2022-03-18,Arabian Ranches,Apartment,2,1158.0,False,1409000.0,93000.0
2022-03-18,Dubai South,Apartment,1,991.0,True,620000.0,43800.0
2022-03-19,Palm Jumeirah,Apartment,1,874.0,False,3016000.0,142900.0
2022-03-19,International City,Apartment,1,1064.0,True,477000.0,46300.0
2022-03-19,Downtown Dubai,Apartment,3,1763.0,True,4393000.0,262800.0
2022-03-19,Jumeirah Village Circle,Apartment,2,1166.0,False,1015000.0,75700.0
2022-03-19,International City,Apartment,3,1566.0,False,774000.0,65400.0
2022-03-19,Downtown Dubai,Townhouse,4,2545.0,False,6764000.0,372800.0
2022-03-19,Business Bay,Apartment,0,329.0,True,523000.0,33500.0
2022-03-19,Dubai Hills Estate,Apartment,1,803.0,True,1223000.0,72100.0
2022-03-20,Jumeirah Lake Towers,Apartment,0,536.0,True,690000.0,49700.0
2022-03-20,Downtown Dubai,Apartment,0,465.0,True,1130000.0,69700.0
2022-03-21,Business Bay,Apartment,1,880.0,True,1308000.0,81600.0
2022-03-23,Business Bay,Apartment,2,1395.0,False,2405000.0,159200.0
2022-03-23,Downtown Dubai,Apartment,0,525.0,False,1273000.0,69800.0
2022-03-24,Palm Jumeirah,Apartment,1,683.0,True,2141000.0,115600.0
2022-03-24,Business Bay,Apartment,0,587.0,False,1156000.0,75300.0
2022-03-24,Jumeirah Lake Towers,Apartment,2,1232.0,True,1283000.0,83300.0
2022-03-24,Jumeirah Lake Towers,Apartment,3,1651.0,False,1766000.0,116800.0
2022-03-25,Arabian Ranches,Apartment,2,1306.0,False,1754000.0,104500.0
2022-03-25,Palm Jumeirah,Villa,6,4411.0,False,13897000.0,608800.0
2022-03-25,Jumeirah Lake Towers,Apartment,3,1873.0,False,1713000.0,122400.0
2022-03-25,Palm Jumeirah,Apartment,2,1133.0,False,3741000.0,183800.0
2022-03-26,Arabian Ranches,Apartment,2,1345.0,True,1430000.0,91600.0
2022-03-27,Downtown Dubai,Apartment,1,879.0,False,2763000.0,121800.0
2022-03-27,Jumeirah Lake Towers,Apartment,0,518.0,False,560000.0,40900.0
2022-03-28,Dubai Marina,Apartment,2,1189.0,False,1986000.0,128700.0
2022-03-28,Dubai Marina,Apartment,0,421.0,False,636000.0,38300.0
2022-03-28,Dubai Hills Estate,Villa,3,2918.0,False,4321000.0,236900.0
2022-03-28,Arabian Ranches,Apartment,2,1333.0,True,1457000.0,77700.0
2022-03-28,Dubai South,Apartment,1,850.0,False,600000.0,51700.0
2022-03-28,Arabian Ranches,Villa,3,3386.0,True,3907000.0,239900.0
2022-03-28,Dubai Hills Estate,Apartment,0,526.0,True,1097000.0,65600.0
2022-04-01,Business Bay,Apartment,1,979.0,False,1834000.0,119100.0
2022-04-01,Arabian Ranches,Apartment,1,1018.0,False,1226000.0,61400.0
2022-04-01,Dubai South,Apartment,0,572.0,True,358000.0,26800.0
2022-04-01,Business Bay,Apartment,3,1898.0,False,3558000.0,233100.0
2022-04-02,Business Bay,Apartment,1,1018.0,False,1663000.0,105400.0
2022-04-02,Arabian Ranches,Apartment,2,1256.0,True,1592000.0,77400.0
2022-04-02,Jumeirah Village Circle,Apartment,2,1365.0,False,1018000.0,73300.0
2022-04-02,Arabian Ranches,Apartment,2,1124.0,False,1324000.0,75700.0
2022-04-02,Palm Jumeirah,Villa,6,4660.0,False,11720000.0,555600.0
2022-04-03,Arabian Ranches,Apartment,3,2069.0,False,2715000.0,189200.0
2022-04-03,International City,Apartment,0,443.0,False,230000.0,23700.0
2022-04-04,Dubai South,Apartment,0,573.0,False,442000.0,33500.0
2022-04-04,Dubai Hills Estate,Apartment,0,394.0,False,693000.0,36300.0
2022-04-04,Jumeirah Lake Towers,Apartment,2,1452.0,False,1709000.0,116200.0
2022-04-04,Dubai Marina,Apartment,0,482.0,False,958000.0,59100.0
2022-04-05,Dubai South,Apartment,2,964.0,False,900000.0,67400.0
2022-04-06,Dubai South,Villa,3,3129.0,True,1868000.0,163100.0
2022-04-07,Jumeirah Lake Towers,Apartment,3,1660.0,False,1943000.0,124200.0
2022-04-08,Palm Jumeirah,Apartment,1,675.0,False,2259000.0,133700.0
2022-04-08,Dubai Hills Estate,Apartment,3,1710.0,False,2218000.0,128000.0
2022-04-08,Dubai South,Apartment,2,1045.0,False,862000.0,68400.0
2022-04-09,Downtown Dubai,Apartment,0,376.0,False,921000.0,46100.0
2022-04-09,Dubai Hills Estate,Apartment,0,402.0,True,668000.0,44500.0
2022-04-09,Dubai Hills Estate,Apartment,2,1217.0,True,1555000.0,98000.0
2022-04-09,Dubai South,Apartment,2,1270.0,False,1243000.0,88400.0
2022-04-09,Palm Jumeirah,Apartment,3,1715.0,False,5969000.0,313300.0
2022-04-09,Jumeirah Village Circle,Apartment,1,1139.0,False,1201000.0,98500.0
2022-04-10,Downtown Dubai,Apartment,3,1403.0,False,2950000.0,171400.0
2022-04-10,Jumeirah Lake Towers,Apartment,3,1850.0,False,1926000.0,132800.0
2022-04-10,Dubai Hills Estate,Apartment,2,1186.0,True,1542000.0,88800.0
2022-04-10,Dubai Hills Estate,Apartment,3,1868.0,True,2929000.0,162500.0
2022-04-10,Jumeirah Village Circle,Apartment,0,447.0,True,356000.0,28300.0
2022-04-10,Arabian Ranches,Apartment,1,922.0,False,1110000.0,74800.0
2022-04-10,Dubai Hills Estate,Apartment,2,1283.0,False,2874000.0,193200.0
2022-04-11,Business Bay,Apartment,2,1159.0,True,2079000.0,114800.0
2022-04-12,Dubai South,Townhouse,5,3321.0,False,2419000.0,188900.0
2022-04-12,Palm Jumeirah,Apartment,2,1053.0,False,2847000.0,150100.0
2022-04-12,International City,Apartment,1,973.0,True,455000.0,40800.0
2022-04-12,Downtown Dubai,Apartment,2,1183.0,False,2967000.0,160300.0
2022-04-13,Palm Jumeirah,Apartment,3,1749.0,False,5414000.0,301600.0
2022-04-13,Downtown Dubai,Apartment,1,705.0,True,1974000.0,120600.0
2022-04-13,Dubai Hills Estate,Apartment,3,1597.0,True,2780000.0,152900.0
2022-04-13,Dubai Hills Estate,Apartment,3,1599.0,False,2458000.0,136800.0
2022-04-13,Dubai Marina,Apartment,3,1906.0,True,3127000.0,184900.0
2022-04-14,International City,Apartment,1,820.0,False,502000.0,43500.0
2022-04-14,Arabian Ranches,Apartment,0,502.0,False,669000.0,42900.0
2022-04-15,Arabian Ranches,Apartment,1,878.0,False,887000.0,46700.0
2022-04-15,Dubai Hills Estate,Apartment,2,1371.0,True,2456000.0,148100.0
2022-04-15,Dubai Hills Estate,Apartment,2,999.0,False,1305000.0,83600.0
2022-04-15,Jumeirah Lake Towers,Apartment,0,430.0,True,486000.0,34600.0
2022-04-15,Jumeirah Village Circle,Apartment,1,923.0,False,748000.0,63200.0
2022-04-15,Dubai Marina,Apartment,1,692.0,False,1251000.0,70600.0
2022-04-15,Jumeirah Village Circle,Townhouse,4,3278.0,False,3811000.0,327000.0
2022-04-16,Palm Jumeirah,Apartment,3,2032.0,False,5899000.0,298500.0
2022-04-16,Jumeirah Village Circle,Apartment,0,489.0,True,442000.0,35000.0
2022-04-17,Dubai Marina,Apartment,0,340.0,True,607000.0,35800.0
2022-04-17,Dubai Marina,Apartment,1,910.0,True,1510000.0,99200.0
2022-04-17,Arabian Ranches,Villa,3,3045.0,True,2924000.0,167600.0
2022-04-17,Downtown Dubai,Apartment,0,598.0,False,1306000.0,58700.0
2022-04-18,Palm Jumeirah,Villa,4,3534.0,False,9184000.0,424600.0
2022-04-18,Jumeirah Lake Towers,Apartment,3,1816.0,False,1791000.0,143400.0
2022-04-18,International City,Apartment,1,974.0,True,408000.0,38400.0
2022-04-19,Downtown Dubai,Apartment,3,1649.0,True,3601000.0,149200.0
2022-04-19,Palm Jumeirah,Apartment,1,822.0,True,2223000.0,100300.0
2022-04-20,Business Bay,Apartment,0,583.0,False,963000.0,58900.0
2022-04-20,International City,Apartment,3,1668.0,False,779000.0,77700.0
2022-04-20,Downtown Dubai,Apartment,0,454.0,False,1020000.0,45700.0
2022-04-21,International City,Apartment,0,585.0,False,309000.0,27800.0
2022-04-21,Jumeirah Village Circle,Apartment,2,1304.0,False,1026000.0,81200.0
2022-04-21,Arabian Ranches,Villa,6,4371.0,True,4613000.0,229800.0
2022-04-22,Business Bay,Apartment,0,413.0,False,618000.0,42800.0
2022-04-22,Business Bay,Apartment,2,1123.0,True,1916000.0,131500.0
2022-04-22,Jumeirah Lake Towers,Apartment,0,396.0,False,409000.0,28200.0
2022-04-23,Arabian Ranches,Apartment,3,1949.0,False,2606000.0,141800.0
2022-04-23,Business Bay,Apartment,0,532.0,True,620000.0,39300.0
2022-04-23,Arabian Ranches,Villa,6,4371.0,False,5877000.0,361900.0
2022-04-23,Dubai Hills Estate,Apartment,1,746.0,False,1373000.0,92500.0
2022-04-23,Business Bay,Apartment,1,722.0,True,1039000.0,68100.0
2022-04-23,Downtown Dubai,Apartment,2,1250.0,False,3519000.0,207800.0
2022-04-24,International City,Apartment,3,1563.0,False,937000.0,75100.0
2022-04-24,Jumeirah Village Circle,Apartment,2,1474.0,True,1142000.0,96000.0
2022-04-24,Business Bay,Apartment,1,860.0,True,1368000.0,92300.0
2022-04-24,Arabian Ranches,Villa,6,4014.0,False,6257000.0,346900.0
2022-04-24,Dubai Marina,Apartment,0,415.0,False,839000.0,59600.0
2022-04-25,Dubai South,Apartment,1,868.0,False,727000.0,46500.0
2022-04-25,Dubai Marina,Apartment,3,1668.0,False,2571000.0,136900.0
2022-04-25,Arabian Ranches,Apartment,3,1410.0,False,1802000.0,107100.0
2022-04-26,Business Bay,Apartment,2,1100.0,False,2035000.0,116900.0
2022-04-26,Business Bay,Apartment,3,1529.0,False,3210000.0,213400.0
2022-04-26,Arabian Ranches,Apartment,3,1931.0,True,2080000.0,118200.0
2022-04-26,Dubai Hills Estate,Apartment,2,1605.0,False,2299000.0,129400.0
2022-04-26,International City,Apartment,2,1414.0,False,619000.0,62000.0
2022-04-27,Business Bay,Apartment,2,1204.0,False,2546000.0,181000.0
2022-04-27,Dubai Hills Estate,Apartment,3,1479.0,True,2355000.0,142900.0
2022-04-28,Palm Jumeirah,Apartment,2,1285.0,True,4544000.0,202900.0
2022-04-28,Jumeirah Village Circle,Apartment,3,1724.0,True,1684000.0,113200.0
2022-05-01,Palm Jumeirah,Apartment,3,1465.0,True,5117000.0,211300.0
2022-05-01,International City,Apartment,3,1867.0,False,998000.0,91600.0
2022-05-01,Jumeirah Village Circle,Apartment,1,913.0,True,847000.0,64300.0
2022-05-02,Dubai Hills Estate,Townhouse,4,2727.0,True,3740000.0,225800.0
2022-05-02,Dubai Hills Estate,Apartment,0,392.0,False,774000.0,42500.0
2022-05-03,Dubai Hills Estate,Apartment,0,514.0,False,779000.0,39100.0
2022-05-03,Downtown Dubai,Apartment,2,1148.0,True,2453000.0,127600.0
2022-05-03,International City,Apartment,1,823.0,False,402000.0,36700.0
2022-05-03,Dubai South,Apartment,1,911.0,False,810000.0,72300.0
2022-05-03,Dubai South,Villa,3,3145.0,False,2185000.0,172100.0
2022-05-03,Dubai South,Apartment,0,528.0,True,366000.0,22400.0
2022-05-03,Jumeirah Lake Towers,Apartment,2,1354.0,True,1917000.0,128200.0
2022-05-04,Dubai Hills Estate,Apartment,2,1073.0,False,1676000.0,102500.0
2022-05-04,Business Bay,Townhouse,3,2761.0,False,5296000.0,316600.0
2022-05-05,International City,Apartment,1,908.0,True,377000.0,33100.0
2022-05-05,Jumeirah Village Circle,Apartment,0,417.0,False,323000.0,23500.0
2022-05-05,Business Bay,Apartment,0,356.0,False,517000.0,34000.0
2022-05-06,Jumeirah Village Circle,Apartment,0,482.0,False,529000.0,43500.0
2022-05-06,Downtown Dubai,Apartment,3,1616.0,False,3861000.0,277600.0
2022-05-06,Downtown Dubai,Apartment,1,841.0,True,1931000.0,112700.0
2022-05-06,Business Bay,Apartment,3,1959.0,False,2895000.0,201500.0
2022-05-06,Dubai South,Apartment,3,1371.0,True,771000.0,68400.0
2022-05-07,Dubai Hills Estate,Apartment,3,1637.0,False,2563000.0,147400.0
2022-05-07,Jumeirah Lake Towers,Apartment,0,300.0,True,311000.0,23400.0
2022-05-07,Jumeirah Lake Towers,Apartment,0,513.0,True,505000.0,29300.0
2022-05-08,Jumeirah Lake Towers,Townhouse,4,3082.0,True,3309000.0,203300.0
2022-05-08,Dubai Marina,Apartment,0,568.0,False,1042000.0,64400.0
2022-05-08,Palm Jumeirah,Apartment,0,348.0,True,1026000.0,47700.0
2022-05-08,Jumeirah Lake Towers,Apartment,3,1667.0,True,1909000.0,129200.0
2022-05-09,Arabian Ranches,Apartment,0,387.0,False,451000.0,26200.0
2022-05-09,Dubai Marina,Apartment,0,386.0,True,532000.0,35000.0
2022-05-09,Arabian Ranches,Apartment,3,1490.0,False,2213000.0,114800.0
2022-05-09,Palm Jumeirah,Villa,4,3302.0,True,12405000.0,673200.0
2022-05-10,Business Bay,Apartment,0,399.0,True,653000.0,40200.0
2022-05-10,Dubai Marina,Apartment,0,598.0,False,1008000.0,58000.0
2022-05-11,International City,Apartment,0,352.0,False,195000.0,16300.0
2022-05-12,Dubai Hills Estate,Apartment,1,884.0,False,1420000.0,79500.0
2022-05-12,Palm Jumeirah,Apartment,2,1416.0,False,4632000.0,217200.0
2022-05-13,Jumeirah Village Circle,Apartment,3,1938.0,False,1492000.0,150900.0
2022-05-13,Palm Jumeirah,Apartment,2,1185.0,True,3321000.0,153500.0
2022-05-14,Jumeirah Village Circle,Apartment,2,1327.0,False,1645000.0,122900.0
2022-05-14,Downtown Dubai,Apartment,1,891.0,False,1592000.0,89300.0
2022-05-14,Downtown Dubai,Apartment,1,1010.0,True,2248000.0,96000.0
2022-05-14,Dubai South,Apartment,2,1093.0,True,778000.0,53700.0
2022-05-14,Dubai Hills Estate,Apartment,0,341.0,True,551000.0,29900.0
2022-05-16,Downtown Dubai,Apartment,3,1748.0,False,4404000.0,235700.0
2022-05-16,International City,Apartment,3,2070.0,True,873000.0,76800.0
2022-05-16,Palm Jumeirah,Townhouse,3,2560.0,False,8382000.0,450900.0
2022-05-16,Palm Jumeirah,Townhouse,4,3178.0,False,8802000.0,448000.0
2022-05-16,International City,Apartment,1,831.0,False,433000.0,43800.0
2022-05-16,Dubai South,Apartment,2,1338.0,True,1013000.0,77000.0
2022-05-17,Jumeirah Lake Towers,Apartment,3,1774.0,False,2380000.0,204200.0
2022-05-17,Business Bay,Apartment,1,863.0,True,1392000.0,89200.0
2022-05-17,Dubai South,Villa,5,3846.0,False,2585000.0,191000.0
2022-05-18,International City,Apartment,1,847.0,True,310000.0,29300.0
2022-05-18,Jumeirah Village Circle,Apartment,0,610.0,True,479000.0,33600.0
2022-05-18,Downtown Dubai,Apartment,2,1208.0,True,2237000.0,124400.0
2022-05-18,Arabian Ranches,Townhouse,4,2714.0,False,3660000.0,168600.0
2022-05-19,Business Bay,Apartment,2,1295.0,True,1977000.0,143100.0
2022-05-19,International City,Apartment,1,1079.0,False,460000.0,40200.0
2022-05-19,Dubai South,Townhouse,6,3725.0,True,2306000.0,182000.0
2022-05-19,Arabian Ranches,Villa,3,3305.0,False,3688000.0,181200.0
2022-05-19,Palm Jumeirah,Townhouse,3,2542.0,True,6465000.0,378100.0
2022-05-20,International City,Apartment,2,1059.0,True,421000.0,28900.0
2022-05-20,Jumeirah Village Circle,Apartment,1,869.0,False,797000.0,68500.0
2022-05-20,Downtown Dubai,Apartment,1,911.0,True,2193000.0,118200.0
2022-05-21,Jumeirah Village Circle,Apartment,2,1119.0,True,1130000.0,96600.0
2022-05-22,Dubai South,Apartment,3,1714.0,False,1491000.0,94100.0
2022-05-22,Dubai South,Apartment,0,638.0,True,465000.0,36400.0
2022-05-23,Jumeirah Village Circle,Apartment,1,697.0,True,510000.0,40200.0
2022-05-23,Dubai South,Villa,4,3614.0,True,2462000.0,154200.0
2022-05-23,Palm Jumeirah,Villa,5,3863.0,True,11186000.0,620600.0
2022-05-23,Jumeirah Lake Towers,Apartment,2,1354.0,True,1540000.0,110700.0
2022-05-23,Palm Jumeirah,Villa,3,3125.0,True,7380000.0,318300.0
2022-05-24,Downtown Dubai,Apartment,1,785.0,True,1857000.0,101100.0
2022-05-24,Downtown Dubai,Apartment,0,322.0,True,872000.0,44800.0
2022-05-24,Business Bay,Apartment,3,1918.0,True,3087000.0,164900.0
2022-05-24,Dubai Marina,Apartment,3,2005.0,False,3890000.0,245100.0
2022-05-25,Arabian Ranches,Apartment,1,769.0,False,1129000.0,61900.0
2022-05-25,Jumeirah Lake Towers,Apartment,0,331.0,True,418000.0,28300.0
2022-05-26,International City,Apartment,1,883.0,False,423000.0,42700.0
2022-05-26,Dubai South,Apartment,1,964.0,False,827000.0,66700.0
2022-05-26,Dubai South,Apartment,3,1607.0,False,1256000.0,106800.0
2022-05-26,Dubai Marina,Apartment,2,1573.0,True,2793000.0,185800.0
2022-05-26,Jumeirah Lake Towers,Townhouse,6,3838.0,False,4767000.0,368200.0
2022-05-26,Dubai Marina,Apartment,3,1467.0,False,2458000.0,149400.0
2022-05-26,Dubai Hills Estate,Apartment,3,1720.0,False,2888000.0,170300.0
2022-05-27,International City,Apartment,1,890.0,False,499000.0,45400.0
2022-05-27,Jumeirah Lake Towers,Apartment,2,1330.0,False,1539000.0,122100.0
2022-05-27,Arabian Ranches,Apartment,3,1337.0,True,1335000.0,73100.0
2022-05-27,Dubai Hills Estate,Apartment,3,2009.0,False,3187000.0,202100.0
2022-05-27,Downtown Dubai,Apartment,3,1268.0,False,3065000.0,173300.0
2022-05-28,Downtown Dubai,Apartment,1,800.0,False,2096000.0,122900.0
2022-05-28,Dubai Hills Estate,Villa,3,2835.0,False,4337000.0,219800.0
2022-05-28,Downtown Dubai,Apartment,0,536.0,True,1244000.0,72000.0
2022-05-28,Dubai Marina,Apartment,1,689.0,True,1012000.0,64800.0
2022-06-01,Dubai Marina,Apartment,3,1642.0,False,3413000.0,194400.0
2022-06-01,Business Bay,Apartment,1,651.0,False,1201000.0,86300.0
2022-06-01,Jumeirah Lake Towers,Apartment,1,1139.0,False,1453000.0,80800.0
2022-06-01,Arabian Ranches,Villa,6,4871.0,True,6376000.0,360500.0
2022-06-02,Palm Jumeirah,Villa,4,3314.0,True,9384000.0,446300.0
2022-06-02,Palm Jumeirah,Apartment,3,1930.0,False,7341000.0,331500.0
2022-06-02,Dubai South,Villa,5,4349.0,True,2686000.0,200800.0
2022-06-02,Dubai South,Apartment,0,325.0,True,195000.0,15100.0
2022-06-03,International City,Apartment,0,481.0,True,187000.0,16100.0
2022-06-03,Dubai Hills Estate,Villa,3,3085.0,True,4731000.0,290900.0
2022-06-03,Palm Jumeirah,Apartment,1,895.0,False,2413000.0,127000.0
2022-06-04,International City,Apartment,1,752.0,False,325000.0,25200.0
2022-06-04,International City,Apartment,3,1671.0,False,856000.0,71500.0
2022-06-04,Dubai Hills Estate,Villa,4,3554.0,False,5279000.0,374000.0
2022-06-04,Jumeirah Village Circle,Apartment,2,1110.0,False,1016000.0,74300.0
2022-06-04,Jumeirah Village Circle,Apartment,0,492.0,True,411000.0,29000.0
2022-06-05,Business Bay,Apartment,1,902.0,False,1796000.0,124000.0
2022-06-05,Jumeirah Village Circle,Apartment,0,453.0,False,517000.0,49400.0
2022-06-06,International City,Apartment,2,1249.0,True,571000.0,48200.0
2022-06-06,Dubai South,Villa,6,4624.0,False,4037000.0,314400.0
2022-06-06,Dubai South,Apartment,2,1327.0,False,1160000.0,91500.0
2022-06-06,Dubai Hills Estate,Apartment,2,1179.0,False,2016000.0,131500.0
2022-06-06,International City,Apartment,1,756.0,True,336000.0,31100.0
2022-06-07,Jumeirah Village Circle,Apartment,1,909.0,False,852000.0,61900.0
2022-06-07,Downtown Dubai,Apartment,3,1568.0,True,3450000.0,245400.0
2022-06-08,Arabian Ranches,Apartment,2,1018.0,False,1229000.0,70700.0
2022-06-08,Arabian Ranches,Apartment,2,1628.0,True,1730000.0,107900.0
2022-06-08,Downtown Dubai,Apartment,1,767.0,True,1644000.0,100300.0
2022-06-08,Business Bay,Apartment,1,878.0,True,1353000.0,99900.0
2022-06-09,Jumeirah Lake Towers,Apartment,0,432.0,False,478000.0,29300.0
2022-06-09,Dubai Hills Estate,Apartment,1,968.0,False,1298000.0,88700.0
2022-06-10,Dubai Hills Estate,Villa,6,4379.0,True,7377000.0,461600.0
2022-06-10,Palm Jumeirah,Apartment,0,445.0,False,1202000.0,66500.0
2022-06-10,Palm Jumeirah,Apartment,2,1027.0,False,3464000.0,161300.0
2022-06-10,Palm Jumeirah,Apartment,3,1570.0,True,5057000.0,241300.0
2022-06-10,Dubai Hills Estate,Villa,3,3338.0,False,5225000.0,269600.0
2022-06-12,Jumeirah Lake Towers,Apartment,1,851.0,True,1038000.0,83500.0
2022-06-12,Palm Jumeirah,Apartment,2,1023.0,False,2755000.0,146000.0
2022-06-12,Jumeirah Village Circle,Apartment,3,1856.0,True,1249000.0,116500.0
2022-06-12,International City,Apartment,2,1421.0,False,581000.0,55200.0
2022-06-13,Downtown Dubai,Apartment,1,826.0,False,1963000.0,102000.0
2022-06-13,Downtown Dubai,Apartment,1,742.0,True,1603000.0,81200.0
2022-06-13,Dubai Hills Estate,Apartment,2,1410.0,True,2025000.0,112700.0
2022-06-14,International City,Apartment,0,406.0,False,224000.0,17900.0
2022-06-14,Dubai Marina,Apartment,2,1248.0,True,1678000.0,96600.0
2022-06-14,Business Bay,Apartment,2,1427.0,True,2231000.0,140700.0
2022-06-14,Dubai Marina,Apartment,0,345.0,False,576000.0,37500.0
2022-06-14,Downtown Dubai,Apartment,2,1344.0,True,2865000.0,125900.0
2022-06-14,Downtown Dubai,Apartment,0,523.0,False,1556000.0,72400.0
2022-06-14,Arabian Ranches,Villa,3,2858.0,False,4418000.0,230100.0
2022-06-14,Arabian Ranches,Villa,3,2897.0,False,3991000.0,241800.0
2022-06-14,International City,Apartment,3,1461.0,False,796000.0,72100.0
2022-06-14,Dubai Marina,Apartment,0,512.0,False,1185000.0,65700.0
2022-06-15,Dubai Marina,Apartment,3,1780.0,False,2804000.0,201700.0
2022-06-16,Dubai Marina,Apartment,0,395.0,True,729000.0,45500.0
2022-06-16,Jumeirah Village Circle,Apartment,2,1148.0,False,1093000.0,88400.0
2022-06-16,Dubai Marina,Apartment,0,320.0,False,697000.0,47400.0
2022-06-17,Dubai Hills Estate,Villa,3,3078.0,False,5236000.0,266500.0
2022-06-17,Arabian Ranches,Villa,5,3724.0,True,4295000.0,249900.0
2022-06-17,Palm Jumeirah,Apartment,2,1158.0,False,4179000.0,191800.0
2022-06-18,Jumeirah Village Circle,Apartment,1,843.0,True,662000.0,50600.0
2022-06-18,Dubai Hills Estate,Apartment,0,370.0,False,600000.0,33000.0
2022-06-18,Jumeirah Village Circle,Apartment,3,1597.0,True,1574000.0,99400.0
2022-06-18,Jumeirah Village Circle,Apartment,3,1521.0,False,1127000.0,97500.0
2022-06-18,Jumeirah Lake Towers,Apartment,2,1280.0,False,1637000.0,96700.0
2022-06-18,Business Bay,Apartment,0,473.0,False,866000.0,58900.0
2022-06-18,Dubai Marina,Apartment,3,1663.0,False,3111000.0,170600.0
2022-06-18,Downtown Dubai,Apartment,3,1596.0,False,3764000.0,218300.0
2022-06-19,Business Bay,Apartment,0,396.0,False,605000.0,39900.0
2022-06-19,Dubai South,Villa,4,3506.0,True,2919000.0,226700.0
2022-06-19,Dubai South,Apartment,3,1761.0,True,1116000.0,74500.0
2022-06-19,Business Bay,Apartment,0,378.0,True,769000.0,49900.0
2022-06-20,Arabian Ranches,Apartment,3,1705.0,True,2473000.0,130800.0
2022-06-20,Arabian Ranches,Villa,5,4331.0,True,5417000.0,287100.0
2022-06-20,Dubai South,Apartment,1,912.0,False,671000.0,48900.0
2022-06-20,Arabian Ranches,Villa,6,5019.0,False,5093000.0,257000.0
2022-06-20,Dubai South,Apartment,1,894.0,False,719000.0,54500.0
2022-06-20,Arabian Ranches,Apartment,1,813.0,False,956000.0,50000.0
2022-06-21,Dubai Marina,Apartment,2,1495.0,False,2935000.0,195800.0
2022-06-21,Palm Jumeirah,Apartment,1,857.0,False,2758000.0,137100.0
2022-06-21,Jumeirah Village Circle,Apartment,1,814.0,False,927000.0,79200.0
2022-06-21,Dubai Marina,Apartment,3,1798.0,True,3110000.0,195400.0
2022-06-21,Dubai South,Apartment,1,878.0,True,622000.0,41000.0
2022-06-21,Dubai Marina,Apartment,0,408.0,True,604000.0,36900.0
2022-06-21,Business Bay,Apartment,1,820.0,True,1307000.0,92300.0
2022-06-22,Jumeirah Village Circle,Apartment,3,1855.0,False,1486000.0,140100.0
2022-06-22,Jumeirah Lake Towers,Apartment,0,561.0,False,743000.0,50400.0
2022-06-23,Dubai Hills Estate,Apartment,3,1985.0,True,3100000.0,181400.0
2022-06-23,Dubai South,Apartment,3,1413.0,True,967000.0,83200.0
2022-06-24,Business Bay,Apartment,3,1440.0,True,1958000.0,132200.0
2022-06-24,International City,Apartment,1,964.0,False,459000.0,37400.0
2022-06-25,Palm Jumeirah,Apartment,0,418.0,False,1400000.0,66200.0
2022-06-25,Business Bay,Apartment,1,659.0,True,975000.0,58600.0
2022-06-25,Dubai Marina,Apartment,0,392.0,False,720000.0,45800.0
2022-06-26,Palm Jumeirah,Apartment,1,1068.0,False,3666000.0,249700.0
2022-06-26,Dubai South,Apartment,2,1138.0,False,698000.0,50600.0
2022-06-26,Dubai Marina,Apartment,2,1105.0,False,1814000.0,107900.0
2022-06-26,Jumeirah Village Circle,Apartment,1,855.0,True,567000.0,39400.0
2022-06-27,Dubai South,Apartment,3,1705.0,False,1221000.0,82000.0
2022-06-27,Downtown Dubai,Apartment,0,535.0,False,1259000.0,62200.0
2022-06-27,International City,Apartment,1,985.0,True,420000.0,39300.0
2022-06-27,Dubai Marina,Apartment,2,1442.0,False,3076000.0,203900.0
2022-06-28,Jumeirah Village Circle,Apartment,0,501.0,False,452000.0,37500.0
2022-06-28,Business Bay,Apartment,0,415.0,False,727000.0,47600.0
2022-06-28,International City,Townhouse,5,2993.0,False,1308000.0,133500.0
2022-07-01,Dubai Marina,Apartment,1,963.0,False,1833000.0,132500.0
2022-07-01,International City,Apartment,2,1477.0,False,839000.0,74300.0
2022-07-01,Palm Jumeirah,Apartment,0,399.0,True,1078000.0,51100.0
2022-07-01,Jumeirah Lake Towers,Apartment,2,1401.0,False,1500000.0,103900.0
2022-07-02,Arabian Ranches,Townhouse,5,3323.0,False,3557000.0,207100.0
2022-07-03,Dubai Marina,Apartment,1,815.0,True,1522000.0,95900.0
2022-07-03,Palm Jumeirah,Apartment,1,971.0,False,3139000.0,162100.0
2022-07-03,Jumeirah Lake Towers,Apartment,0,462.0,False,611000.0,45200.0
2022-07-04,Dubai Marina,Apartment,2,1163.0,False,2540000.0,151400.0
2022-07-04,Dubai South,Apartment,2,1311.0,True,1055000.0,72400.0
2022-07-04,Dubai South,Apartment,3,1831.0,False,1479000.0,105600.0
2022-07-05,Jumeirah Lake Towers,Apartment,2,1451.0,False,1749000.0,148100.0
2022-07-05,International City,Apartment,2,1391.0,True,671000.0,61300.0
2022-07-05,International City,Apartment,0,332.0,True,145000.0,15600.0
2022-07-05,Dubai Hills Estate,Apartment,3,1548.0,True,2433000.0,145900.0
2022-07-06,Dubai South,Apartment,2,1283.0,True,1132000.0,86400.0
2022-07-06,Jumeirah Village Circle,Apartment,0,443.0,False,349000.0,22400.0
2022-07-06,Jumeirah Lake Towers,Apartment,2,1370.0,True,1453000.0,85500.0
2022-07-06,Business Bay,Apartment,2,1402.0,True,2353000.0,166700.0
2022-07-07,Downtown Dubai,Apartment,1,678.0,False,1671000.0,86000.0
2022-07-07,Palm Jumeirah,Apartment,0,394.0,True,1195000.0,63200.0
2022-07-08,Jumeirah Lake Towers,Apartment,3,1868.0,True,1903000.0,147800.0
2022-07-08,Dubai Marina,Apartment,2,1224.0,False,2391000.0,148200.0
2022-07-09,Dubai Marina,Apartment,3,1929.0,True,3679000.0,257500.0
2022-07-09,Downtown Dubai,Apartment,0,464.0,False,1208000.0,62100.0
2022-07-10,Jumeirah Lake Towers,Apartment,3,2108.0,False,2754000.0,193000.0
2022-07-10,Jumeirah Lake Towers,Apartment,0,394.0,False,496000.0,28900.0
2022-07-10,Jumeirah Lake Towers,Apartment,0,451.0,False,602000.0,50500.0
2022-07-10,Dubai Hills Estate,Villa,5,3746.0,True,6161000.0,404600.0
2022-07-11,Dubai Marina,Apartment,2,1249.0,False,2032000.0,136400.0
2022-07-11,Dubai Hills Estate,Apartment,0,344.0,False,505000.0,28400.0
2022-07-11,Dubai Hills Estate,Villa,4,3401.0,False,4757000.0,274900.0
2022-07-12,Dubai Hills Estate,Townhouse,4,2948.0,True,4829000.0,324800.0
2022-07-12,Downtown Dubai,Apartment,0,501.0,False,1216000.0,64300.0
2022-07-12,Dubai South,Apartment,0,486.0,False,489000.0,38900.0
2022-07-13,Jumeirah Village Circle,Apartment,1,984.0,False,845000.0,67900.0
2022-07-13,International City,Apartment,2,1431.0,False,590000.0,52800.0
2022-07-13,Jumeirah Village Circle,Apartment,2,1438.0,True,1116000.0,80200.0
2022-07-13,Palm Jumeirah,Apartment,3,1961.0,True,4004000.0,199400.0
2022-07-13,Downtown Dubai,Apartment,1,832.0,True,1668000.0,112300.0
2022-07-13,Dubai South,Apartment,3,1776.0,True,1352000.0,93300.0
2022-07-14,International City,Apartment,3,1774.0,False,675000.0,69900.0
2022-07-14,Dubai Hills Estate,Townhouse,6,4212.0,False,7462000.0,365800.0
2022-07-14,Dubai South,Apartment,1,487.0,False,353000.0,26900.0
2022-07-14,Arabian Ranches,Villa,6,4424.0,True,5527000.0,298600.0
2022-07-15,Palm Jumeirah,Apartment,3,1711.0,True,4632000.0,232900.0
2022-07-15,Jumeirah Village Circle,Apartment,3,1912.0,False,1547000.0,128500.0
2022-07-16,Jumeirah Village Circle,Apartment,1,799.0,False,551000.0,39200.0
2022-07-17,Palm Jumeirah,Apartment,0,480.0,False,1561000.0,94200.0
2022-07-17,Arabian Ranches,Apartment,1,894.0,False,1232000.0,57000.0
2022-07-17,Jumeirah Village Circle,Apartment,3,2198.0,False,1423000.0,127000.0
2022-07-17,Downtown Dubai,Apartment,2,1109.0,True,2063000.0,117700.0
2022-07-18,Dubai South,Apartment,2,1190.0,False,956000.0,61000.0
2022-07-18,Dubai Marina,Apartment,1,671.0,False,1519000.0,81400.0
2022-07-19,International City,Apartment,1,827.0,True,370000.0,44500.0
2022-07-19,Palm Jumeirah,Villa,5,3585.0,False,12950000.0,712300.0
2022-07-19,Business Bay,Apartment,1,800.0,True,1267000.0,77400.0
2022-07-20,Downtown Dubai,Apartment,2,1523.0,False,4450000.0,221700.0
2022-07-20,International City,Apartment,3,1438.0,False,614000.0,49400.0
2022-07-20,Palm Jumeirah,Villa,5,4636.0,True,13268000.0,639100.0
2022-07-21,Dubai Marina,Apartment,0,454.0,False,901000.0,65800.0
2022-07-21,Jumeirah Village Circle,Apartment,0,564.0,False,535000.0,45000.0
2022-07-21,Jumeirah Lake Towers,Apartment,2,1313.0,True,1382000.0,94200.0
2022-07-22,Palm Jumeirah,Apartment,2,1367.0,True,3998000.0,211300.0
2022-07-23,Jumeirah Lake Towers,Apartment,2,1338.0,False,1646000.0,108400.0
2022-07-23,Palm Jumeirah,Apartment,3,1796.0,False,6203000.0,297500.0
2022-07-23,Dubai Hills Estate,Apartment,1,739.0,False,1116000.0,63500.0
2022-07-24,Business Bay,Townhouse,4,2637.0,True,4781000.0,342200.0
2022-07-24,Business Bay,Apartment,1,876.0,True,1501000.0,101900.0
2022-07-24,Jumeirah Lake Towers,Apartment,3,1940.0,True,2327000.0,145600.0
2022-07-24,Arabian Ranches,Apartment,1,712.0,False,874000.0,45600.0
2022-07-24,International City,Apartment,1,746.0,False,410000.0,33400.0
2022-07-25,Palm Jumeirah,Apartment,2,1638.0,False,5054000.0,214000.0
2022-07-25,Jumeirah Village Circle,Apartment,0,422.0,True,352000.0,26500.0
2022-07-25,Arabian Ranches,Villa,5,4294.0,True,4831000.0,309000.0
2022-07-25,Dubai Hills Estate,Apartment,1,803.0,False,1435000.0,92500.0
2022-07-25,Palm Jumeirah,Apartment,3,1720.0,True,4396000.0,212500.0
2022-07-25,Arabian Ranches,Townhouse,4,3153.0,True,3043000.0,175200.0
2022-07-26,Jumeirah Lake Towers,Apartment,1,967.0,False,1122000.0,89700.0
2022-07-26,Dubai South,Apartment,1,913.0,False,779000.0,60600.0
2022-07-26,Dubai Marina,Apartment,1,941.0,False,1519000.0,104700.0
2022-07-27,Palm Jumeirah,Apartment,0,311.0,False,886000.0,42700.0
2022-07-27,Jumeirah Village Circle,Apartment,1,731.0,False,742000.0,55400.0
2022-07-27,Arabian Ranches,Apartment,2,1050.0,True,985000.0,51000.0
2022-07-28,Jumeirah Lake Towers,Apartment,3,1560.0,True,1863000.0,145500.0
2022-07-28,International City,Apartment,2,1492.0,True,669000.0,61500.0
2022-07-28,Palm Jumeirah,Apartment,3,1702.0,False,6549000.0,277200.0
2022-08-01,International City,Apartment,0,355.0,False,162000.0,14100.0
2022-08-01,Arabian Ranches,Apartment,3,1722.0,False,1965000.0,118300.0
2022-08-01,Palm Jumeirah,Villa,5,3924.0,True,9797000.0,405300.0
2022-08-02,Palm Jumeirah,Apartment,3,1688.0,True,4867000.0,235200.0
2022-08-02,International City,Apartment,3,1752.0,False,1041000.0,106500.0
2022-08-02,Jumeirah Village Circle,Apartment,3,1895.0,True,1955000.0,123500.0
2022-08-02,Palm Jumeirah,Villa,5,4177.0,False,12686000.0,551100.0
2022-08-02,Jumeirah Village Circle,Apartment,2,1345.0,False,1259000.0,116200.0
2022-08-02,Business Bay,Townhouse,6,3922.0,False,7027000.0,486500.0
2022-08-04,Downtown Dubai,Apartment,2,1344.0,False,3182000.0,177600.0
2022-08-04,Business Bay,Apartment,1,753.0,False,1145000.0,69300.0
2022-08-04,Dubai Marina,Apartment,3,1890.0,True,3124000.0,224000.0
2022-08-04,Dubai South,Townhouse,6,3498.0,True,2805000.0,214400.0
2022-08-04,International City,Apartment,3,1681.0,False,705000.0,74800.0
2022-08-05,Jumeirah Village Circle,Apartment,3,1369.0,True,1182000.0,81900.0
2022-08-05,International City,Apartment,3,1604.0,True,801000.0,66700.0
2022-08-06,Jumeirah Village Circle,Apartment,2,1357.0,False,1058000.0,76900.0
2022-08-06,Arabian Ranches,Apartment,1,734.0,True,727000.0,36200.0
2022-08-06,Downtown Dubai,Apartment,2,1353.0,True,2739000.0,162400.0
2022-08-07,Dubai Hills Estate,Villa,3,3001.0,False,4033000.0,224300.0
2022-08-07,Jumeirah Village Circle,Apartment,0,402.0,True,339000.0,24800.0
2022-08-07,Dubai Marina,Apartment,2,1367.0,False,2550000.0,156800.0
2022-08-07,Dubai South,Villa,4,3593.0,True,2755000.0,203100.0
2022-08-07,Business Bay,Apartment,1,805.0,True,1225000.0,80600.0
2022-08-07,Palm Jumeirah,Apartment,1,692.0,False,2146000.0,103500.0
2022-08-08,Palm Jumeirah,Apartment,1,882.0,True,2798000.0,136400.0
2022-08-09,Downtown Dubai,Apartment,2,1281.0,True,2698000.0,125100.0
2022-08-10,Downtown Dubai,Apartment,1,912.0,True,1722000.0,90500.0
2022-08-10,Arabian Ranches,Apartment,1,942.0,True,1098000.0,63800.0
2022-08-10,Jumeirah Lake Towers,Apartment,2,1194.0,False,1168000.0,70800.0
2022-08-11,Business Bay,Apartment,2,1226.0,False,2028000.0,128000.0
2022-08-11,Business Bay,Apartment,3,1622.0,True,2573000.0,183400.0
2022-08-11,Jumeirah Village Circle,Apartment,0,510.0,False,470000.0,39100.0
2022-08-11,Palm Jumeirah,Apartment,1,826.0,True,2508000.0,119700.0
2022-08-12,Dubai South,Apartment,0,307.0,True,250000.0,18900.0
2022-08-12,Downtown Dubai,Apartment,3,1129.0,False,2936000.0,132600.0
2022-08-12,Downtown Dubai,Townhouse,5,3345.0,False,10193000.0,531600.0
2022-08-13,Dubai Hills Estate,Apartment,0,437.0,True,853000.0,50700.0
2022-08-13,Downtown Dubai,Apartment,1,804.0,False,1958000.0,99700.0
2022-08-13,Jumeirah Lake Towers,Apartment,2,1302.0,False,1545000.0,102100.0
2022-08-13,Dubai Marina,Apartment,1,684.0,False,1291000.0,80400.0
2022-08-13,Downtown Dubai,Apartment,2,1126.0,False,2591000.0,138700.0
2022-08-13,Dubai Hills Estate,Villa,3,2610.0,True,3443000.0,192900.0
2022-08-13,Jumeirah Village Circle,Apartment,2,1173.0,False,1357000.0,106800.0
2022-08-13,Business Bay,Apartment,1,942.0,False,1444000.0,112500.0
2022-08-14,Dubai South,Villa,4,3482.0,False,2843000.0,191500.0
2022-08-14,Business Bay,Apartment,0,404.0,False,665000.0,53200.0
2022-08-14,Business Bay,Apartment,2,1347.0,True,2357000.0,152600.0
2022-08-15,Dubai Marina,Townhouse,6,4027.0,False,6918000.0,467100.0
2022-08-15,Downtown Dubai,Apartment,0,585.0,False,1450000.0,84100.0
2022-08-15,Palm Jumeirah,Apartment,1,887.0,True,2784000.0,156700.0
2022-08-15,Dubai Marina,Apartment,3,1844.0,True,3312000.0,234300.0
2022-08-15,Dubai Marina,Apartment,2,1232.0,False,2326000.0,145100.0
2022-08-15,Business Bay,Apartment,3,1649.0,True,3041000.0,237500.0
2022-08-16,Arabian Ranches,Apartment,0,432.0,False,687000.0,39200.0
2022-08-16,Dubai Marina,Apartment,1,742.0,True,1314000.0,95800.0
2022-08-16,Arabian Ranches,Apartment,3,1794.0,False,2626000.0,162300.0
2022-08-16,Dubai South,Townhouse,5,3478.0,False,2705000.0,196700.0
2022-08-17,Palm Jumeirah,Apartment,2,1193.0,False,4196000.0,233200.0
2022-08-17,Arabian Ranches,Apartment,2,1263.0,True,1489000.0,85300.0
2022-08-17,Downtown Dubai,Apartment,2,1273.0,False,3602000.0,177000.0
2022-08-17,Arabian Ranches,Apartment,2,1271.0,False,1453000.0,73400.0
2022-08-18,Business Bay,Apartment,3,1506.0,False,2763000.0,180400.0
2022-08-19,Palm Jumeirah,Villa,5,4010.0,False,14191000.0,710100.0
2022-08-19,Dubai Hills Estate,Apartment,3,1627.0,True,2476000.0,132400.0
2022-08-19,Dubai Marina,Apartment,1,910.0,False,1893000.0,123100.0
2022-08-20,Jumeirah Lake Towers,Apartment,0,435.0,False,480000.0,38100.0
2022-08-20,Downtown Dubai,Apartment,1,793.0,False,1896000.0,90800.0
2022-08-20,Dubai South,Apartment,3,1709.0,True,1016000.0,72300.0
2022-08-20,Jumeirah Lake Towers,Apartment,1,799.0,True,940000.0,69900.0
2022-08-21,Dubai Marina,Apartment,3,1989.0,False,3034000.0,204000.0
2022-08-21,Arabian Ranches,Villa,6,4734.0,True,4253000.0,208400.0
2022-08-21,Arabian Ranches,Townhouse,5,3754.0,False,3797000.0,220900.0
2022-08-21,Downtown Dubai,Apartment,0,407.0,False,861000.0,39500.0
2022-08-22,Jumeirah Village Circle,Apartment,1,870.0,True,779000.0,57100.0
2022-08-22,Arabian Ranches,Apartment,1,1056.0,True,1290000.0,68400.0
2022-08-22,Business Bay,Apartment,3,1971.0,False,3483000.0,225100.0
2022-08-22,International City,Apartment,2,1120.0,True,498000.0,44500.0
2022-08-23,Business Bay,Apartment,0,567.0,True,828000.0,62500.0
2022-08-23,Palm Jumeirah,Apartment,1,990.0,False,3242000.0,163100.0
2022-08-23,International City,Apartment,0,413.0,False,181000.0,18200.0
2022-08-23,Downtown Dubai,Apartment,3,1877.0,False,4001000.0,218600.0
2022-08-23,International City,Apartment,3,1773.0,False,874000.0,90200.0
2022-08-23,Downtown Dubai,Apartment,3,1768.0,False,4696000.0,270000.0
2022-08-24,Palm Jumeirah,Apartment,2,1401.0,False,5006000.0,259300.0
2022-08-25,Business Bay,Apartment,2,1337.0,False,2092000.0,145400.0
2022-08-25,Dubai Marina,Apartment,2,1351.0,False,2251000.0,138700.0
2022-08-25,International City,Apartment,0,431.0,False,178000.0,15300.0
2022-08-25,Jumeirah Village Circle,Apartment,2,1273.0,True,968000.0,81700.0
2022-08-25,International City,Apartment,1,897.0,False,427000.0,37400.0
2022-08-26,Dubai Marina,Apartment,3,1377.0,False,2717000.0,169200.0
2022-08-26,Dubai Hills Estate,Apartment,3,1841.0,True,2496000.0,121800.0
2022-08-26,Arabian Ranches,Apartment,2,1493.0,True,1713000.0,90700.0
2022-08-27,Dubai South,Apartment,1,912.0,False,728000.0,52500.0
2022-08-27,Jumeirah Lake Towers,Apartment,1,883.0,True,1004000.0,72400.0
2022-08-27,Dubai Marina,Apartment,1,785.0,False,1325000.0,95100.0
2022-08-28,Dubai South,Apartment,0,387.0,False,342000.0,24100.0
2022-08-28,Jumeirah Village Circle,Apartment,1,881.0,True,854000.0,63800.0
2022-08-28,International City,Apartment,1,1035.0,True,484000.0,51100.0
2022-08-28,Dubai Marina,Apartment,1,948.0,False,1692000.0,110800.0
2022-08-28,Jumeirah Lake Towers,Apartment,2,1477.0,True,1798000.0,122300.0
2022-09-01,Jumeirah Village Circle,Apartment,2,1139.0,False,901000.0,77100.0
2022-09-01,Dubai Marina,Apartment,0,609.0,False,1000000.0,61100.0
2022-09-01,Business Bay,Apartment,3,1518.0,True,2364000.0,168000.0
2022-09-01,Dubai South,Apartment,2,1327.0,False,1049000.0,83000.0
2022-09-01,Downtown Dubai,Apartment,3,1656.0,True,3766000.0,220900.0
2022-09-02,Dubai Hills Estate,Townhouse,6,3724.0,True,5622000.0,306100.0
2022-09-02,Business Bay,Apartment,2,1302.0,False,2292000.0,147400.0
2022-09-03,Jumeirah Lake Towers,Apartment,3,1503.0,False,2079000.0,125700.0
2022-09-03,Arabian Ranches,Apartment,2,1396.0,False,2231000.0,112800.0
2022-09-04,Jumeirah Village Circle,Apartment,2,1307.0,False,1030000.0,83800.0
2022-09-04,Palm Jumeirah,Apartment,0,437.0,False,1529000.0,82600.0
2022-09-04,Jumeirah Village Circle,Apartment,3,1952.0,True,1368000.0,129700.0
2022-09-04,Dubai Hills Estate,Apartment,3,1483.0,False,3123000.0,189100.0
2022-09-04,Jumeirah Village Circle,Apartment,2,1334.0,False,1207000.0,103100.0
2022-09-05,Jumeirah Village Circle,Apartment,3,1532.0,False,1763000.0,146600.0
2022-09-05,Dubai Hills Estate,Apartment,3,1949.0,False,2683000.0,143100.0
2022-09-06,Jumeirah Lake Towers,Apartment,1,779.0,True,779000.0,68200.0
2022-09-06,Dubai South,Apartment,3,1659.0,False,1146000.0,85800.0
2022-09-06,Dubai South,Townhouse,5,2910.0,True,2255000.0,172600.0
2022-09-06,Dubai Hills Estate,Apartment,2,1473.0,True,2070000.0,114800.0
2022-09-06,Jumeirah Lake Towers,Apartment,3,1930.0,False,1982000.0,143800.0
2022-09-06,Dubai Hills Estate,Villa,6,4216.0,False,7046000.0,402300.0
2022-09-06,Palm Jumeirah,Apartment,1,941.0,True,3170000.0,175100.0
2022-09-06,Jumeirah Lake Towers,Apartment,2,1471.0,False,2362000.0,158400.0
2022-09-07,Downtown Dubai,Apartment,2,1155.0,False,3284000.0,236600.0
2022-09-07,Business Bay,Apartment,2,1503.0,True,2058000.0,140900.0
2022-09-07,Downtown Dubai,Apartment,0,412.0,True,926000.0,52200.0
2022-09-07,Dubai South,Apartment,0,447.0,False,333000.0,27800.0
2022-09-08,Jumeirah Lake Towers,Apartment,1,880.0,True,1032000.0,70700.0
2022-09-08,Arabian Ranches,Villa,6,4512.0,False,5726000.0,301900.0
2022-09-08,Dubai Hills Estate,Apartment,2,1364.0,False,2139000.0,121400.0
2022-09-09,Dubai Marina,Apartment,2,1291.0,True,2474000.0,135700.0
2022-09-09,Dubai Marina,Apartment,2,1257.0,True,1937000.0,140800.0
2022-09-09,Arabian Ranches,Apartment,1,933.0,True,1100000.0,50200.0
2022-09-10,Jumeirah Lake Towers,Apartment,1,761.0,False,927000.0,54800.0
2022-09-10,Arabian Ranches,Apartment,1,807.0,True,1027000.0,56900.0
2022-09-10,International City,Apartment,1,774.0,False,375000.0,30800.0
2022-09-10,Arabian Ranches,Apartment,0,494.0,False,609000.0,36600.0
2022-09-10,International City,Apartment,0,449.0,True,215000.0,17400.0
2022-09-11,Jumeirah Village Circle,Apartment,3,1703.0,False,1798000.0,147400.0
2022-09-12,Jumeirah Lake Towers,Apartment,3,1774.0,False,2147000.0,179900.0
2022-09-13,Dubai Marina,Apartment,1,900.0,False,1734000.0,97000.0
2022-09-13,Dubai Marina,Apartment,3,1906.0,False,2847000.0,200300.0
2022-09-13,Business Bay,Apartment,0,425.0,False,745000.0,45900.0
2022-09-13,Jumeirah Village Circle,Apartment,0,579.0,True,471000.0,38500.0
2022-09-14,International City,Apartment,0,396.0,False,228000.0,19000.0
2022-09-14,International City,Apartment,3,1807.0,False,952000.0,75300.0
2022-09-14,Dubai South,Townhouse,5,3888.0,True,2618000.0,170700.0
2022-09-15,Downtown Dubai,Apartment,3,1979.0,True,4941000.0,293800.0
2022-09-15,Dubai Marina,Apartment,2,1085.0,False,1767000.0,111400.0
2022-09-15,International City,Apartment,0,527.0,False,244000.0,20600.0
2022-09-15,Downtown Dubai,Apartment,3,1988.0,False,4605000.0,233200.0
2022-09-16,Dubai Marina,Apartment,1,794.0,False,1438000.0,89200.0
2022-09-16,Dubai Hills Estate,Apartment,1,852.0,True,1364000.0,73900.0
2022-09-16,Jumeirah Village Circle,Apartment,0,442.0,False,394000.0,28800.0
2022-09-16,Arabian Ranches,Apartment,0,498.0,False,661000.0,31200.0
2022-09-16,Jumeirah Lake Towers,Apartment,3,1427.0,False,1835000.0,124200.0
2022-09-16,Dubai Hills Estate,Villa,4,3522.0,False,7048000.0,358400.0
2022-09-16,Downtown Dubai,Apartment,0,548.0,True,1674000.0,84700.0
2022-09-17,Jumeirah Lake Towers,Apartment,2,1329.0,False,1408000.0,116900.0
2022-09-17,Arabian Ranches,Apartment,0,472.0,False,667000.0,38100.0
2022-09-17,Business Bay,Apartment,3,1495.0,True,2698000.0,188800.0
2022-09-17,Jumeirah Village Circle,Apartment,2,1240.0,False,985000.0,78600.0
2022-09-17,Business Bay,Apartment,2,1346.0,True,2350000.0,175400.0
2022-09-18,Jumeirah Lake Towers,Apartment,3,1761.0,True,1886000.0,120200.0
2022-09-18,Jumeirah Village Circle,Townhouse,3,2589.0,True,1896000.0,121100.0
2022-09-19,International City,Apartment,3,1466.0,False,595000.0,53400.0
2022-09-19,International City,Apartment,0,546.0,False,231000.0,21000.0
2022-09-20,Palm Jumeirah,Apartment,0,369.0,True,1150000.0,63900.0
2022-09-21,Arabian Ranches,Apartment,1,819.0,True,992000.0,49700.0
2022-09-21,Dubai South,Apartment,1,1021.0,True,707000.0,52500.0
2022-09-21,Dubai Marina,Apartment,3,1805.0,False,3228000.0,178700.0
2022-09-21,Jumeirah Village Circle,Apartment,2,1232.0,False,1053000.0,71100.0
2022-09-21,Palm Jumeirah,Apartment,0,427.0,True,1443000.0,71800.0
2022-09-21,Jumeirah Lake Towers,Apartment,1,814.0,True,798000.0,56100.0
2022-09-21,Business Bay,Apartment,0,528.0,True,1025000.0,89200.0
2022-09-22,Palm Jumeirah,Villa,3,2960.0,True,9534000.0,441800.0
2022-09-22,International City,Apartment,0,438.0,True,148000.0,11600.0
2022-09-22,Palm Jumeirah,Apartment,1,923.0,False,3433000.0,194800.0
2022-09-22,Dubai South,Apartment,1,735.0,True,528000.0,42900.0
2022-09-22,International City,Apartment,0,463.0,False,223000.0,19300.0
2022-09-22,Jumeirah Lake Towers,Apartment,0,330.0,True,283000.0,17800.0
2022-09-22,Jumeirah Lake Towers,Apartment,0,510.0,False,610000.0,43900.0
2022-09-23,Downtown Dubai,Apartment,0,458.0,True,924000.0,51300.0
2022-09-23,Palm Jumeirah,Apartment,1,966.0,False,2652000.0,126200.0
2022-09-24,Downtown Dubai,Apartment,3,1474.0,True,3036000.0,175000.0
2022-09-24,Jumeirah Lake Towers,Apartment,3,1740.0,False,1681000.0,115800.0
2022-09-24,Arabian Ranches,Apartment,3,1748.0,True,2107000.0,113000.0
2022-09-24,Dubai Hills Estate,Apartment,3,1408.0,False,2740000.0,149000.0
2022-09-24,Business Bay,Apartment,0,477.0,False,799000.0,57600.0
2022-09-24,Jumeirah Lake Towers,Apartment,3,1833.0,True,2590000.0,167400.0
2022-09-25,International City,Townhouse,5,3501.0,True,1607000.0,162300.0
2022-09-25,Business Bay,Apartment,2,1322.0,True,2260000.0,140100.0
2022-09-25,Jumeirah Lake Towers,Apartment,1,760.0,False,913000.0,81100.0
2022-09-25,Dubai Marina,Apartment,1,793.0,True,1214000.0,75400.0
2022-09-26,Arabian Ranches,Villa,3,3009.0,False,4349000.0,277900.0
2022-09-26,Dubai Marina,Apartment,0,431.0,True,552000.0,39100.0
2022-09-26,Palm Jumeirah,Apartment,1,1068.0,False,2804000.0,147500.0
2022-09-26,Jumeirah Lake Towers,Apartment,0,601.0,False,702000.0,53500.0
2022-09-26,Arabian Ranches,Villa,5,3761.0,True,3797000.0,194500.0
2022-09-27,Downtown Dubai,Apartment,1,770.0,True,1716000.0,113800.0
2022-09-27,Dubai South,Villa,3,2930.0,True,1986000.0,143000.0
2022-09-27,Dubai Hills Estate,Apartment,3,1740.0,False,3004000.0,191600.0
2022-09-27,Arabian Ranches,Townhouse,4,3240.0,True,4886000.0,278400.0
2022-09-28,Dubai South,Townhouse,6,4187.0,False,3605000.0,277000.0
2022-09-28,Arabian Ranches,Apartment,0,359.0,False,536000.0,28700.0
2022-09-28,International City,Apartment,2,1264.0,True,535000.0,44700.0
2022-09-28,International City,Apartment,2,1205.0,True,421000.0,42200.0
2022-09-28,Downtown Dubai,Apartment,3,1861.0,False,4848000.0,251500.0
2022-10-01,Dubai South,Apartment,2,1029.0,False,836000.0,51200.0
2022-10-01,Palm Jumeirah,Apartment,1,792.0,False,2350000.0,133700.0
2022-10-02,Jumeirah Lake Towers,Apartment,2,1023.0,False,1097000.0,83800.0
2022-10-02,Business Bay,Apartment,3,1802.0,True,2838000.0,159100.0
2022-10-02,Dubai Hills Estate,Apartment,0,515.0,False,811000.0,53000.0
2022-10-02,International City,Apartment,0,509.0,False,217000.0,17800.0
2022-10-03,International City,Apartment,0,556.0,False,236000.0,20100.0
2022-10-03,Dubai Hills Estate,Apartment,1,835.0,True,1268000.0,80100.0
2022-10-04,Arabian Ranches,Villa,5,3938.0,False,5044000.0,262100.0
2022-10-04,Dubai South,Apartment,3,1426.0,False,830000.0,74100.0
2022-10-06,Downtown Dubai,Apartment,2,1390.0,False,3560000.0,198000.0
2022-10-06,Arabian Ranches,Apartment,3,1617.0,False,2228000.0,117500.0
2022-10-06,Dubai Marina,Apartment,3,1840.0,True,2752000.0,151200.0
2022-10-06,Dubai South,Villa,5,3271.0,True,2210000.0,170900.0
2022-10-06,Palm Jumeirah,Villa,5,3582.0,False,10469000.0,618700.0
2022-10-07,International City,Townhouse,3,2481.0,False,1337000.0,99100.0
2022-10-07,International City,Apartment,2,1309.0,True,475000.0,46500.0
2022-10-07,Business Bay,Apartment,2,1325.0,False,2190000.0,116600.0
2022-10-07,Dubai Hills Estate,Apartment,0,449.0,False,856000.0,42900.0
2022-10-08,Arabian Ranches,Apartment,0,515.0,True,697000.0,40200.0
2022-10-08,Dubai Marina,Apartment,0,488.0,True,712000.0,38900.0
2022-10-08,Palm Jumeirah,Apartment,0,507.0,False,1333000.0,65500.0
2022-10-08,Dubai Marina,Apartment,2,1331.0,False,2179000.0,123500.0
2022-10-08,Dubai Marina,Apartment,0,427.0,True,735000.0,45300.0
2022-10-09,Dubai South,Apartment,3,1672.0,False,1071000.0,82900.0
2022-10-09,Arabian Ranches,Apartment,1,749.0,True,844000.0,50900.0
2022-10-09,Arabian Ranches,Apartment,3,1502.0,True,1800000.0,107900.0
2022-10-09,Arabian Ranches,Apartment,0,455.0,True,508000.0,30600.0
2022-10-10,Dubai South,Apartment,1,868.0,False,645000.0,53000.0
2022-10-10,Dubai Marina,Apartment,2,1328.0,False,1833000.0,111200.0
2022-10-10,Dubai Marina,Apartment,3,1617.0,False,2710000.0,161400.0
2022-10-10,International City,Apartment,3,1952.0,False,1012000.0,93000.0
2022-10-11,Jumeirah Village Circle,Apartment,2,1104.0,False,1043000.0,86500.0
2022-10-11,Arabian Ranches,Villa,3,3215.0,True,3722000.0,208900.0
2022-10-12,Dubai Hills Estate,Apartment,0,300.0,True,555000.0,42500.0
2022-10-12,Downtown Dubai,Apartment,2,1241.0,False,2806000.0,136700.0
2022-10-12,Downtown Dubai,Apartment,1,760.0,False,1842000.0,110300.0
2022-10-13,International City,Apartment,2,1456.0,True,485000.0,43600.0
2022-10-13,Jumeirah Lake Towers,Apartment,0,579.0,False,774000.0,57300.0
2022-10-13,International City,Apartment,1,768.0,False,424000.0,43200.0
2022-10-14,Business Bay,Apartment,3,1663.0,False,3195000.0,204000.0
2022-10-14,Jumeirah Lake Towers,Apartment,2,1340.0,True,1252000.0,97200.0
2022-10-15,Palm Jumeirah,Townhouse,6,3844.0,False,11938000.0,573700.0
2022-10-16,Dubai Hills Estate,Apartment,0,553.0,True,844000.0,43600.0
2022-10-16,International City,Apartment,3,1584.0,True,709000.0,64900.0
2022-10-16,Jumeirah Village Circle,Apartment,2,1366.0,True,1181000.0,95500.0
2022-10-16,Jumeirah Lake Towers,Apartment,3,1652.0,False,2725000.0,211500.0
2022-10-17,Jumeirah Lake Towers,Apartment,0,428.0,False,458000.0,36100.0
2022-10-17,Business Bay,Apartment,3,1598.0,False,2915000.0,193800.0
2022-10-18,Jumeirah Lake Towers,Apartment,0,459.0,True,585000.0,36100.0
2022-10-18,Downtown Dubai,Apartment,2,1333.0,True,3268000.0,199300.0
2022-10-19,Business Bay,Apartment,1,967.0,True,1722000.0,99100.0
2022-10-19,Business Bay,Apartment,3,1995.0,False,3731000.0,238700.0
2022-10-19,International City,Apartment,3,1749.0,False,966000.0,78000.0
2022-10-19,Dubai South,Apartment,0,367.0,False,325000.0,30400.0
2022-10-20,Dubai South,Apartment,2,1309.0,True,865000.0,72300.0
2022-10-20,Dubai Hills Estate,Apartment,3,1508.0,False,2559000.0,124400.0
2022-10-20,Palm Jumeirah,Apartment,0,382.0,True,1118000.0,58700.0
2022-10-20,Business Bay,Apartment,1,901.0,False,1751000.0,95300.0
2022-10-21,Business Bay,Townhouse,6,3679.0,False,5509000.0,362800.0
2022-10-21,Jumeirah Lake Towers,Apartment,1,876.0,False,1105000.0,85600.0
2022-10-21,Business Bay,Apartment,2,1332.0,False,2229000.0,141100.0
2022-10-21,Palm Jumeirah,Apartment,1,890.0,True,2257000.0,110300.0
2022-10-22,Dubai South,Villa,3,2866.0,False,1959000.0,177200.0
2022-10-22,Business Bay,Apartment,0,510.0,False,851000.0,60800.0
2022-10-22,Jumeirah Village Circle,Apartment,3,1782.0,False,1638000.0,119200.0
2022-10-22,Jumeirah Lake Towers,Apartment,0,471.0,False,553000.0,42600.0
2022-10-22,Downtown Dubai,Apartment,2,1363.0,True,2874000.0,168100.0
2022-10-23,Dubai Marina,Apartment,0,494.0,True,796000.0,45800.0
2022-10-23,Arabian Ranches,Apartment,0,466.0,True,565000.0,29200.0
2022-10-23,Dubai Marina,Apartment,1,844.0,True,1621000.0,100200.0
2022-10-23,Dubai South,Villa,4,3706.0,False,3033000.0,214200.0
2022-10-23,Jumeirah Village Circle,Apartment,3,1298.0,True,1126000.0,82500.0
2022-10-24,Arabian Ranches,Apartment,1,853.0,False,1238000.0,69100.0
2022-10-24,Dubai South,Apartment,3,1713.0,False,1291000.0,91300.0
2022-10-24,International City,Apartment,3,1225.0,False,584000.0,54500.0
2022-10-24,Jumeirah Village Circle,Apartment,3,1867.0,False,2112000.0,164800.0
2022-10-25,Jumeirah Lake Towers,Apartment,3,2016.0,False,2446000.0,202600.0
2022-10-26,Dubai South,Apartment,0,525.0,True,386000.0,26700.0
2022-10-26,Dubai Hills Estate,Apartment,1,809.0,True,1304000.0,64300.0
2022-10-27,Dubai South,Apartment,2,1533.0,True,1264000.0,92800.0
2022-10-27,Dubai Hills Estate,Apartment,1,845.0,True,1697000.0,109000.0
2022-10-27,International City,Apartment,2,1242.0,False,742000.0,61700.0
2022-10-27,Dubai Marina,Apartment,2,1435.0,True,2371000.0,149600.0
2022-10-27,Dubai Marina,Apartment,1,874.0,False,1687000.0,105100.0
2022-10-27,Palm Jumeirah,Apartment,3,1704.0,False,5475000.0,294400.0
2022-10-27,Palm Jumeirah,Apartment,1,935.0,False,3165000.0,161100.0
2022-10-28,Palm Jumeirah,Townhouse,4,3276.0,False,10329000.0,521100.0
2022-10-28,Jumeirah Lake Towers,Apartment,1,807.0,False,1006000.0,80300.0
2022-10-28,Palm Jumeirah,Villa,4,3259.0,False,9237000.0,438200.0
2022-10-28,Jumeirah Lake Towers,Apartment,0,460.0,False,618000.0,56500.0
2022-10-28,Palm Jumeirah,Apartment,0,431.0,False,1419000.0,63000.0
2022-10-28,Dubai Hills Estate,Apartment,2,1159.0,True,1836000.0,111700.0
2022-10-28,Dubai South,Apartment,1,786.0,True,517000.0,40000.0
2022-10-28,Arabian Ranches,Apartment,3,1777.0,False,1745000.0,100200.0
2022-10-28,International City,Apartment,1,895.0,False,514000.0,44600.0
2022-11-01,Downtown Dubai,Apartment,1,816.0,False,2252000.0,140800.0
2022-11-02,Palm Jumeirah,Villa,5,4198.0,True,11395000.0,470400.0
2022-11-02,Dubai South,Apartment,3,1667.0,False,1282000.0,100900.0
2022-11-02,Business Bay,Apartment,0,377.0,True,615000.0,40600.0
2022-11-03,Arabian Ranches,Apartment,3,1584.0,False,2228000.0,114900.0
2022-11-03,Arabian Ranches,Apartment,2,1195.0,False,1345000.0,70200.0
2022-11-03,Palm Jumeirah,Villa,3,3094.0,True,9731000.0,523200.0
2022-11-04,Jumeirah Lake Towers,Apartment,0,445.0,True,530000.0,37500.0
2022-11-04,Dubai Hills Estate,Villa,3,3159.0,True,4499000.0,268200.0
2022-11-04,Dubai Hills Estate,Apartment,1,765.0,False,1188000.0,77500.0
2022-11-04,Jumeirah Lake Towers,Apartment,0,537.0,True,634000.0,36500.0
2022-11-04,Arabian Ranches,Apartment,1,744.0,False,1020000.0,68000.0
2022-11-05,Dubai Marina,Apartment,0,410.0,False,715000.0,42300.0
2022-11-05,Jumeirah Village Circle,Apartment,2,1512.0,False,1213000.0,106500.0
2022-11-06,Arabian Ranches,Apartment,1,1057.0,False,1454000.0,75400.0
2022-11-06,Dubai South,Villa,5,3747.0,True,2894000.0,180700.0
2022-11-06,Jumeirah Village Circle,Apartment,1,909.0,False,820000.0,57900.0
2022-11-06,Arabian Ranches,Apartment,0,486.0,False,588000.0,36900.0
2022-11-06,Palm Jumeirah,Villa,4,2949.0,False,9026000.0,429300.0
2022-11-06,International City,Apartment,3,1644.0,True,603000.0,51300.0
2022-11-07,Dubai Hills Estate,Villa,5,3346.0,False,5224000.0,259200.0
2022-11-07,Jumeirah Village Circle,Apartment,1,1051.0,False,1109000.0,82500.0
2022-11-07,Business Bay,Apartment,0,528.0,False,947000.0,49400.0
2022-11-07,Business Bay,Apartment,1,798.0,False,1161000.0,71300.0
2022-11-08,Dubai Hills Estate,Villa,4,3827.0,False,5871000.0,362400.0
2022-11-08,Dubai Marina,Apartment,3,1494.0,False,3152000.0,191800.0
2022-11-09,Dubai Hills Estate,Apartment,0,449.0,False,642000.0,41600.0
2022-11-09,Jumeirah Lake Towers,Apartment,1,759.0,False,872000.0,62100.0
2022-11-09,Arabian Ranches,Apartment,1,844.0,False,909000.0,48800.0
2022-11-09,Jumeirah Lake Towers,Apartment,0,300.0,True,340000.0,24300.0
2022-11-09,Arabian Ranches,Apartment,2,1064.0,True,1130000.0,62400.0
2022-11-10,Business Bay,Apartment,3,1711.0,False,3735000.0,271000.0
2022-11-11,Palm Jumeirah,Apartment,1,686.0,True,1743000.0,91500.0
2022-11-11,Dubai Marina,Apartment,0,674.0,True,1200000.0,72400.0
2022-11-11,Jumeirah Village Circle,Apartment,3,1740.0,True,1490000.0,109200.0
2022-11-11,Dubai Hills Estate,Townhouse,6,4140.0,True,6676000.0,413700.0
2022-11-11,Arabian Ranches,Apartment,1,703.0,False,678000.0,36900.0
2022-11-11,Dubai Hills Estate,Apartment,3,2238.0,True,3809000.0,194500.0
2022-11-12,Dubai South,Apartment,3,1970.0,False,1670000.0,140100.0
2022-11-12,Dubai Hills Estate,Apartment,1,796.0,False,1315000.0,77200.0
2022-11-13,Business Bay,Apartment,1,857.0,True,1213000.0,75200.0
2022-11-13,Jumeirah Lake Towers,Apartment,2,1312.0,False,1536000.0,130400.0
2022-11-13,Arabian Ranches,Apartment,1,885.0,True,1177000.0,75500.0
2022-11-13,International City,Apartment,2,1306.0,False,659000.0,55900.0
2022-11-13,International City,Apartment,1,1007.0,False,502000.0,44700.0
2022-11-14,Palm Jumeirah,Apartment,0,510.0,True,1422000.0,65500.0
2022-11-14,International City,Apartment,2,1144.0,False,463000.0,42800.0
2022-11-14,Downtown Dubai,Apartment,3,1435.0,False,3052000.0,176700.0
2022-11-15,Arabian Ranches,Apartment,2,1229.0,False,1421000.0,80900.0
2022-11-15,International City,Apartment,0,503.0,False,255000.0,23200.0
2022-11-15,Business Bay,Apartment,1,1033.0,False,2430000.0,160400.0
2022-11-15,Jumeirah Village Circle,Apartment,2,1385.0,True,1077000.0,71600.0
2022-11-15,Palm Jumeirah,Apartment,2,1045.0,False,3925000.0,187400.0
2022-11-15,Arabian Ranches,Apartment,2,1420.0,False,2039000.0,115000.0
2022-11-16,Dubai Marina,Apartment,1,719.0,False,1172000.0,73900.0
2022-11-16,Downtown Dubai,Apartment,3,1564.0,True,2958000.0,173700.0
2022-11-16,Palm Jumeirah,Apartment,1,820.0,False,2244000.0,99600.0
2022-11-16,Business Bay,Apartment,0,330.0,True,536000.0,32200.0
2022-11-16,Dubai Hills Estate,Apartment,3,1635.0,False,3604000.0,199200.0
2022-11-17,Downtown Dubai,Apartment,3,1655.0,False,3486000.0,196300.0
2022-11-17,Jumeirah Lake Towers,Apartment,2,1396.0,True,1756000.0,129300.0
2022-11-18,Jumeirah Village Circle,Apartment,3,1661.0,True,1530000.0,104400.0
2022-11-18,International City,Apartment,1,933.0,False,435000.0,34700.0
2022-11-18,Dubai Marina,Apartment,2,1416.0,False,3488000.0,248200.0
2022-11-20,Jumeirah Lake Towers,Apartment,1,846.0,True,1019000.0,73500.0
2022-11-20,International City,Apartment,1,737.0,True,322000.0,35200.0
2022-11-20,Dubai South,Apartment,3,1824.0,False,1646000.0,133900.0
2022-11-21,Jumeirah Lake Towers,Apartment,0,337.0,False,350000.0,25100.0
2022-11-21,Palm Jumeirah,Apartment,0,535.0,False,2071000.0,101600.0
2022-11-21,Jumeirah Lake Towers,Apartment,2,1321.0,False,1582000.0,105000.0
2022-11-21,Dubai Hills Estate,Villa,5,4282.0,True,5666000.0,351500.0
2022-11-23,International City,Apartment,2,1207.0,True,586000.0,52900.0
2022-11-23,Dubai South,Apartment,2,1264.0,True,932000.0,68600.0
2022-11-23,International City,Apartment,2,1133.0,True,695000.0,58800.0
2022-11-23,International City,Apartment,0,461.0,False,236000.0,21100.0
2022-11-23,Arabian Ranches,Apartment,0,431.0,False,460000.0,24900.0
2022-11-23,Arabian Ranches,Apartment,2,1286.0,False,1631000.0,104000.0
2022-11-25,Palm Jumeirah,Apartment,3,1689.0,True,5116000.0,233400.0
2022-11-25,Downtown Dubai,Apartment,2,1739.0,False,4537000.0,268400.0
2022-11-25,Dubai Hills Estate,Apartment,2,1250.0,True,2167000.0,119700.0
2022-11-26,Jumeirah Village Circle,Apartment,0,344.0,True,314000.0,22600.0
2022-11-26,Dubai South,Apartment,1,829.0,False,536000.0,43200.0
2022-11-26,Business Bay,Apartment,1,1023.0,True,1867000.0,116100.0
2022-11-27,Dubai Marina,Apartment,2,1260.0,True,2576000.0,162200.0
2022-11-27,Palm Jumeirah,Villa,4,3581.0,False,12472000.0,658900.0
2022-11-27,Jumeirah Village Circle,Apartment,0,491.0,False,500000.0,39500.0
2022-11-27,Business Bay,Apartment,0,417.0,True,594000.0,39300.0
2022-11-28,International City,Apartment,2,1237.0,False,579000.0,49800.0
2022-11-28,Business Bay,Apartment,1,981.0,True,1523000.0,91500.0
2022-11-28,Dubai Hills Estate,Apartment,1,1052.0,True,1638000.0,107700.0
2022-11-28,Jumeirah Village Circle,Townhouse,5,3375.0,True,2584000.0,192500.0
2022-12-01,Jumeirah Lake Towers,Apartment,3,1913.0,True,2082000.0,151400.0
2022-12-01,Business Bay,Apartment,0,577.0,True,968000.0,83000.0
2022-12-01,Dubai South,Villa,5,3425.0,True,3543000.0,324600.0
2022-12-02,Downtown Dubai,Apartment,2,1319.0,False,3464000.0,184800.0
2022-12-02,Jumeirah Village Circle,Apartment,3,1492.0,False,1442000.0,111000.0
2022-12-02,Jumeirah Village Circle,Apartment,1,837.0,False,786000.0,56100.0
2022-12-02,Jumeirah Lake Towers,Apartment,0,513.0,True,544000.0,40800.0
2022-12-03,Arabian Ranches,Villa,6,4376.0,True,4782000.0,253300.0
2022-12-03,Palm Jumeirah,Apartment,0,461.0,False,1276000.0,65300.0
2022-12-03,Jumeirah Lake Towers,Apartment,3,1433.0,True,1421000.0,99700.0
2022-12-03,International City,Apartment,3,1509.0,True,564000.0,62900.0
2022-12-03,Dubai South,Apartment,3,1954.0,True,1415000.0,124900.0
2022-12-04,Downtown Dubai,Apartment,3,1609.0,True,3676000.0,198300.0
2022-12-04,Dubai South,Apartment,1,855.0,False,707000.0,59900.0
2022-12-04,Dubai Marina,Apartment,3,1854.0,False,3633000.0,224900.0
2022-12-04,Dubai South,Villa,4,3363.0,False,2679000.0,207000.0
2022-12-05,Business Bay,Apartment,0,430.0,True,923000.0,66000.0
2022-12-05,Business Bay,Apartment,1,728.0,False,1157000.0,70000.0
2022-12-05,Dubai Marina,Apartment,2,1367.0,False,3074000.0,178900.0
2022-12-05,Jumeirah Village Circle,Apartment,2,1360.0,True,937000.0,72200.0
2022-12-05,Palm Jumeirah,Apartment,1,888.0,False,2246000.0,121300.0
2022-12-05,Dubai Hills Estate,Apartment,3,1631.0,True,2403000.0,140700.0
2022-12-06,Palm Jumeirah,Villa,6,4507.0,False,13848000.0,650500.0
2022-12-06,Dubai Hills Estate,Villa,3,3138.0,True,5175000.0,241500.0
2022-12-06,Arabian Ranches,Apartment,3,1676.0,False,2071000.0,99400.0
2022-12-06,Downtown Dubai,Apartment,2,1393.0,True,3225000.0,225600.0
2022-12-06,International City,Apartment,2,1316.0,False,647000.0,57100.0
2022-12-06,Arabian Ranches,Apartment,0,349.0,False,437000.0,23000.0
2022-12-06,Dubai Marina,Apartment,2,1119.0,True,1614000.0,100500.0
2022-12-06,Jumeirah Lake Towers,Apartment,3,1357.0,True,1488000.0,91000.0
2022-12-07,Jumeirah Village Circle,Apartment,2,1193.0,False,979000.0,83700.0
2022-12-07,International City,Apartment,0,442.0,True,192000.0,18100.0
2022-12-08,Business Bay,Apartment,2,1518.0,True,2258000.0,137000.0
2022-12-08,International City,Apartment,3,1722.0,True,854000.0,75500.0
2022-12-08,Business Bay,Apartment,1,1034.0,True,1719000.0,110200.0
2022-12-08,Dubai South,Villa,6,4542.0,False,3279000.0,234400.0
2022-12-09,Arabian Ranches,Villa,5,4006.0,False,4577000.0,283300.0
2022-12-09,Palm Jumeirah,Apartment,1,849.0,False,2558000.0,135200.0
2022-12-09,Jumeirah Lake Towers,Apartment,3,1493.0,False,1538000.0,125700.0
2022-12-09,Dubai South,Apartment,1,917.0,True,520000.0,35900.0
2022-12-09,Dubai South,Apartment,3,1737.0,False,1374000.0,115500.0
2022-12-09,Dubai Hills Estate,Apartment,3,1911.0,True,4199000.0,243300.0
2022-12-10,Dubai Marina,Apartment,2,1447.0,False,2706000.0,160900.0
2022-12-10,Dubai Hills Estate,Apartment,3,2001.0,True,3030000.0,157600.0
2022-12-10,International City,Apartment,0,569.0,False,280000.0,24900.0
2022-12-11,Dubai Marina,Apartment,0,331.0,False,547000.0,36000.0
2022-12-11,Business Bay,Apartment,1,1005.0,False,1414000.0,91300.0
2022-12-11,Business Bay,Apartment,2,1394.0,True,2049000.0,136400.0
2022-12-11,Jumeirah Village Circle,Apartment,3,1869.0,True,1392000.0,97900.0
2022-12-12,Downtown Dubai,Apartment,0,300.0,True,821000.0,45200.0
2022-12-12,Jumeirah Lake Towers,Apartment,2,1228.0,False,1125000.0,80400.0
2022-12-12,Jumeirah Lake Towers,Apartment,0,325.0,True,322000.0,19600.0
2022-12-12,Dubai South,Apartment,2,1459.0,True,826000.0,65400.0
2022-12-13,Jumeirah Village Circle,Apartment,1,941.0,False,718000.0,54800.0
2022-12-13,Dubai South,Apartment,1,796.0,True,566000.0,40400.0
2022-12-14,Jumeirah Lake Towers,Apartment,3,1616.0,False,1863000.0,138200.0
2022-12-14,Dubai Marina,Apartment,2,1477.0,False,2583000.0,156000.0
2022-12-15,Business Bay,Apartment,3,2018.0,False,3084000.0,197700.0
2022-12-15,Jumeirah Lake Towers,Apartment,1,914.0,True,1006000.0,66400.0
2022-12-15,Arabian Ranches,Apartment,2,1327.0,True,1580000.0,98200.0
2022-12-15,Dubai South,Apartment,1,774.0,True,543000.0,40700.0
2022-12-15,Downtown Dubai,Apartment,3,2011.0,False,3916000.0,202900.0
2022-12-15,Jumeirah Lake Towers,Apartment,3,1609.0,False,2100000.0,158500.0
2022-12-15,International City,Apartment,2,1544.0,True,636000.0,53100.0
2022-12-16,International City,Apartment,3,1725.0,True,728000.0,62600.0
2022-12-16,Dubai Marina,Apartment,3,1977.0,False,3138000.0,177000.0
2022-12-16,Arabian Ranches,Apartment,3,1672.0,True,2047000.0,120400.0
2022-12-16,Dubai Hills Estate,Apartment,3,1705.0,True,2640000.0,167500.0
2022-12-16,Dubai Hills Estate,Apartment,2,1166.0,False,1611000.0,102900.0
2022-12-17,Dubai Marina,Apartment,0,396.0,True,566000.0,34800.0
2022-12-17,Dubai South,Apartment,3,2001.0,False,1606000.0,120200.0
2022-12-17,Downtown Dubai,Apartment,1,836.0,True,1891000.0,99800.0
2022-12-17,Dubai Hills Estate,Apartment,2,1061.0,False,1764000.0,89700.0
2022-12-17,International City,Apartment,0,360.0,False,166000.0,12100.0
2022-12-18,Palm Jumeirah,Apartment,1,775.0,False,2234000.0,134900.0
2022-12-18,Jumeirah Lake Towers,Apartment,1,772.0,False,992000.0,66700.0
2022-12-18,International City,Apartment,3,1836.0,False,1008000.0,99700.0
2022-12-18,Downtown Dubai,Apartment,3,1745.0,True,4828000.0,285500.0
2022-12-18,Dubai Hills Estate,Apartment,3,1811.0,False,2959000.0,183400.0
2022-12-18,Business Bay,Apartment,2,994.0,True,1535000.0,108900.0
2022-12-18,Jumeirah Village Circle,Apartment,2,1271.0,False,1097000.0,85300.0
2022-12-19,Dubai Marina,Apartment,1,850.0,True,1362000.0,85000.0
2022-12-20,Business Bay,Apartment,3,1688.0,True,2868000.0,183300.0
2022-12-20,Dubai South,Apartment,3,1806.0,False,1385000.0,94200.0
2022-12-20,Jumeirah Lake Towers,Apartment,2,1217.0,True,1226000.0,77600.0
2022-12-20,Jumeirah Village Circle,Apartment,1,964.0,False,937000.0,63300.0
2022-12-20,Jumeirah Lake Towers,Apartment,0,466.0,False,464000.0,38900.0
2022-12-21,International City,Apartment,3,1842.0,False,915000.0,83100.0
2022-12-21,Dubai Hills Estate,Apartment,2,1112.0,True,1676000.0,99700.0
2022-12-22,Dubai Marina,Apartment,3,1836.0,False,3244000.0,208200.0
2022-12-22,Dubai Marina,Apartment,0,363.0,False,620000.0,33900.0
2022-12-22,Business Bay,Apartment,3,1723.0,False,2878000.0,226300.0
2022-12-22,Arabian Ranches,Apartment,0,445.0,True,514000.0,24400.0
2022-12-22,Jumeirah Village Circle,Apartment,2,1305.0,False,1163000.0,94900.0
2022-12-22,International City,Apartment,0,512.0,False,258000.0,24500.0
2022-12-23,Dubai South,Villa,5,3802.0,True,2229000.0,175300.0
2022-12-23,International City,Apartment,0,545.0,False,223000.0,20600.0
2022-12-24,Arabian Ranches,Villa,5,4153.0,False,4526000.0,230100.0
2022-12-24,Downtown Dubai,Apartment,3,2110.0,False,4430000.0,251300.0
2022-12-24,Dubai South,Apartment,1,1075.0,True,881000.0,59400.0
2022-12-24,Arabian Ranches,Apartment,1,1020.0,True,1252000.0,70300.0
2022-12-25,Arabian Ranches,Apartment,2,1158.0,True,1163000.0,58400.0
2022-12-25,Arabian Ranches,Apartment,1,901.0,False,1228000.0,62800.0
2022-12-26,Jumeirah Lake Towers,Apartment,2,1419.0,True,1459000.0,114700.0
2022-12-26,Downtown Dubai,Apartment,1,846.0,True,1867000.0,97000.0
2022-12-26,Dubai South,Apartment,0,448.0,False,343000.0,22700.0
2022-12-26,Palm Jumeirah,Apartment,0,613.0,True,1968000.0,97900.0
2022-12-27,Dubai South,Townhouse,5,3912.0,False,2929000.0,225500.0
2022-12-28,Dubai Marina,Apartment,0,372.0,True,561000.0,33300.0
2022-12-28,Downtown Dubai,Apartment,0,496.0,False,1457000.0,69600.0
2022-12-28,Palm Jumeirah,Apartment,1,867.0,True,2445000.0,122400.0
2022-12-28,Jumeirah Village Circle,Apartment,2,1461.0,False,1182000.0,86200.0
2022-12-28,Dubai South,Apartment,3,1445.0,False,1015000.0,76700.0
2023-01-01,Business Bay,Apartment,0,416.0,False,728000.0,48000.0
2023-01-01,Dubai Hills Estate,Apartment,2,1172.0,False,2503000.0,128000.0
2023-01-01,Dubai South,Apartment,2,1415.0,False,1151000.0,83300.0
2023-01-02,Palm Jumeirah,Apartment,0,507.0,False,1748000.0,89600.0
2023-01-02,Dubai South,Apartment,3,1874.0,False,1688000.0,147700.0
2023-01-02,Dubai South,Apartment,1,926.0,False,724000.0,57200.0
2023-01-03,Dubai Hills Estate,Apartment,2,1273.0,True,2170000.0,107800.0
2023-01-03,International City,Apartment,3,1488.0,True,895000.0,100100.0
2023-01-03,International City,Apartment,3,1449.0,False,858000.0,81800.0
2023-01-03,Business Bay,Apartment,2,1237.0,True,2408000.0,156900.0
2023-01-04,Arabian Ranches,Villa,4,2962.0,False,4359000.0,234900.0
2023-01-04,Downtown Dubai,Apartment,1,996.0,True,1782000.0,116500.0
2023-01-05,Dubai Marina,Apartment,3,1410.0,False,3294000.0,211900.0
2023-01-05,Jumeirah Lake Towers,Apartment,0,513.0,False,532000.0,36200.0
2023-01-05,Dubai Hills Estate,Apartment,3,1534.0,True,2810000.0,155300.0
2023-01-06,Downtown Dubai,Apartment,3,1798.0,True,4355000.0,230400.0
2023-01-06,International City,Apartment,3,1520.0,False,718000.0,62200.0
2023-01-07,Palm Jumeirah,Apartment,3,1701.0,True,5169000.0,235100.0
2023-01-07,Jumeirah Village Circle,Apartment,2,1222.0,True,1370000.0,102200.0
2023-01-07,Dubai Marina,Apartment,2,1036.0,False,1982000.0,125300.0
2023-01-08,Arabian Ranches,Apartment,1,1025.0,True,1263000.0,68700.0
2023-01-08,Arabian Ranches,Apartment,0,425.0,True,540000.0,26000.0
2023-01-08,Downtown Dubai,Apartment,2,1336.0,False,3475000.0,207800.0
2023-01-08,Jumeirah Lake Towers,Apartment,2,1275.0,True,1310000.0,94900.0
2023-01-08,Palm Jumeirah,Apartment,3,1617.0,False,5326000.0,245800.0
2023-01-09,Business Bay,Apartment,1,950.0,True,1617000.0,104800.0
2023-01-10,Business Bay,Apartment,3,1785.0,True,3608000.0,228300.0
2023-01-10,Downtown Dubai,Apartment,3,1691.0,True,4572000.0,238100.0
2023-01-10,Business Bay,Apartment,0,448.0,False,853000.0,47100.0
2023-01-10,Arabian Ranches,Townhouse,3,2424.0,False,2964000.0,200300.0
2023-01-11,Palm Jumeirah,Apartment,2,1324.0,False,4301000.0,215300.0
2023-01-11,Dubai Hills Estate,Apartment,1,866.0,False,1495000.0,79200.0
2023-01-11,Dubai Marina,Apartment,3,1710.0,False,3806000.0,268000.0
2023-01-12,Palm Jumeirah,Apartment,3,1868.0,False,6851000.0,404600.0
2023-01-12,Palm Jumeirah,Apartment,0,451.0,False,1525000.0,66700.0
2023-01-12,Jumeirah Lake Towers,Apartment,3,1488.0,True,2188000.0,169400.0
2023-01-13,Dubai South,Apartment,0,372.0,True,315000.0,23100.0
2023-01-14,Dubai South,Apartment,3,1635.0,False,1261000.0,101600.0
2023-01-14,International City,Apartment,3,1729.0,True,830000.0,61000.0
2023-01-15,Dubai Marina,Apartment,3,1654.0,True,3434000.0,226400.0
2023-01-15,International City,Apartment,2,1115.0,False,607000.0,53000.0
2023-01-15,International City,Apartment,1,854.0,True,390000.0,34800.0
2023-01-15,Jumeirah Village Circle,Apartment,2,1532.0,False,1532000.0,115300.0
2023-01-16,Business Bay,Apartment,3,1881.0,True,3323000.0,222300.0
2023-01-17,Jumeirah Village Circle,Apartment,0,511.0,True,535000.0,36000.0
2023-01-18,Jumeirah Lake Towers,Apartment,0,454.0,False,606000.0,45000.0
2023-01-18,Dubai South,Apartment,1,876.0,False,887000.0,60300.0
2023-01-18,Palm Jumeirah,Villa,5,3980.0,False,13533000.0,696200.0
2023-01-18,International City,Apartment,1,787.0,False,384000.0,34400.0
2023-01-19,Business Bay,Apartment,1,1049.0,True,1953000.0,113600.0
2023-01-19,Dubai Hills Estate,Villa,3,3203.0,False,5192000.0,291500.0
2023-01-20,Jumeirah Village Circle,Apartment,1,1035.0,False,1092000.0,87700.0
2023-01-20,International City,Apartment,1,1012.0,False,494000.0,45100.0
2023-01-20,Dubai South,Villa,3,3357.0,True,2757000.0,176900.0
2023-01-20,Business Bay,Apartment,0,556.0,True,791000.0,63600.0
2023-01-20,Dubai Marina,Apartment,2,1263.0,False,2071000.0,135500.0
2023-01-20,Dubai South,Apartment,0,395.0,False,331000.0,21400.0
2023-01-20,Downtown Dubai,Apartment,3,1639.0,True,3993000.0,285300.0
2023-01-20,Dubai South,Apartment,2,1164.0,True,817000.0,77000.0
2023-01-20,Arabian Ranches,Apartment,1,871.0,False,1256000.0,63900.0
2023-01-20,Business Bay,Apartment,3,1873.0,True,3381000.0,213600.0
2023-01-21,Arabian Ranches,Apartment,2,1314.0,False,1321000.0,75300.0
2023-01-21,Business Bay,Apartment,1,1059.0,True,2173000.0,185400.0
2023-01-21,Business Bay,Apartment,3,1738.0,False,3276000.0,195200.0
2023-01-21,Palm Jumeirah,Apartment,2,1248.0,True,3333000.0,212800.0
2023-01-21,Jumeirah Lake Towers,Apartment,0,378.0,False,488000.0,37300.0
2023-01-21,Jumeirah Lake Towers,Apartment,3,1760.0,False,2171000.0,143800.0
2023-01-22,Dubai Hills Estate,Townhouse,5,3033.0,True,5552000.0,345900.0
2023-01-22,Dubai Marina,Apartment,0,300.0,True,571000.0,40400.0
2023-01-22,Downtown Dubai,Apartment,0,507.0,False,1358000.0,68800.0
2023-01-22,Business Bay,Apartment,0,561.0,False,1104000.0,65600.0
2023-01-22,International City,Apartment,0,476.0,False,297000.0,26000.0
2023-01-22,Business Bay,Apartment,2,1174.0,False,2352000.0,163700.0
2023-01-22,Downtown Dubai,Apartment,3,1686.0,True,3615000.0,168800.0
2023-01-24,International City,Apartment,1,905.0,True,453000.0,31600.0
2023-01-24,Dubai Hills Estate,Townhouse,6,3412.0,False,7331000.0,427200.0
2023-01-24,Business Bay,Apartment,2,954.0,True,1469000.0,92300.0
2023-01-24,Business Bay,Apartment,3,1741.0,True,3508000.0,249400.0
2023-01-24,Dubai Hills Estate,Apartment,0,302.0,False,575000.0,26500.0
2023-01-25,International City,Apartment,1,940.0,True,449000.0,39100.0
2023-01-25,Jumeirah Village Circle,Apartment,2,1485.0,False,1619000.0,139300.0
2023-01-25,Dubai South,Villa,3,3357.0,True,2913000.0,240300.0
2023-01-25,Dubai Marina,Apartment,2,1203.0,False,2198000.0,146100.0
2023-01-26,Dubai Hills Estate,Apartment,1,951.0,True,2015000.0,113400.0
2023-01-26,Dubai Marina,Townhouse,6,3675.0,True,6449000.0,455200.0
2023-01-26,Dubai Marina,Apartment,1,956.0,False,2133000.0,134000.0
2023-01-26,Business Bay,Apartment,1,1080.0,False,1924000.0,117000.0
2023-01-26,Jumeirah Village Circle,Apartment,3,1711.0,False,1610000.0,127700.0
2023-01-26,Dubai Marina,Apartment,2,1046.0,True,1830000.0,134400.0
2023-01-26,Dubai Marina,Apartment,2,1298.0,True,2959000.0,207400.0
2023-01-26,Dubai Hills Estate,Apartment,2,1469.0,True,2468000.0,156000.0
2023-01-27,Dubai Hills Estate,Apartment,0,384.0,True,633000.0,37500.0
2023-01-27,Dubai South,Apartment,3,1802.0,False,1832000.0,128100.0
2023-01-27,Arabian Ranches,Apartment,2,867.0,True,1296000.0,83000.0
2023-01-27,Dubai Hills Estate,Apartment,0,387.0,False,713000.0,36500.0
2023-01-27,International City,Apartment,2,1355.0,True,564000.0,44400.0
2023-01-27,Dubai South,Apartment,0,586.0,True,449000.0,37000.0
2023-01-27,Downtown Dubai,Townhouse,3,2746.0,True,6526000.0,335200.0
2023-01-27,Business Bay,Apartment,2,1186.0,False,1973000.0,119000.0
2023-01-27,Dubai Marina,Apartment,2,1504.0,False,2692000.0,154700.0
2023-01-28,International City,Apartment,0,363.0,True,211000.0,18300.0
2023-01-28,Downtown Dubai,Apartment,3,1614.0,True,3752000.0,205200.0
2023-01-28,Dubai Marina,Apartment,1,890.0,False,1785000.0,136000.0
2023-01-28,Arabian Ranches,Townhouse,5,3096.0,True,3301000.0,190500.0
2023-01-28,Dubai South,Apartment,2,1277.0,True,1128000.0,87100.0
2023-02-01,Arabian Ranches,Apartment,1,861.0,True,1125000.0,64000.0
2023-02-01,Jumeirah Village Circle,Apartment,2,1230.0,False,1129000.0,84900.0
2023-02-01,Jumeirah Village Circle,Apartment,0,326.0,False,393000.0,36300.0
2023-02-01,Dubai Marina,Apartment,2,1573.0,False,2675000.0,216000.0
2023-02-02,Dubai Marina,Apartment,2,1297.0,True,2456000.0,160600.0
2023-02-02,Dubai South,Villa,4,3483.0,True,3042000.0,174800.0
2023-02-02,Arabian Ranches,Apartment,2,1175.0,False,1987000.0,143600.0
2023-02-02,Jumeirah Lake Towers,Apartment,1,770.0,True,1027000.0,60600.0
2023-02-02,Dubai Hills Estate,Apartment,0,373.0,False,597000.0,37100.0
2023-02-02,Arabian Ranches,Villa,5,3815.0,False,5432000.0,349600.0
2023-02-02,International City,Apartment,1,817.0,True,357000.0,33400.0
2023-02-02,Downtown Dubai,Apartment,1,716.0,False,1848000.0,106900.0
2023-02-03,Dubai South,Apartment,2,1170.0,False,1283000.0,96200.0
2023-02-03,Palm Jumeirah,Apartment,0,339.0,False,988000.0,49100.0
2023-02-03,Arabian Ranches,Villa,5,3983.0,False,4461000.0,244000.0
2023-02-04,Downtown Dubai,Apartment,2,1137.0,True,2849000.0,151400.0
2023-02-05,Dubai Hills Estate,Villa,6,4128.0,True,8468000.0,531600.0
2023-02-05,Arabian Ranches,Apartment,2,1347.0,True,1697000.0,97700.0
2023-02-06,Arabian Ranches,Apartment,3,1746.0,False,3259000.0,173200.0
2023-02-06,Palm Jumeirah,Apartment,2,1128.0,True,3137000.0,163300.0
2023-02-06,Dubai South,Apartment,2,1375.0,False,938000.0,81600.0
2023-02-06,Palm Jumeirah,Apartment,0,476.0,True,1389000.0,77200.0
2023-02-06,Palm Jumeirah,Townhouse,5,3722.0,True,11834000.0,532100.0
2023-02-06,Downtown Dubai,Townhouse,5,3115.0,False,8975000.0,463200.0
2023-02-06,Palm Jumeirah,Apartment,2,1139.0,True,3387000.0,150000.0
2023-02-06,Dubai Hills Estate,Apartment,0,570.0,True,967000.0,65200.0
2023-02-07,Arabian Ranches,Apartment,3,1701.0,True,1834000.0,105600.0
2023-02-07,Palm Jumeirah,Apartment,2,1436.0,True,4585000.0,238900.0
2023-02-07,Dubai Hills Estate,Apartment,2,1187.0,True,2186000.0,125800.0
2023-02-07,Dubai Marina,Apartment,2,1214.0,True,1806000.0,128900.0
2023-02-07,International City,Apartment,2,1333.0,True,739000.0,62300.0
2023-02-08,Business Bay,Apartment,3,1922.0,True,3076000.0,191500.0
2023-02-08,Jumeirah Village Circle,Apartment,3,1618.0,False,1903000.0,179300.0
2023-02-09,Business Bay,Apartment,3,1552.0,False,3368000.0,192900.0
2023-02-09,Jumeirah Lake Towers,Apartment,0,492.0,False,681000.0,51900.0
2023-02-09,Dubai Marina,Apartment,3,1576.0,False,3129000.0,235300.0
2023-02-09,Dubai Hills Estate,Villa,4,3119.0,True,6831000.0,334500.0
2023-02-09,Dubai Hills Estate,Apartment,0,390.0,True,662000.0,41600.0
2023-02-10,Jumeirah Lake Towers,Apartment,0,452.0,True,667000.0,55800.0
2023-02-10,Dubai Hills Estate,Villa,3,2752.0,True,4751000.0,298800.0
2023-02-10,International City,Apartment,0,479.0,True,245000.0,22000.0
2023-02-10,Jumeirah Village Circle,Apartment,0,379.0,True,328000.0,24900.0
2023-02-10,Dubai Hills Estate,Villa,6,4218.0,False,6938000.0,385200.0
2023-02-10,Dubai Hills Estate,Apartment,0,524.0,True,1151000.0,72500.0
2023-02-10,Dubai South,Apartment,3,1566.0,False,1495000.0,131900.0
2023-02-11,Dubai Marina,Apartment,1,1012.0,False,1964000.0,123300.0
2023-02-11,Dubai Marina,Apartment,3,1970.0,True,4667000.0,298400.0
2023-02-12,Jumeirah Lake Towers,Apartment,1,885.0,True,1211000.0,88000.0
2023-02-12,Dubai Marina,Apartment,2,1301.0,False,2459000.0,153400.0
2023-02-12,Jumeirah Village Circle,Apartment,1,832.0,False,835000.0,63800.0
2023-02-13,Jumeirah Lake Towers,Apartment,2,1158.0,True,1465000.0,110300.0
2023-02-13,Business Bay,Apartment,1,756.0,False,1580000.0,88900.0
2023-02-13,Dubai South,Apartment,0,461.0,False,358000.0,29500.0
2023-02-13,Downtown Dubai,Apartment,2,1412.0,False,3260000.0,165400.0
2023-02-13,International City,Apartment,1,651.0,True,299000.0,35400.0
2023-02-13,Dubai Hills Estate,Apartment,2,972.0,False,1521000.0,100300.0
2023-02-13,Arabian Ranches,Villa,5,3356.0,True,4195000.0,240500.0
2023-02-14,Palm Jumeirah,Apartment,3,1553.0,False,4746000.0,199500.0
2023-02-14,Dubai Hills Estate,Apartment,3,1319.0,True,1906000.0,129400.0
2023-02-15,Jumeirah Lake Towers,Apartment,2,1306.0,True,1882000.0,138800.0
2023-02-15,Dubai South,Apartment,0,409.0,False,347000.0,31800.0
2023-02-15,Jumeirah Lake Towers,Apartment,1,902.0,False,1163000.0,79000.0
2023-02-15,Dubai Marina,Apartment,3,1730.0,False,4024000.0,206800.0
2023-02-15,Dubai Marina,Apartment,0,549.0,False,1243000.0,68100.0
2023-02-16,Dubai Hills Estate,Apartment,2,1477.0,True,2549000.0,137500.0
2023-02-16,Downtown Dubai,Apartment,1,909.0,False,2071000.0,107300.0
2023-02-16,Palm Jumeirah,Apartment,3,1601.0,True,5445000.0,281200.0
2023-02-16,Business Bay,Apartment,2,1181.0,False,2337000.0,157400.0
2023-02-17,Downtown Dubai,Apartment,3,1591.0,False,4500000.0,262800.0
2023-02-17,Arabian Ranches,Apartment,2,1144.0,True,1516000.0,71700.0
2023-02-17,Dubai Marina,Apartment,0,456.0,False,951000.0,66700.0
2023-02-17,Arabian Ranches,Apartment,0,442.0,False,517000.0,25600.0
2023-02-17,Downtown Dubai,Apartment,1,913.0,False,2773000.0,174300.0
2023-02-17,Dubai Marina,Apartment,0,371.0,False,956000.0,73100.0
2023-02-17,Dubai South,Apartment,0,356.0,False,434000.0,32300.0
2023-02-17,Dubai Marina,Apartment,0,390.0,False,706000.0,47400.0
2023-02-17,Dubai South,Apartment,2,1136.0,True,1033000.0,68200.0
2023-02-18,Dubai Marina,Apartment,3,1866.0,True,4651000.0,278400.0
2023-02-18,Palm Jumeirah,Villa,3,2843.0,True,10266000.0,527500.0
2023-02-18,Dubai South,Apartment,0,518.0,True,458000.0,36800.0
2023-02-18,Dubai Hills Estate,Apartment,0,438.0,False,740000.0,45300.0
2023-02-18,Arabian Ranches,Apartment,3,1755.0,False,2726000.0,190400.0
2023-02-18,Dubai Marina,Apartment,1,811.0,True,1416000.0,93400.0
2023-02-19,Jumeirah Village Circle,Apartment,3,1602.0,True,1609000.0,112900.0
2023-02-19,Palm Jumeirah,Apartment,3,1776.0,False,6768000.0,289700.0
2023-02-19,Dubai South,Villa,4,3392.0,True,2706000.0,203100.0
2023-02-19,Business Bay,Apartment,3,1874.0,True,3867000.0,270400.0
2023-02-20,Downtown Dubai,Apartment,3,1876.0,True,5626000.0,353000.0
2023-02-20,Jumeirah Lake Towers,Apartment,2,1099.0,True,1232000.0,88600.0
2023-02-21,Jumeirah Village Circle,Apartment,0,437.0,False,418000.0,34800.0
2023-02-21,Dubai South,Villa,4,3750.0,True,2685000.0,173000.0
2023-02-21,Downtown Dubai,Apartment,0,513.0,False,1155000.0,67300.0
2023-02-21,Palm Jumeirah,Villa,6,3931.0,False,14079000.0,702100.0
2023-02-21,International City,Apartment,2,1090.0,False,560000.0,55900.0
2023-02-22,Dubai Hills Estate,Apartment,0,462.0,False,766000.0,41000.0
2023-02-22,Jumeirah Village Circle,Apartment,2,1411.0,False,1578000.0,99200.0
2023-02-22,Dubai Marina,Apartment,2,1240.0,False,2549000.0,165200.0
2023-02-22,International City,Apartment,1,876.0,False,436000.0,33900.0
2023-02-23,Dubai Hills Estate,Apartment,0,500.0,False,866000.0,60000.0
2023-02-23,Dubai South,Apartment,1,926.0,True,719000.0,46000.0
2023-02-24,Dubai South,Apartment,0,300.0,True,227000.0,18000.0
2023-02-24,Jumeirah Village Circle,Apartment,2,1190.0,True,1285000.0,81800.0
2023-02-24,Dubai South,Apartment,3,1482.0,False,1452000.0,115800.0
2023-02-25,Jumeirah Village Circle,Apartment,2,1257.0,True,1178000.0,77500.0
2023-02-25,Business Bay,Apartment,1,875.0,True,1483000.0,126100.0
2023-02-26,Palm Jumeirah,Villa,4,3409.0,False,12742000.0,628400.0
2023-02-26,Dubai Hills Estate,Villa,4,3651.0,False,6400000.0,394600.0
2023-02-26,Downtown Dubai,Apartment,1,839.0,False,2846000.0,154600.0
2023-02-26,Dubai South,Apartment,2,1184.0,False,981000.0,83200.0
2023-02-27,Jumeirah Lake Towers,Apartment,2,1373.0,False,1864000.0,118700.0
2023-02-27,Jumeirah Lake Towers,Apartment,3,2153.0,False,2928000.0,222500.0
2023-02-27,Jumeirah Lake Towers,Apartment,2,1383.0,False,1986000.0,154300.0
2023-02-27,Dubai Hills Estate,Townhouse,4,3174.0,False,5723000.0,294000.0
2023-02-28,Dubai Marina,Apartment,1,879.0,True,1764000.0,104900.0
2023-02-28,International City,Apartment,1,845.0,True,504000.0,46600.0
2023-02-28,International City,Apartment,3,1567.0,True,700000.0,60600.0
2023-03-01,Palm Jumeirah,Apartment,0,483.0,False,1670000.0,82700.0
2023-03-01,International City,Apartment,1,985.0,True,461000.0,36800.0
2023-03-01,Arabian Ranches,Apartment,0,414.0,True,481000.0,27000.0
2023-03-02,Dubai Marina,Apartment,2,1145.0,True,2243000.0,146600.0
2023-03-02,Palm Jumeirah,Apartment,1,717.0,True,2059000.0,104000.0
2023-03-03,Palm Jumeirah,Villa,3,3099.0,False,11928000.0,631800.0
2023-03-03,Business Bay,Townhouse,3,2474.0,False,5608000.0,315300.0
2023-03-03,Jumeirah Village Circle,Apartment,3,1695.0,False,1482000.0,134900.0
2023-03-03,Arabian Ranches,Apartment,3,1812.0,True,2145000.0,110800.0
2023-03-04,International City,Apartment,0,376.0,False,183000.0,14700.0
2023-03-04,Business Bay,Apartment,3,1960.0,True,3133000.0,188600.0
2023-03-04,Dubai South,Apartment,3,1670.0,False,1477000.0,121800.0
2023-03-04,Downtown Dubai,Apartment,3,1465.0,False,4234000.0,262400.0
2023-03-04,Dubai South,Apartment,0,318.0,False,273000.0,23200.0
2023-03-04,Dubai Hills Estate,Apartment,1,860.0,False,1936000.0,120600.0
2023-03-05,International City,Apartment,0,441.0,True,219000.0,20700.0
2023-03-05,Downtown Dubai,Apartment,3,1772.0,False,5020000.0,255700.0
2023-03-05,Palm Jumeirah,Apartment,3,2099.0,False,7038000.0,353400.0
2023-03-06,Business Bay,Apartment,1,950.0,False,2149000.0,136500.0
2023-03-06,Downtown Dubai,Apartment,0,436.0,True,946000.0,55600.0
2023-03-07,Dubai South,Apartment,1,925.0,False,802000.0,60200.0
2023-03-07,International City,Apartment,1,722.0,False,361000.0,36200.0
2023-03-07,Downtown Dubai,Apartment,2,1495.0,True,4515000.0,247900.0
2023-03-07,Downtown Dubai,Apartment,0,332.0,True,915000.0,50700.0
2023-03-07,Dubai Hills Estate,Apartment,2,1469.0,False,2433000.0,151900.0
2023-03-08,Jumeirah Village Circle,Apartment,1,900.0,False,909000.0,57900.0
2023-03-08,International City,Apartment,3,1737.0,True,820000.0,70100.0
2023-03-08,Jumeirah Lake Towers,Apartment,3,1403.0,True,2034000.0,157600.0
2023-03-08,Dubai Marina,Apartment,2,1349.0,False,2904000.0,181500.0
2023-03-08,Arabian Ranches,Apartment,1,745.0,True,876000.0,51400.0
2023-03-08,Dubai South,Villa,4,3615.0,False,3041000.0,233400.0
2023-03-09,Business Bay,Apartment,2,1240.0,True,2199000.0,145900.0
2023-03-09,Business Bay,Apartment,3,1375.0,True,2759000.0,166800.0
2023-03-09,Business Bay,Apartment,3,1580.0,False,3487000.0,202300.0
2023-03-09,Dubai Hills Estate,Apartment,2,1403.0,True,2546000.0,145100.0
2023-03-10,Palm Jumeirah,Apartment,1,1108.0,True,3599000.0,196600.0
2023-03-10,International City,Apartment,0,418.0,False,217000.0,21500.0
2023-03-10,International City,Apartment,2,1256.0,True,541000.0,45200.0
2023-03-11,Business Bay,Apartment,2,1148.0,True,2572000.0,159400.0
2023-03-11,Dubai Hills Estate,Apartment,2,1366.0,False,2464000.0,175100.0
2023-03-11,Dubai Hills Estate,Apartment,3,1758.0,True,3581000.0,213000.0
2023-03-11,Business Bay,Apartment,2,1407.0,True,2366000.0,175900.0
2023-03-11,Arabian Ranches,Apartment,3,1567.0,False,2366000.0,132200.0
2023-03-12,Jumeirah Village Circle,Apartment,1,884.0,False,887000.0,69900.0
2023-03-12,Downtown Dubai,Townhouse,6,3961.0,False,10373000.0,556700.0
2023-03-13,International City,Apartment,3,1992.0,True,969000.0,92100.0
2023-03-13,Business Bay,Apartment,2,1301.0,True,2838000.0,187300.0
2023-03-13,Jumeirah Lake Towers,Apartment,3,1900.0,True,2051000.0,143300.0
2023-03-13,Dubai South,Apartment,1,921.0,True,773000.0,62900.0
2023-03-15,Jumeirah Lake Towers,Apartment,0,524.0,True,668000.0,54400.0
2023-03-15,Dubai Marina,Apartment,2,1346.0,True,2470000.0,139100.0
2023-03-15,Arabian Ranches,Apartment,0,414.0,False,536000.0,28200.0
2023-03-15,Arabian Ranches,Villa,4,4027.0,True,4781000.0,248200.0
2023-03-16,Palm Jumeirah,Apartment,1,848.0,False,2699000.0,148900.0
2023-03-16,Dubai Marina,Apartment,1,925.0,False,1579000.0,90300.0
2023-03-16,Dubai Hills Estate,Townhouse,3,2285.0,False,4407000.0,262000.0
2023-03-17,Dubai Hills Estate,Villa,6,3990.0,False,7753000.0,371900.0
2023-03-17,Jumeirah Lake Towers,Apartment,2,1347.0,False,1488000.0,102200.0
2023-03-17,Jumeirah Village Circle,Apartment,0,536.0,False,568000.0,48600.0
2023-03-17,Dubai Marina,Apartment,2,1412.0,False,2193000.0,150400.0
2023-03-17,Downtown Dubai,Apartment,1,754.0,True,1632000.0,99700.0
2023-03-17,Business Bay,Apartment,2,1212.0,True,2065000.0,134100.0
2023-03-18,International City,Apartment,3,2038.0,True,955000.0,75700.0
2023-03-18,Arabian Ranches,Villa,4,3453.0,True,4588000.0,257500.0
2023-03-18,Palm Jumeirah,Villa,4,3205.0,True,10900000.0,482700.0
2023-03-18,Jumeirah Village Circle,Apartment,0,395.0,False,311000.0,26000.0
2023-03-18,Downtown Dubai,Apartment,1,976.0,False,2780000.0,189400.0
2023-03-19,Arabian Ranches,Apartment,1,1101.0,False,1467000.0,76800.0
2023-03-19,International City,Apartment,3,1864.0,False,760000.0,73900.0
2023-03-19,Dubai South,Apartment,1,783.0,True,599000.0,43300.0
2023-03-20,Dubai Hills Estate,Villa,6,4722.0,False,7050000.0,448600.0
2023-03-20,Arabian Ranches,Apartment,3,1478.0,False,1963000.0,92700.0
2023-03-20,Palm Jumeirah,Apartment,3,1691.0,False,5806000.0,276900.0
2023-03-20,International City,Apartment,3,1802.0,False,951000.0,90600.0
2023-03-20,Dubai Hills Estate,Apartment,2,1252.0,False,2247000.0,149300.0
2023-03-20,Palm Jumeirah,Villa,5,3829.0,False,12678000.0,665200.0
2023-03-20,Dubai Hills Estate,Apartment,1,933.0,False,1677000.0,91000.0
2023-03-21,Business Bay,Apartment,3,1635.0,False,2643000.0,176100.0
2023-03-22,Business Bay,Apartment,3,2064.0,False,4217000.0,288700.0
2023-03-23,Arabian Ranches,Apartment,0,533.0,False,619000.0,34400.0
2023-03-23,International City,Apartment,0,489.0,False,251000.0,21200.0
2023-03-23,Jumeirah Village Circle,Apartment,1,790.0,True,799000.0,68600.0
2023-03-23,Palm Jumeirah,Villa,6,4412.0,True,15707000.0,811500.0
2023-03-24,Arabian Ranches,Apartment,1,1016.0,True,1443000.0,81200.0
2023-03-24,Jumeirah Lake Towers,Apartment,0,487.0,True,701000.0,57200.0
2023-03-24,Dubai Marina,Apartment,1,1074.0,False,2213000.0,118900.0
2023-03-24,Jumeirah Lake Towers,Apartment,0,503.0,False,753000.0,55800.0
2023-03-25,Downtown Dubai,Apartment,2,1269.0,True,3370000.0,183500.0
2023-03-26,Dubai Hills Estate,Apartment,2,1185.0,False,1849000.0,106700.0
2023-03-26,Dubai Marina,Apartment,3,1344.0,True,2297000.0,148900.0
2023-03-26,Jumeirah Village Circle,Apartment,2,1146.0,True,1139000.0,92900.0
2023-03-26,Arabian Ranches,Townhouse,3,2284.0,True,2503000.0,141100.0
2023-03-26,Jumeirah Lake Towers,Apartment,0,410.0,False,467000.0,36400.0
2023-03-27,Dubai Hills Estate,Apartment,1,928.0,False,1658000.0,90000.0
2023-03-27,Downtown Dubai,Apartment,3,1430.0,False,4162000.0,218000.0
2023-03-27,Jumeirah Lake Towers,Apartment,2,1366.0,False,2539000.0,180800.0
2023-03-28,Arabian Ranches,Villa,5,3832.0,True,5617000.0,249200.0
2023-03-28,Palm Jumeirah,Apartment,3,1797.0,False,6453000.0,320900.0
2023-03-28,Jumeirah Village Circle,Apartment,0,411.0,False,436000.0,34600.0
2023-03-28,Business Bay,Apartment,2,1318.0,True,2061000.0,158400.0
2023-04-01,Palm Jumeirah,Villa,6,3665.0,False,12604000.0,529900.0
2023-04-01,Dubai Marina,Apartment,2,1416.0,True,2407000.0,199600.0
2023-04-02,Downtown Dubai,Apartment,3,1808.0,True,4445000.0,243200.0
2023-04-02,Downtown Dubai,Apartment,0,519.0,True,1359000.0,80500.0
2023-04-02,Downtown Dubai,Apartment,3,1824.0,False,4016000.0,226800.0
2023-04-02,International City,Apartment,2,1364.0,True,852000.0,79800.0
2023-04-02,Downtown Dubai,Apartment,2,1188.0,False,3715000.0,215300.0
2023-04-02,Arabian Ranches,Apartment,0,458.0,True,526000.0,28500.0
2023-04-02,Dubai South,Apartment,2,1307.0,True,1197000.0,84300.0
2023-04-02,Dubai Marina,Apartment,3,1586.0,False,3071000.0,182200.0
2023-04-03,Downtown Dubai,Apartment,1,773.0,True,2291000.0,113500.0
2023-04-03,Dubai Hills Estate,Apartment,1,835.0,True,1517000.0,82800.0
2023-04-03,Dubai Hills Estate,Apartment,0,453.0,True,845000.0,46400.0
2023-04-03,International City,Apartment,0,523.0,False,292000.0,27000.0
2023-04-04,Dubai Marina,Apartment,3,1617.0,False,3200000.0,219300.0
2023-04-05,Dubai Hills Estate,Apartment,1,835.0,True,1291000.0,59100.0
2023-04-05,Jumeirah Lake Towers,Apartment,3,1815.0,False,2340000.0,143800.0
2023-04-05,Arabian Ranches,Villa,3,3094.0,True,3700000.0,215500.0
2023-04-06,Jumeirah Village Circle,Apartment,2,1464.0,True,1613000.0,133000.0
2023-04-06,Jumeirah Lake Towers,Apartment,1,726.0,False,1137000.0,82900.0
2023-04-07,Palm Jumeirah,Apartment,1,947.0,False,2805000.0,170900.0
2023-04-08,Jumeirah Village Circle,Apartment,1,828.0,False,823000.0,69700.0
2023-04-09,Jumeirah Village Circle,Townhouse,3,2896.0,False,3331000.0,213300.0
2023-04-10,Jumeirah Lake Towers,Apartment,3,1935.0,True,2466000.0,165400.0
2023-04-10,Downtown Dubai,Apartment,3,1624.0,False,5027000.0,272900.0
2023-04-11,Dubai Hills Estate,Apartment,2,1235.0,True,2276000.0,126900.0
2023-04-11,Jumeirah Lake Towers,Apartment,1,948.0,True,1000000.0,74500.0
2023-04-12,Jumeirah Village Circle,Apartment,2,1131.0,True,1064000.0,108000.0
2023-04-12,Downtown Dubai,Apartment,2,1039.0,True,2114000.0,117600.0
2023-04-12,International City,Apartment,1,970.0,True,491000.0,42100.0
2023-04-12,Dubai South,Apartment,1,931.0,False,955000.0,74300.0
2023-04-13,Dubai Marina,Apartment,3,1965.0,True,3912000.0,246000.0
2023-04-13,Arabian Ranches,Apartment,0,565.0,False,684000.0,42400.0
2023-04-13,International City,Apartment,0,448.0,False,238000.0,16500.0
2023-04-15,Arabian Ranches,Apartment,3,2112.0,True,2290000.0,113000.0
2023-04-15,Jumeirah Lake Towers,Apartment,0,393.0,True,490000.0,29800.0
2023-04-15,International City,Apartment,0,442.0,True,234000.0,19900.0
2023-04-15,Dubai Hills Estate,Apartment,2,1404.0,False,2283000.0,146000.0
2023-04-16,Jumeirah Village Circle,Apartment,2,1334.0,False,1385000.0,95100.0
2023-04-16,Jumeirah Village Circle,Apartment,2,1473.0,True,1740000.0,122300.0
2023-04-16,Dubai Hills Estate,Apartment,1,898.0,False,1518000.0,81600.0
2023-04-17,Jumeirah Village Circle,Apartment,1,840.0,False,724000.0,48300.0
2023-04-17,Palm Jumeirah,Apartment,1,943.0,False,3451000.0,176200.0
2023-04-17,Business Bay,Apartment,1,752.0,False,1457000.0,100800.0
2023-04-18,Jumeirah Village Circle,Apartment,3,1947.0,True,1541000.0,105600.0
2023-04-18,Downtown Dubai,Apartment,2,1164.0,True,3207000.0,169900.0
2023-04-18,Arabian Ranches,Apartment,3,1904.0,False,3069000.0,166300.0
2023-04-18,International City,Apartment,0,300.0,True,149000.0,13000.0
2023-04-19,Jumeirah Lake Towers,Apartment,3,1536.0,True,1920000.0,160400.0
2023-04-19,Dubai South,Villa,4,2887.0,False,2681000.0,225800.0
2023-04-19,Arabian Ranches,Villa,6,4774.0,True,6073000.0,317900.0
2023-04-19,International City,Apartment,1,1007.0,True,461000.0,38200.0
2023-04-19,Business Bay,Apartment,2,1351.0,True,2910000.0,188400.0
2023-04-19,Dubai South,Apartment,2,1572.0,False,1398000.0,101600.0
2023-04-20,Jumeirah Lake Towers,Apartment,3,1931.0,True,1744000.0,115800.0
2023-04-20,Business Bay,Apartment,2,1182.0,False,2277000.0,147200.0
2023-04-21,Jumeirah Lake Towers,Apartment,3,1874.0,True,2410000.0,193700.0
2023-04-21,Business Bay,Apartment,1,852.0,True,1614000.0,103100.0
2023-04-21,Palm Jumeirah,Apartment,1,723.0,False,2205000.0,115200.0
2023-04-22,Business Bay,Apartment,3,1522.0,False,3050000.0,194000.0
2023-04-22,Arabian Ranches,Apartment,0,331.0,False,487000.0,22800.0
2023-04-22,Downtown Dubai,Apartment,1,757.0,False,2241000.0,117400.0
2023-04-23,Dubai South,Villa,5,4246.0,False,3760000.0,250400.0
2023-04-23,Jumeirah Village Circle,Apartment,3,1725.0,True,1960000.0,164200.0
2023-04-23,Dubai South,Apartment,0,506.0,True,506000.0,36800.0
2023-04-24,Arabian Ranches,Apartment,1,974.0,True,1349000.0,69900.0
2023-04-24,Jumeirah Lake Towers,Apartment,3,1509.0,True,1571000.0,114900.0
2023-04-25,Dubai Marina,Apartment,3,1567.0,True,3259000.0,187100.0
2023-04-25,Business Bay,Apartment,3,1989.0,False,4113000.0,241500.0
2023-04-25,Palm Jumeirah,Townhouse,5,2968.0,True,9210000.0,474100.0
2023-04-25,International City,Apartment,0,499.0,True,277000.0,23200.0
2023-04-26,Business Bay,Apartment,1,789.0,True,1501000.0,97600.0
2023-04-26,Dubai South,Apartment,3,1762.0,True,1387000.0,114700.0
2023-04-27,Dubai Marina,Apartment,1,843.0,False,1441000.0,112800.0
2023-04-27,Business Bay,Townhouse,3,2543.0,True,5002000.0,413400.0
2023-04-27,Jumeirah Village Circle,Apartment,1,806.0,True,772000.0,57200.0
2023-04-27,Dubai South,Apartment,2,1323.0,False,1092000.0,84200.0
2023-04-28,Downtown Dubai,Apartment,1,910.0,True,2215000.0,116200.0
2023-04-28,Palm Jumeirah,Apartment,0,437.0,False,1318000.0,60700.0
2023-04-28,International City,Apartment,3,1796.0,False,894000.0,75700.0
2023-04-28,Arabian Ranches,Apartment,3,1772.0,False,2666000.0,149400.0
2023-04-28,Palm Jumeirah,Apartment,3,1748.0,False,6649000.0,286800.0
2023-04-28,Dubai Hills Estate,Villa,6,4768.0,False,8192000.0,414200.0
2023-04-28,Palm Jumeirah,Apartment,1,1015.0,True,3151000.0,148400.0
2023-05-01,International City,Apartment,3,1472.0,False,891000.0,83400.0
2023-05-01,Jumeirah Lake Towers,Apartment,1,787.0,True,994000.0,73900.0
2023-05-01,Dubai South,Apartment,2,1280.0,True,1209000.0,76400.0
2023-05-01,Dubai Marina,Apartment,2,1243.0,False,2144000.0,130300.0
2023-05-01,Downtown Dubai,Apartment,1,674.0,True,2153000.0,121200.0
2023-05-02,Jumeirah Lake Towers,Apartment,1,791.0,True,824000.0,50700.0
2023-05-02,Palm Jumeirah,Apartment,2,1503.0,False,4801000.0,225000.0
2023-05-02,Jumeirah Lake Towers,Apartment,1,851.0,False,1224000.0,94600.0
2023-05-03,International City,Apartment,1,800.0,False,404000.0,36600.0
2023-05-03,Dubai Hills Estate,Apartment,3,1470.0,False,2457000.0,168900.0
2023-05-03,Dubai Marina,Apartment,3,1786.0,True,2804000.0,172200.0
2023-05-03,Arabian Ranches,Villa,4,3431.0,False,6492000.0,409000.0
2023-05-04,Arabian Ranches,Apartment,0,507.0,False,667000.0,33900.0
2023-05-04,Downtown Dubai,Apartment,1,914.0,False,2722000.0,161500.0
2023-05-04,Dubai South,Apartment,3,1634.0,False,1320000.0,95000.0
2023-05-04,Dubai Marina,Apartment,3,1824.0,True,3308000.0,199400.0
2023-05-04,Jumeirah Lake Towers,Apartment,3,2113.0,True,2644000.0,187600.0
2023-05-04,Business Bay,Apartment,0,371.0,True,824000.0,48600.0
2023-05-05,Downtown Dubai,Apartment,1,762.0,True,1863000.0,106200.0
2023-05-05,Dubai Hills Estate,Apartment,2,1348.0,True,2277000.0,134200.0
2023-05-06,Arabian Ranches,Townhouse,3,2553.0,False,3232000.0,168500.0
2023-05-06,Dubai South,Apartment,2,1352.0,True,930000.0,79500.0
2023-05-06,International City,Apartment,2,1393.0,False,567000.0,55300.0
2023-05-06,Business Bay,Apartment,1,1080.0,False,2261000.0,176500.0
2023-05-06,Dubai Hills Estate,Villa,4,2903.0,False,5444000.0,320100.0
2023-05-06,Dubai Hills Estate,Apartment,3,1676.0,False,3145000.0,198500.0
2023-05-06,Downtown Dubai,Apartment,1,1000.0,True,2262000.0,126800.0
2023-05-06,Dubai Hills Estate,Apartment,2,1215.0,True,2038000.0,94300.0
2023-05-07,Dubai South,Villa,4,3205.0,True,2474000.0,183600.0
2023-05-07,Dubai Marina,Apartment,2,1229.0,True,2211000.0,134600.0
2023-05-07,Jumeirah Village Circle,Apartment,3,1707.0,False,1566000.0,102700.0
2023-05-07,Dubai Hills Estate,Villa,6,4321.0,True,7081000.0,415000.0
2023-05-07,Downtown Dubai,Apartment,3,1868.0,False,5375000.0,284500.0
2023-05-08,Dubai Marina,Apartment,0,429.0,False,1033000.0,65000.0
2023-05-08,Dubai South,Apartment,0,650.0,True,714000.0,56900.0
2023-05-09,Business Bay,Apartment,1,919.0,True,1691000.0,126400.0
2023-05-09,Downtown Dubai,Apartment,3,1582.0,False,4666000.0,248400.0
2023-05-09,Jumeirah Village Circle,Apartment,3,1901.0,True,1801000.0,153900.0
2023-05-09,Dubai South,Apartment,0,491.0,True,402000.0,30600.0
2023-05-09,Dubai Hills Estate,Apartment,2,1193.0,False,1946000.0,113600.0
2023-05-09,Jumeirah Village Circle,Apartment,3,1795.0,True,2032000.0,168900.0
2023-05-10,Business Bay,Apartment,0,508.0,True,909000.0,53700.0
2023-05-10,Jumeirah Lake Towers,Apartment,3,1972.0,False,2651000.0,224100.0
2023-05-11,International City,Apartment,1,918.0,True,426000.0,37000.0
2023-05-11,Jumeirah Lake Towers,Apartment,3,1640.0,False,2024000.0,157400.0
2023-05-11,Dubai Marina,Apartment,0,441.0,False,1026000.0,60400.0
2023-05-11,Dubai Marina,Apartment,0,582.0,False,1206000.0,104600.0
2023-05-11,Dubai South,Apartment,1,765.0,True,553000.0,40400.0
2023-05-11,Dubai South,Villa,5,3998.0,False,3403000.0,287800.0
2023-05-12,Dubai South,Apartment,0,465.0,False,351000.0,22800.0
2023-05-12,Dubai Marina,Apartment,3,1768.0,False,3672000.0,201100.0
2023-05-12,Arabian Ranches,Villa,4,3378.0,False,4474000.0,227900.0
2023-05-12,Arabian Ranches,Villa,4,3624.0,True,4713000.0,231200.0
2023-05-12,Dubai South,Apartment,3,1597.0,False,1153000.0,85500.0
2023-05-14,International City,Apartment,0,661.0,False,396000.0,36200.0
2023-05-14,Arabian Ranches,Apartment,2,1150.0,False,1722000.0,103600.0
2023-05-14,Jumeirah Lake Towers,Apartment,3,1731.0,False,2224000.0,179800.0
2023-05-14,Dubai Hills Estate,Apartment,2,1556.0,False,2348000.0,153400.0
2023-05-14,Business Bay,Apartment,1,831.0,False,1613000.0,101000.0
2023-05-14,Business Bay,Apartment,1,920.0,False,2013000.0,105600.0
2023-05-14,Business Bay,Apartment,2,1346.0,True,2121000.0,154900.0
2023-05-14,Business Bay,Apartment,1,862.0,False,1763000.0,115500.0
2023-05-15,Jumeirah Village Circle,Apartment,2,1138.0,False,1457000.0,109900.0
2023-05-15,Business Bay,Apartment,0,483.0,False,1001000.0,65500.0
2023-05-15,International City,Apartment,3,1606.0,True,891000.0,76400.0
2023-05-16,Dubai Marina,Apartment,3,1463.0,True,2898000.0,187400.0
2023-05-16,Business Bay,Apartment,2,1124.0,False,2022000.0,148800.0
2023-05-16,Dubai Hills Estate,Apartment,1,946.0,False,2026000.0,108800.0
2023-05-16,Jumeirah Lake Towers,Townhouse,3,2783.0,True,3220000.0,230600.0
2023-05-16,Business Bay,Apartment,1,855.0,False,1750000.0,102400.0
2023-05-17,Jumeirah Lake Towers,Apartment,1,904.0,True,1263000.0,94700.0
2023-05-17,Arabian Ranches,Apartment,0,601.0,False,1022000.0,66700.0
2023-05-17,Jumeirah Village Circle,Apartment,3,1689.0,False,1576000.0,119600.0
2023-05-18,Arabian Ranches,Apartment,1,960.0,True,1291000.0,71900.0
2023-05-18,Jumeirah Village Circle,Apartment,0,740.0,True,738000.0,62900.0
2023-05-18,Dubai Marina,Apartment,0,422.0,True,813000.0,47200.0
2023-05-18,Jumeirah Village Circle,Apartment,0,300.0,True,259000.0,20300.0
2023-05-19,Downtown Dubai,Apartment,2,1326.0,False,3337000.0,205500.0
2023-05-19,Arabian Ranches,Apartment,0,419.0,False,603000.0,32400.0
2023-05-20,Downtown Dubai,Apartment,0,457.0,True,1115000.0,62400.0
2023-05-20,Business Bay,Apartment,0,448.0,True,900000.0,55700.0
2023-05-20,Dubai South,Apartment,0,420.0,True,393000.0,29500.0
2023-05-20,Dubai South,Villa,6,4417.0,False,3884000.0,270900.0
2023-05-20,Business Bay,Apartment,2,1432.0,False,2928000.0,199400.0
2023-05-21,Business Bay,Apartment,2,1170.0,True,2132000.0,134200.0
2023-05-21,Downtown Dubai,Apartment,3,1956.0,False,5567000.0,296900.0
2023-05-22,Business Bay,Apartment,0,375.0,True,730000.0,47400.0
2023-05-22,Palm Jumeirah,Villa,5,4135.0,False,14351000.0,667300.0
2023-05-23,Dubai Hills Estate,Apartment,0,426.0,False,722000.0,46700.0
2023-05-23,Jumeirah Village Circle,Apartment,3,1907.0,True,1781000.0,177800.0
2023-05-23,Arabian Ranches,Apartment,1,959.0,True,1236000.0,66900.0
2023-05-23,Arabian Ranches,Apartment,3,1176.0,False,1545000.0,93800.0
2023-05-24,Jumeirah Village Circle,Apartment,3,1342.0,False,1421000.0,96500.0
2023-05-24,Jumeirah Lake Towers,Apartment,3,1630.0,True,1912000.0,141100.0
2023-05-25,Palm Jumeirah,Apartment,0,446.0,True,1796000.0,93900.0
2023-05-25,Arabian Ranches,Apartment,0,300.0,False,409000.0,22100.0
2023-05-25,Jumeirah Lake Towers,Apartment,2,1446.0,False,2180000.0,152900.0
2023-05-26,Dubai Marina,Apartment,2,1321.0,False,3056000.0,200100.0
2023-05-26,Business Bay,Apartment,3,1377.0,False,2847000.0,162100.0
2023-05-26,Downtown Dubai,Apartment,2,1563.0,False,3634000.0,222100.0
2023-05-26,Dubai Hills Estate,Townhouse,6,2997.0,False,5094000.0,354100.0
2023-05-27,Dubai South,Apartment,3,1672.0,True,1551000.0,105800.0
2023-05-27,Jumeirah Village Circle,Apartment,3,2048.0,False,2009000.0,163200.0
2023-05-27,Dubai South,Villa,4,3251.0,True,3023000.0,269400.0
2023-05-28,Downtown Dubai,Apartment,1,935.0,False,2300000.0,125800.0
2023-05-28,Downtown Dubai,Apartment,1,858.0,False,2411000.0,134400.0
2023-05-28,Dubai Marina,Apartment,1,980.0,False,1848000.0,105100.0
2023-05-28,International City,Apartment,0,455.0,True,200000.0,17600.0
2023-05-28,Dubai Marina,Apartment,0,428.0,False,834000.0,55800.0
2023-05-28,Dubai South,Apartment,3,1735.0,True,1218000.0,105700.0
2023-06-01,Jumeirah Village Circle,Apartment,3,1637.0,False,1776000.0,136100.0
2023-06-01,Dubai South,Apartment,0,427.0,True,355000.0,28200.0
2023-06-02,Jumeirah Lake Towers,Apartment,2,1348.0,False,1381000.0,136300.0
2023-06-02,Downtown Dubai,Apartment,1,1054.0,True,2604000.0,155100.0
2023-06-03,Arabian Ranches,Villa,4,3479.0,True,3332000.0,170300.0
2023-06-03,Dubai Hills Estate,Apartment,2,1059.0,True,1920000.0,103800.0
2023-06-03,Jumeirah Village Circle,Apartment,0,386.0,False,391000.0,30300.0
2023-06-04,Arabian Ranches,Villa,6,4087.0,True,4204000.0,227500.0
2023-06-04,Jumeirah Lake Towers,Apartment,0,392.0,False,460000.0,33200.0
2023-06-04,Jumeirah Village Circle,Apartment,1,924.0,False,1145000.0,78300.0
2023-06-04,Downtown Dubai,Apartment,3,1223.0,True,2774000.0,145900.0
2023-06-04,Dubai Marina,Apartment,3,1546.0,True,3360000.0,202800.0
2023-06-04,Jumeirah Lake Towers,Apartment,0,442.0,True,575000.0,41100.0
2023-06-04,Jumeirah Village Circle,Apartment,1,1098.0,True,1054000.0,77600.0
2023-06-04,Business Bay,Apartment,2,1199.0,True,1934000.0,119900.0
2023-06-05,Dubai Marina,Apartment,0,508.0,True,880000.0,53400.0
2023-06-05,Dubai Marina,Apartment,0,452.0,True,928000.0,55300.0
2023-06-06,Jumeirah Lake Towers,Apartment,0,533.0,True,666000.0,40700.0
2023-06-08,Palm Jumeirah,Apartment,0,344.0,True,949000.0,46400.0
2023-06-09,Dubai Hills Estate,Apartment,0,345.0,True,534000.0,29600.0
2023-06-09,Jumeirah Lake Towers,Apartment,0,385.0,True,427000.0,29100.0
2023-06-09,Jumeirah Village Circle,Apartment,3,1843.0,True,1884000.0,153700.0
2023-06-09,Jumeirah Lake Towers,Apartment,0,380.0,False,564000.0,38400.0
2023-06-10,International City,Apartment,2,1240.0,False,728000.0,60100.0
2023-06-11,Arabian Ranches,Villa,3,2902.0,True,3614000.0,179300.0
2023-06-11,Jumeirah Village Circle,Apartment,1,840.0,False,960000.0,83100.0
2023-06-11,Jumeirah Village Circle,Apartment,2,1410.0,True,1151000.0,107700.0
2023-06-12,Dubai Hills Estate,Townhouse,4,3046.0,False,5045000.0,363800.0
2023-06-12,Palm Jumeirah,Villa,6,4307.0,False,12902000.0,642000.0
2023-06-12,Downtown Dubai,Apartment,0,407.0,True,988000.0,43300.0
2023-06-13,Dubai Marina,Apartment,2,1518.0,False,2606000.0,163600.0
2023-06-13,Arabian Ranches,Villa,4,4092.0,False,7142000.0,373800.0
2023-06-13,Business Bay,Apartment,0,492.0,False,1049000.0,74300.0
2023-06-13,Arabian Ranches,Apartment,3,1701.0,True,2018000.0,109400.0
2023-06-13,Jumeirah Lake Towers,Apartment,1,791.0,False,918000.0,65800.0
2023-06-13,Arabian Ranches,Apartment,3,1751.0,True,2825000.0,152400.0
2023-06-14,Jumeirah Lake Towers,Apartment,2,1145.0,False,1561000.0,112700.0
2023-06-14,Jumeirah Village Circle,Apartment,2,1403.0,True,1148000.0,87100.0
2023-06-15,Downtown Dubai,Apartment,1,1013.0,True,2191000.0,137300.0
2023-06-15,Downtown Dubai,Townhouse,3,2816.0,False,7807000.0,442600.0
2023-06-16,Business Bay,Apartment,0,481.0,True,953000.0,60700.0
2023-06-16,International City,Apartment,0,458.0,True,209000.0,18600.0
2023-06-16,International City,Apartment,1,977.0,True,454000.0,41200.0
2023-06-17,Jumeirah Village Circle,Townhouse,4,2751.0,False,2904000.0,244800.0
2023-06-17,Palm Jumeirah,Apartment,2,1297.0,True,4517000.0,224400.0
2023-06-18,Jumeirah Village Circle,Apartment,2,1435.0,True,1307000.0,104200.0
2023-06-18,International City,Apartment,2,979.0,False,470000.0,43600.0
2023-06-19,Dubai Hills Estate,Townhouse,5,3235.0,False,5305000.0,277100.0
2023-06-19,Jumeirah Village Circle,Apartment,1,1056.0,False,1255000.0,93200.0
2023-06-19,Business Bay,Apartment,0,427.0,True,693000.0,39600.0
2023-06-19,Jumeirah Village Circle,Apartment,2,1175.0,False,1345000.0,96400.0
2023-06-19,Dubai Marina,Apartment,2,1291.0,True,2274000.0,135200.0
2023-06-20,Downtown Dubai,Apartment,3,1428.0,True,3446000.0,202300.0
2023-06-20,Downtown Dubai,Apartment,0,370.0,True,935000.0,52700.0
2023-06-20,Business Bay,Apartment,0,618.0,False,1577000.0,106500.0
2023-06-20,Dubai South,Villa,5,4187.0,False,2803000.0,223900.0
2023-06-20,Jumeirah Lake Towers,Apartment,1,887.0,True,1013000.0,69800.0
2023-06-20,Downtown Dubai,Apartment,3,1505.0,False,4593000.0,261900.0
2023-06-20,Dubai Marina,Apartment,1,691.0,True,1443000.0,96400.0
2023-06-20,Jumeirah Lake Towers,Apartment,2,1374.0,True,1890000.0,130200.0
2023-06-21,International City,Apartment,1,727.0,True,397000.0,33800.0
2023-06-21,Dubai Hills Estate,Townhouse,5,3569.0,True,5578000.0,362900.0
2023-06-21,Palm Jumeirah,Apartment,3,1600.0,True,4574000.0,215200.0
2023-06-21,Arabian Ranches,Apartment,0,506.0,False,722000.0,45600.0
2023-06-21,Dubai Marina,Apartment,2,1377.0,True,2273000.0,152600.0
2023-06-22,Dubai Hills Estate,Apartment,0,365.0,False,586000.0,32400.0
2023-06-23,Dubai Hills Estate,Apartment,1,978.0,True,1538000.0,90100.0
2023-06-23,Arabian Ranches,Apartment,2,1266.0,False,1524000.0,80300.0
2023-06-24,Business Bay,Apartment,2,1585.0,False,3476000.0,241800.0
2023-06-24,Dubai Marina,Apartment,1,1006.0,False,2199000.0,119200.0
2023-06-24,Downtown Dubai,Apartment,0,460.0,True,1240000.0,66500.0
2023-06-24,Dubai South,Apartment,1,740.0,False,621000.0,42900.0
2023-06-24,Dubai Hills Estate,Apartment,2,1301.0,True,2053000.0,132300.0
2023-06-25,Dubai Marina,Apartment,0,493.0,False,1083000.0,62000.0
2023-06-26,Dubai South,Apartment,2,1119.0,True,758000.0,57000.0
2023-06-26,Palm Jumeirah,Apartment,1,865.0,False,2302000.0,119900.0
2023-06-26,Jumeirah Lake Towers,Apartment,3,1260.0,False,1444000.0,120200.0
2023-06-26,Arabian Ranches,Apartment,0,359.0,False,486000.0,29200.0
2023-06-26,Jumeirah Lake Towers,Apartment,1,795.0,False,1012000.0,73800.0
2023-06-26,Business Bay,Apartment,0,465.0,False,844000.0,52000.0
2023-06-27,Dubai Marina,Townhouse,5,3060.0,False,5113000.0,289900.0
2023-06-27,Dubai Marina,Apartment,1,809.0,False,1721000.0,124100.0
2023-06-28,Palm Jumeirah,Apartment,2,1310.0,False,4894000.0,254000.0
2023-06-28,Arabian Ranches,Apartment,3,1862.0,True,2026000.0,108200.0
2023-06-28,Downtown Dubai,Apartment,0,417.0,False,868000.0,48400.0
2023-06-28,Palm Jumeirah,Apartment,3,1668.0,False,6418000.0,335200.0
2023-06-28,Dubai Hills Estate,Apartment,2,1327.0,True,1840000.0,114800.0
2023-07-01,Dubai Hills Estate,Apartment,3,1523.0,False,3591000.0,193000.0
2023-07-01,Dubai Marina,Apartment,2,1321.0,True,1978000.0,122000.0
2023-07-01,Dubai Marina,Apartment,1,848.0,True,1619000.0,104000.0
2023-07-01,Palm Jumeirah,Apartment,1,1140.0,False,4009000.0,191700.0
2023-07-01,Business Bay,Apartment,2,1287.0,True,2473000.0,139000.0
2023-07-01,Dubai Marina,Apartment,1,987.0,True,1566000.0,116300.0
2023-07-01,Dubai South,Apartment,1,830.0,False,663000.0,42100.0
2023-07-02,International City,Apartment,0,616.0,False,367000.0,29500.0
2023-07-02,Dubai Marina,Apartment,0,496.0,True,941000.0,58600.0
2023-07-03,Business Bay,Apartment,3,2073.0,True,3866000.0,211500.0
2023-07-03,Jumeirah Lake Towers,Apartment,1,893.0,True,970000.0,64100.0
2023-07-03,International City,Apartment,2,1628.0,False,931000.0,87700.0
2023-07-03,Arabian Ranches,Apartment,1,775.0,False,1021000.0,60000.0
2023-07-04,Dubai South,Apartment,2,1089.0,True,985000.0,80900.0
2023-07-05,Downtown Dubai,Apartment,1,738.0,False,1893000.0,118700.0
2023-07-05,Jumeirah Village Circle,Apartment,0,395.0,False,430000.0,38900.0
2023-07-05,Downtown Dubai,Apartment,2,1338.0,True,2715000.0,157600.0
2023-07-05,Palm Jumeirah,Apartment,1,940.0,True,2663000.0,120900.0
2023-07-06,Palm Jumeirah,Apartment,1,688.0,False,3208000.0,153000.0
2023-07-06,International City,Apartment,3,1555.0,True,688000.0,62500.0
2023-07-06,Palm Jumeirah,Apartment,2,1198.0,True,3960000.0,196100.0
2023-07-06,Jumeirah Lake Towers,Apartment,2,1166.0,False,1286000.0,82000.0
2023-07-07,Arabian Ranches,Apartment,1,834.0,False,1189000.0,75900.0
2023-07-08,Downtown Dubai,Apartment,3,1786.0,False,5419000.0,320600.0
2023-07-08,Dubai South,Apartment,3,1870.0,True,1737000.0,152100.0
2023-07-11,Business Bay,Apartment,0,421.0,True,769000.0,44800.0
2023-07-11,Jumeirah Village Circle,Apartment,3,1652.0,False,1687000.0,134000.0
2023-07-11,Business Bay,Apartment,3,1764.0,False,3414000.0,214200.0
2023-07-12,Jumeirah Village Circle,Townhouse,6,3600.0,True,3316000.0,222200.0
2023-07-12,Palm Jumeirah,Apartment,3,1967.0,False,7953000.0,395100.0
2023-07-12,Dubai South,Apartment,3,1373.0,False,1392000.0,104400.0
2023-07-12,Business Bay,Apartment,3,1886.0,True,3233000.0,204100.0
2023-07-12,Palm Jumeirah,Apartment,1,715.0,False,2030000.0,108100.0
2023-07-13,Dubai South,Apartment,3,1893.0,True,1565000.0,95200.0
2023-07-13,Dubai Marina,Apartment,0,491.0,False,913000.0,49800.0
2023-07-13,Arabian Ranches,Villa,3,2960.0,True,3275000.0,191500.0
2023-07-14,Jumeirah Lake Towers,Apartment,3,1727.0,True,2175000.0,144300.0
2023-07-14,International City,Apartment,2,1150.0,False,523000.0,38100.0
2023-07-14,Arabian Ranches,Apartment,3,1620.0,False,2259000.0,110900.0
2023-07-14,Jumeirah Village Circle,Apartment,0,459.0,True,377000.0,36000.0
2023-07-14,Dubai Marina,Apartment,0,431.0,False,930000.0,55700.0
2023-07-14,Palm Jumeirah,Apartment,1,784.0,False,2937000.0,137200.0
2023-07-15,International City,Apartment,3,1833.0,False,898000.0,75600.0
2023-07-15,Downtown Dubai,Apartment,3,1417.0,True,3210000.0,172300.0
2023-07-15,Jumeirah Lake Towers,Apartment,2,1043.0,False,1322000.0,93000.0
2023-07-16,International City,Apartment,0,408.0,True,218000.0,21000.0
2023-07-16,Dubai Marina,Apartment,3,1708.0,False,3409000.0,203500.0
2023-07-16,Jumeirah Village Circle,Apartment,2,991.0,True,892000.0,68300.0
2023-07-17,Downtown Dubai,Apartment,1,739.0,False,2138000.0,120900.0
2023-07-18,Dubai South,Apartment,0,383.0,False,357000.0,28600.0
2023-07-18,International City,Apartment,1,995.0,True,382000.0,36900.0
2023-07-18,Arabian Ranches,Apartment,3,1354.0,False,2200000.0,139300.0
2023-07-18,Business Bay,Apartment,3,1667.0,True,3447000.0,190800.0
2023-07-18,Jumeirah Lake Towers,Apartment,1,998.0,True,1214000.0,85500.0
2023-07-18,Jumeirah Lake Towers,Apartment,1,952.0,True,1047000.0,70600.0
2023-07-19,Palm Jumeirah,Apartment,3,1938.0,False,7532000.0,423100.0
2023-07-19,Downtown Dubai,Apartment,1,828.0,False,1876000.0,96700.0
2023-07-19,Palm Jumeirah,Apartment,0,400.0,True,1212000.0,61900.0
2023-07-20,Downtown Dubai,Apartment,2,1502.0,False,3451000.0,175300.0
2023-07-21,Downtown Dubai,Apartment,0,451.0,True,997000.0,65500.0
2023-07-21,Arabian Ranches,Apartment,1,764.0,False,992000.0,59500.0
2023-07-21,Palm Jumeirah,Apartment,1,707.0,True,2862000.0,148800.0
2023-07-22,Dubai South,Apartment,0,391.0,True,247000.0,20500.0
2023-07-22,Business Bay,Apartment,3,1625.0,False,3286000.0,212800.0
2023-07-22,International City,Apartment,0,502.0,True,239000.0,18200.0
2023-07-23,International City,Apartment,2,1202.0,False,747000.0,72500.0
2023-07-24,Dubai Hills Estate,Apartment,0,465.0,False,994000.0,55500.0
2023-07-25,Dubai Marina,Townhouse,6,3681.0,True,6885000.0,443800.0
2023-07-25,Jumeirah Lake Towers,Apartment,1,740.0,False,874000.0,61000.0
2023-07-26,Palm Jumeirah,Apartment,3,1637.0,True,6286000.0,243800.0
2023-07-27,Dubai Marina,Apartment,2,1357.0,False,2336000.0,141900.0
2023-07-27,Jumeirah Lake Towers,Townhouse,6,3987.0,False,6499000.0,415400.0
2023-07-27,Dubai South,Apartment,2,1299.0,True,899000.0,64200.0
2023-07-27,Business Bay,Apartment,1,777.0,False,1815000.0,125600.0
2023-07-27,Business Bay,Apartment,2,1349.0,False,2464000.0,168500.0
2023-07-27,Dubai South,Apartment,3,1670.0,True,1600000.0,112000.0
2023-07-28,Arabian Ranches,Apartment,1,700.0,False,909000.0,49100.0
2023-07-28,Palm Jumeirah,Villa,6,4395.0,True,15378000.0,790900.0
2023-08-01,Jumeirah Village Circle,Apartment,2,1318.0,True,1076000.0,82700.0
2023-08-01,Dubai South,Apartment,3,1473.0,True,1062000.0,74500.0
2023-08-01,International City,Apartment,1,803.0,False,389000.0,32400.0
2023-08-01,Dubai Hills Estate,Apartment,3,1746.0,False,3210000.0,190800.0
2023-08-01,Downtown Dubai,Apartment,0,439.0,True,1032000.0,61300.0
2023-08-02,Arabian Ranches,Apartment,0,300.0,False,481000.0,28600.0
2023-08-02,Arabian Ranches,Apartment,2,1235.0,False,1684000.0,102200.0
2023-08-03,Dubai Marina,Apartment,2,1309.0,False,2225000.0,122200.0
2023-08-03,Dubai Hills Estate,Villa,5,4320.0,True,10064000.0,508700.0
2023-08-03,Dubai Marina,Apartment,1,764.0,False,1596000.0,88300.0
2023-08-03,Downtown Dubai,Apartment,3,1950.0,False,4195000.0,218900.0
2023-08-03,Arabian Ranches,Apartment,1,838.0,False,1031000.0,60300.0
2023-08-03,Jumeirah Lake Towers,Apartment,2,1304.0,True,1772000.0,127500.0
2023-08-04,Dubai Hills Estate,Apartment,0,521.0,True,780000.0,40500.0
2023-08-04,Jumeirah Village Circle,Apartment,1,698.0,True,693000.0,49500.0
2023-08-04,Dubai Marina,Apartment,0,515.0,True,1039000.0,70600.0
2023-08-04,Arabian Ranches,Apartment,0,559.0,False,852000.0,43100.0
2023-08-04,International City,Apartment,0,419.0,False,193000.0,20800.0
2023-08-04,Dubai Marina,Apartment,3,1672.0,False,2852000.0,170800.0
2023-08-04,Jumeirah Lake Towers,Apartment,2,1469.0,False,2031000.0,131100.0
2023-08-05,Arabian Ranches,Villa,5,3796.0,True,4047000.0,204800.0
2023-08-05,Arabian Ranches,Apartment,3,1732.0,True,1813000.0,89300.0
2023-08-05,Business Bay,Apartment,2,1352.0,False,1874000.0,120900.0
2023-08-06,Dubai South,Townhouse,4,2864.0,True,2498000.0,181300.0
2023-08-06,Downtown Dubai,Apartment,0,552.0,False,1385000.0,80100.0
2023-08-06,Palm Jumeirah,Apartment,1,816.0,False,3368000.0,173900.0
2023-08-06,Dubai Hills Estate,Apartment,2,1438.0,False,2677000.0,162300.0
2023-08-06,Jumeirah Village Circle,Apartment,2,1366.0,True,1429000.0,138900.0
2023-08-07,Palm Jumeirah,Townhouse,5,3486.0,False,14498000.0,784200.0
2023-08-07,Jumeirah Village Circle,Apartment,0,393.0,True,421000.0,30100.0
2023-08-07,Jumeirah Lake Towers,Apartment,0,582.0,False,767000.0,60700.0
2023-08-07,Dubai South,Apartment,2,1089.0,True,968000.0,79500.0
2023-08-07,Dubai Hills Estate,Apartment,3,1959.0,False,3875000.0,242600.0
2023-08-07,Arabian Ranches,Apartment,1,661.0,False,867000.0,46200.0
2023-08-08,Dubai Hills Estate,Apartment,1,645.0,True,1080000.0,52700.0
2023-08-08,Jumeirah Lake Towers,Apartment,2,1512.0,False,2150000.0,176400.0
2023-08-08,International City,Apartment,3,1863.0,True,981000.0,102100.0
2023-08-08,Palm Jumeirah,Apartment,0,488.0,True,1554000.0,78300.0
2023-08-09,Dubai South,Apartment,0,448.0,True,374000.0,26600.0
2023-08-09,Palm Jumeirah,Villa,4,3615.0,False,12155000.0,558900.0
2023-08-09,Dubai Marina,Apartment,3,1591.0,False,3061000.0,201600.0
2023-08-09,Palm Jumeirah,Apartment,3,1718.0,False,6053000.0,239700.0
2023-08-10,Palm Jumeirah,Apartment,0,404.0,False,1667000.0,91800.0
2023-08-10,Dubai South,Villa,6,4043.0,False,2636000.0,208300.0
2023-08-10,Arabian Ranches,Townhouse,6,3159.0,True,3466000.0,171600.0
2023-08-10,Dubai South,Apartment,2,1149.0,False,863000.0,61000.0
2023-08-10,Jumeirah Lake Towers,Apartment,2,1245.0,True,1440000.0,105600.0
2023-08-11,Downtown Dubai,Apartment,3,1380.0,False,3536000.0,206600.0
2023-08-11,International City,Apartment,0,363.0,False,220000.0,17300.0
2023-08-11,Dubai Hills Estate,Villa,6,3983.0,False,8240000.0,395100.0
2023-08-11,Jumeirah Village Circle,Apartment,2,1103.0,False,928000.0,72200.0
2023-08-12,Jumeirah Village Circle,Apartment,0,322.0,False,351000.0,26500.0
2023-08-13,Downtown Dubai,Apartment,0,532.0,False,1563000.0,87800.0
2023-08-13,International City,Apartment,2,1297.0,False,678000.0,57000.0
2023-08-13,International City,Apartment,3,1683.0,False,932000.0,78000.0
2023-08-13,Business Bay,Apartment,3,1736.0,True,3313000.0,222800.0
2023-08-13,Palm Jumeirah,Townhouse,3,2658.0,True,8499000.0,487800.0
2023-08-13,Jumeirah Lake Towers,Apartment,1,776.0,True,991000.0,80100.0
2023-08-13,Jumeirah Lake Towers,Apartment,3,1862.0,True,2165000.0,141000.0
2023-08-13,Downtown Dubai,Apartment,1,1068.0,False,2911000.0,166000.0
2023-08-14,Business Bay,Apartment,1,1002.0,False,2158000.0,134500.0
2023-08-14,Dubai South,Villa,5,3919.0,False,4248000.0,362300.0
2023-08-15,Downtown Dubai,Apartment,3,1695.0,True,5843000.0,308400.0
2023-08-15,International City,Apartment,3,1755.0,False,1005000.0,91700.0
2023-08-15,Downtown Dubai,Apartment,3,1416.0,True,4476000.0,246400.0
2023-08-15,Jumeirah Village Circle,Apartment,0,385.0,False,362000.0,31100.0
2023-08-17,International City,Apartment,2,1164.0,True,558000.0,59900.0
2023-08-17,Palm Jumeirah,Apartment,3,2002.0,False,6758000.0,291500.0
2023-08-17,Business Bay,Apartment,3,1942.0,False,3802000.0,242600.0
2023-08-17,Dubai South,Apartment,3,1519.0,False,1041000.0,68300.0
2023-08-17,Arabian Ranches,Apartment,1,797.0,False,966000.0,51500.0
2023-08-17,Jumeirah Lake Towers,Apartment,2,1414.0,False,1790000.0,122800.0
2023-08-18,Dubai South,Apartment,0,300.0,True,258000.0,14600.0
2023-08-18,Dubai Hills Estate,Apartment,2,1195.0,False,1891000.0,112000.0
2023-08-19,International City,Apartment,0,496.0,False,261000.0,22500.0
2023-08-19,Jumeirah Village Circle,Apartment,3,1976.0,True,1770000.0,153800.0
2023-08-19,Jumeirah Village Circle,Apartment,0,413.0,False,520000.0,39100.0
2023-08-20,Business Bay,Apartment,0,493.0,False,905000.0,65000.0
2023-08-20,Arabian Ranches,Apartment,3,1871.0,True,2380000.0,130800.0
2023-08-21,Arabian Ranches,Apartment,3,1944.0,False,2665000.0,157500.0
2023-08-22,Jumeirah Village Circle,Apartment,2,1561.0,True,1528000.0,123300.0
2023-08-22,Arabian Ranches,Apartment,0,481.0,False,702000.0,35100.0
2023-08-22,Jumeirah Village Circle,Apartment,2,1378.0,False,1517000.0,123400.0
2023-08-22,Dubai Hills Estate,Townhouse,3,2192.0,False,4266000.0,249400.0
2023-08-22,Downtown Dubai,Townhouse,3,2436.0,False,5989000.0,317900.0
2023-08-22,Downtown Dubai,Apartment,0,442.0,False,1233000.0,60300.0
2023-08-23,International City,Apartment,1,900.0,False,552000.0,51200.0
2023-08-23,Dubai Hills Estate,Villa,4,3610.0,False,7933000.0,430200.0
2023-08-23,International City,Apartment,3,1898.0,False,1011000.0,84700.0
2023-08-24,Palm Jumeirah,Apartment,0,347.0,True,1320000.0,67600.0
2023-08-24,Business Bay,Apartment,0,460.0,False,770000.0,48200.0
2023-08-26,Jumeirah Lake Towers,Apartment,0,506.0,True,708000.0,52200.0
2023-08-27,Jumeirah Village Circle,Apartment,0,445.0,False,447000.0,35900.0
2023-08-27,Downtown Dubai,Apartment,3,1718.0,False,3985000.0,206300.0
2023-08-27,Dubai South,Apartment,1,951.0,False,804000.0,53100.0
2023-08-27,Palm Jumeirah,Apartment,0,486.0,True,1629000.0,81800.0
2023-08-28,Arabian Ranches,Villa,6,4457.0,False,5631000.0,343000.0
2023-08-28,International City,Apartment,0,461.0,False,281000.0,27500.0
2023-08-28,Dubai Marina,Apartment,0,474.0,False,896000.0,51900.0
2023-08-28,Dubai South,Villa,6,3812.0,True,3136000.0,212900.0
2023-09-01,Downtown Dubai,Apartment,1,983.0,False,3112000.0,164300.0
2023-09-01,Arabian Ranches,Apartment,1,759.0,False,1043000.0,59800.0
2023-09-01,International City,Apartment,1,946.0,False,532000.0,46800.0
2023-09-01,International City,Apartment,1,779.0,False,433000.0,42500.0
2023-09-01,Arabian Ranches,Apartment,2,1287.0,False,1850000.0,108800.0
2023-09-01,Jumeirah Village Circle,Apartment,1,985.0,False,948000.0,81500.0
2023-09-02,Palm Jumeirah,Villa,6,4908.0,False,18269000.0,1266900.0
2023-09-02,Dubai Marina,Apartment,1,712.0,False,1377000.0,84100.0
2023-09-03,Palm Jumeirah,Apartment,0,510.0,True,1621000.0,74300.0
2023-09-04,International City,Apartment,0,446.0,True,236000.0,20600.0
2023-09-04,Dubai Marina,Apartment,2,1431.0,False,3094000.0,152900.0
2023-09-04,Business Bay,Apartment,2,1406.0,False,3698000.0,233000.0
2023-09-04,Business Bay,Apartment,2,1349.0,False,2291000.0,134800.0
2023-09-04,Jumeirah Village Circle,Apartment,3,1327.0,True,1251000.0,94900.0
2023-09-05,Dubai Hills Estate,Apartment,1,905.0,True,1567000.0,75100.0
2023-09-05,International City,Apartment,2,1250.0,True,613000.0,57300.0
2023-09-05,Dubai South,Apartment,1,788.0,False,788000.0,65900.0
2023-09-06,Downtown Dubai,Apartment,1,742.0,True,1869000.0,109900.0
2023-09-06,Dubai Hills Estate,Apartment,2,1131.0,True,2017000.0,127600.0
2023-09-06,International City,Apartment,2,1126.0,False,572000.0,41300.0
2023-09-07,Jumeirah Lake Towers,Apartment,1,709.0,True,767000.0,47900.0
2023-09-07,Jumeirah Village Circle,Apartment,2,1223.0,False,1091000.0,74400.0
2023-09-07,Dubai Hills Estate,Villa,3,2499.0,False,4981000.0,262900.0
2023-09-08,Dubai Hills Estate,Apartment,0,374.0,True,722000.0,44100.0
2023-09-08,Arabian Ranches,Apartment,2,1445.0,False,1830000.0,106200.0
2023-09-08,Business Bay,Apartment,2,1087.0,False,1871000.0,130600.0
2023-09-09,Dubai Marina,Apartment,2,1588.0,False,3288000.0,211800.0
2023-09-09,International City,Apartment,1,893.0,True,442000.0,42200.0
2023-09-09,Downtown Dubai,Apartment,3,1629.0,False,3664000.0,193900.0
2023-09-09,Downtown Dubai,Apartment,2,1452.0,False,4042000.0,238400.0
2023-09-10,Arabian Ranches,Apartment,0,470.0,True,563000.0,29400.0
2023-09-10,Arabian Ranches,Villa,4,3824.0,False,4183000.0,197100.0
2023-09-11,Dubai Marina,Townhouse,5,3840.0,False,7650000.0,499900.0
2023-09-11,Dubai Marina,Apartment,1,965.0,False,1946000.0,104600.0
2023-09-11,Dubai Marina,Apartment,3,1886.0,False,4276000.0,262200.0
2023-09-11,International City,Apartment,1,763.0,True,315000.0,26100.0
2023-09-11,Dubai Marina,Apartment,0,488.0,False,871000.0,53400.0
2023-09-11,International City,Apartment,2,1061.0,True,534000.0,50500.0
2023-09-12,Dubai Marina,Apartment,3,1715.0,False,3787000.0,212200.0
2023-09-12,Dubai Marina,Apartment,0,472.0,True,850000.0,54000.0
2023-09-12,Dubai Hills Estate,Villa,5,4039.0,True,8215000.0,537700.0
2023-09-12,Business Bay,Apartment,2,1119.0,False,2381000.0,134600.0
2023-09-12,Arabian Ranches,Apartment,1,1003.0,False,1475000.0,79800.0
2023-09-12,Palm Jumeirah,Apartment,2,1159.0,False,3575000.0,165800.0
2023-09-12,Jumeirah Lake Towers,Apartment,0,426.0,False,619000.0,58700.0
2023-09-12,Jumeirah Lake Towers,Apartment,1,975.0,True,1402000.0,115500.0
2023-09-12,Dubai South,Apartment,2,1442.0,True,1138000.0,85700.0
2023-09-12,Downtown Dubai,Apartment,0,372.0,True,1042000.0,62800.0
2023-09-12,Jumeirah Lake Towers,Apartment,2,1158.0,False,1651000.0,137400.0
2023-09-12,Dubai South,Apartment,0,402.0,False,348000.0,28800.0
2023-09-13,International City,Apartment,0,444.0,False,230000.0,19600.0
2023-09-13,Downtown Dubai,Apartment,0,428.0,False,1089000.0,52500.0
2023-09-14,Dubai Marina,Apartment,1,976.0,True,1837000.0,109000.0
2023-09-14,Palm Jumeirah,Apartment,2,1105.0,False,3822000.0,158200.0
2023-09-14,Dubai Marina,Apartment,2,1291.0,True,2769000.0,193700.0
2023-09-15,Jumeirah Village Circle,Apartment,3,1738.0,False,2133000.0,180600.0
2023-09-15,Dubai Hills Estate,Apartment,2,1223.0,True,2320000.0,104600.0
2023-09-15,Palm Jumeirah,Villa,6,4326.0,False,16229000.0,817500.0
2023-09-15,Downtown Dubai,Apartment,2,1186.0,True,3083000.0,164300.0
2023-09-16,Dubai Marina,Apartment,3,1927.0,True,3873000.0,233100.0
2023-09-16,Dubai Marina,Apartment,3,1837.0,False,3398000.0,231500.0
2023-09-16,Palm Jumeirah,Townhouse,4,3152.0,True,9858000.0,482400.0
2023-09-16,Arabian Ranches,Apartment,2,1143.0,True,1556000.0,97100.0
2023-09-16,International City,Apartment,2,1523.0,False,744000.0,62900.0
2023-09-17,Dubai Marina,Apartment,0,556.0,True,1031000.0,62100.0
2023-09-17,Dubai South,Apartment,3,1850.0,False,1500000.0,108100.0
2023-09-18,Downtown Dubai,Apartment,3,1656.0,True,4383000.0,274200.0
2023-09-18,Arabian Ranches,Apartment,0,580.0,True,739000.0,48100.0
2023-09-18,Palm Jumeirah,Apartment,1,817.0,False,2799000.0,123200.0
2023-09-18,Dubai Marina,Apartment,0,613.0,True,1371000.0,94300.0
2023-09-18,Arabian Ranches,Apartment,0,397.0,False,650000.0,34500.0
2023-09-19,International City,Apartment,2,1176.0,True,597000.0,47900.0
2023-09-19,Business Bay,Apartment,1,880.0,False,1348000.0,76100.0
2023-09-19,International City,Apartment,1,1079.0,False,595000.0,49300.0
2023-09-19,Dubai South,Apartment,3,1673.0,False,1335000.0,94900.0
2023-09-19,Dubai South,Apartment,0,554.0,False,497000.0,39800.0
2023-09-20,Palm Jumeirah,Apartment,3,1516.0,True,5048000.0,258400.0
2023-09-20,Dubai South,Apartment,1,865.0,False,726000.0,49300.0
2023-09-21,Dubai Marina,Apartment,1,768.0,True,1170000.0,80300.0
2023-09-21,Jumeirah Village Circle,Apartment,1,875.0,False,1114000.0,86000.0
2023-09-22,Palm Jumeirah,Apartment,0,495.0,True,1485000.0,78400.0
2023-09-22,Arabian Ranches,Apartment,1,897.0,True,1057000.0,54100.0
2023-09-22,Dubai South,Apartment,1,778.0,True,569000.0,40200.0
2023-09-22,Jumeirah Village Circle,Apartment,0,388.0,True,333000.0,23700.0
2023-09-23,Palm Jumeirah,Apartment,2,1289.0,False,4744000.0,231100.0
2023-09-24,International City,Apartment,1,696.0,False,339000.0,27200.0
2023-09-24,Dubai Hills Estate,Apartment,1,795.0,False,1244000.0,75500.0
2023-09-24,Arabian Ranches,Apartment,1,895.0,False,1149000.0,69500.0
2023-09-25,Dubai Hills Estate,Apartment,2,1461.0,True,2720000.0,176300.0
2023-09-25,Dubai South,Apartment,2,1294.0,False,1100000.0,78600.0
2023-09-26,Dubai Marina,Apartment,1,932.0,False,1808000.0,99100.0
2023-09-26,Downtown Dubai,Apartment,2,1266.0,False,3423000.0,203800.0
2023-09-26,Arabian Ranches,Apartment,1,1018.0,False,1321000.0,77100.0
2023-09-27,Business Bay,Apartment,2,1269.0,False,2474000.0,150800.0
2023-09-27,Jumeirah Lake Towers,Apartment,0,600.0,True,720000.0,48500.0
2023-09-27,Downtown Dubai,Apartment,0,405.0,False,1365000.0,71800.0
2023-09-27,Dubai Marina,Apartment,2,1357.0,False,3051000.0,180700.0
2023-09-27,Jumeirah Lake Towers,Apartment,0,507.0,False,788000.0,59400.0
2023-09-27,Palm Jumeirah,Apartment,2,1186.0,False,4123000.0,214200.0
2023-09-27,International City,Apartment,1,709.0,True,383000.0,35900.0
2023-09-27,Jumeirah Lake Towers,Apartment,0,359.0,False,465000.0,35000.0
2023-09-28,Dubai Marina,Apartment,0,375.0,True,840000.0,55600.0
2023-09-28,International City,Apartment,2,1465.0,False,840000.0,83700.0
2023-09-28,Jumeirah Village Circle,Apartment,3,1375.0,False,1379000.0,103500.0
2023-10-01,Palm Jumeirah,Apartment,0,373.0,False,1275000.0,60300.0
2023-10-01,Dubai Marina,Apartment,3,1780.0,True,3471000.0,225100.0
2023-10-02,Business Bay,Apartment,2,1347.0,False,2270000.0,180500.0
2023-10-02,Jumeirah Lake Towers,Apartment,2,1217.0,False,1513000.0,123400.0
2023-10-02,Downtown Dubai,Apartment,3,1586.0,True,3829000.0,222100.0
2023-10-03,Dubai Hills Estate,Apartment,2,1406.0,True,2487000.0,135100.0
2023-10-03,Dubai South,Apartment,2,1204.0,False,949000.0,71400.0
2023-10-03,Jumeirah Village Circle,Apartment,0,477.0,True,377000.0,30500.0
2023-10-03,Dubai Marina,Apartment,3,1556.0,False,3080000.0,199400.0
2023-10-03,Dubai South,Townhouse,3,2590.0,True,2158000.0,182800.0
2023-10-03,Jumeirah Village Circle,Apartment,3,1878.0,False,1536000.0,108000.0
2023-10-03,Business Bay,Apartment,0,406.0,False,770000.0,56900.0
2023-10-03,Downtown Dubai,Apartment,0,429.0,True,1213000.0,75700.0
2023-10-04,Dubai Hills Estate,Apartment,3,1736.0,False,3206000.0,178500.0
2023-10-04,Downtown Dubai,Apartment,0,443.0,False,1316000.0,69000.0
2023-10-04,Jumeirah Village Circle,Apartment,2,1315.0,True,1307000.0,104500.0
2023-10-05,Dubai Marina,Apartment,2,1213.0,False,1969000.0,130300.0
2023-10-05,Downtown Dubai,Apartment,2,1400.0,True,4431000.0,243900.0
2023-10-05,Jumeirah Village Circle,Apartment,0,407.0,False,565000.0,44100.0
2023-10-05,Palm Jumeirah,Apartment,2,1329.0,True,3944000.0,172200.0
2023-10-05,Palm Jumeirah,Apartment,3,1490.0,True,5146000.0,251400.0
2023-10-06,Palm Jumeirah,Apartment,2,1317.0,False,4638000.0,223500.0
2023-10-06,International City,Apartment,1,917.0,True,424000.0,41800.0
2023-10-06,Business Bay,Apartment,0,479.0,False,1033000.0,66800.0
2023-10-06,Jumeirah Village Circle,Apartment,0,434.0,True,391000.0,31300.0
2023-10-07,Dubai Hills Estate,Apartment,2,1058.0,False,2112000.0,125900.0
2023-10-07,Dubai South,Apartment,0,450.0,True,351000.0,25600.0
2023-10-07,Downtown Dubai,Apartment,1,780.0,True,2142000.0,100000.0
2023-10-08,International City,Apartment,1,816.0,False,561000.0,44800.0
2023-10-08,Dubai Hills Estate,Apartment,2,1315.0,True,2189000.0,134800.0
2023-10-08,Jumeirah Lake Towers,Apartment,2,1246.0,True,1848000.0,126700.0
2023-10-08,Business Bay,Apartment,0,394.0,True,730000.0,47200.0
2023-10-08,Jumeirah Lake Towers,Apartment,2,1099.0,False,1552000.0,111100.0
2023-10-09,Dubai Marina,Apartment,0,359.0,True,799000.0,42900.0
2023-10-09,Palm Jumeirah,Villa,3,3171.0,False,11066000.0,554100.0
2023-10-09,Palm Jumeirah,Villa,6,3829.0,False,16044000.0,888500.0
2023-10-09,Dubai Hills Estate,Apartment,2,1255.0,False,2306000.0,120200.0
2023-10-10,Business Bay,Apartment,1,996.0,True,2049000.0,117500.0
2023-10-10,Dubai Hills Estate,Townhouse,4,3013.0,True,5265000.0,311800.0
2023-10-10,Arabian Ranches,Apartment,2,1554.0,False,2191000.0,136900.0
2023-10-10,Dubai Hills Estate,Apartment,1,982.0,False,1706000.0,84900.0
2023-10-10,Dubai South,Apartment,1,732.0,False,541000.0,42900.0
2023-10-10,Business Bay,Apartment,1,1058.0,False,1933000.0,122100.0
2023-10-11,Jumeirah Village Circle,Apartment,1,879.0,False,1002000.0,69500.0
2023-10-11,Jumeirah Lake Towers,Apartment,1,819.0,False,1273000.0,107100.0
2023-10-11,Business Bay,Apartment,0,329.0,True,543000.0,35600.0
2023-10-11,Downtown Dubai,Apartment,2,1170.0,False,3415000.0,183200.0
2023-10-11,Palm Jumeirah,Apartment,1,824.0,False,2922000.0,139700.0
2023-10-12,International City,Apartment,3,1759.0,False,889000.0,65300.0
2023-10-12,Jumeirah Lake Towers,Apartment,3,1643.0,True,1908000.0,136800.0
2023-10-12,Dubai South,Apartment,2,1454.0,False,1186000.0,90300.0
2023-10-13,International City,Apartment,0,538.0,False,281000.0,21600.0
2023-10-13,Palm Jumeirah,Apartment,2,1207.0,True,3721000.0,172900.0
2023-10-13,Jumeirah Village Circle,Apartment,2,1241.0,True,1435000.0,125600.0
2023-10-13,Jumeirah Lake Towers,Apartment,0,445.0,True,582000.0,40100.0
2023-10-13,Dubai South,Apartment,1,783.0,True,676000.0,54100.0
2023-10-14,Arabian Ranches,Townhouse,6,3152.0,False,4384000.0,221100.0
2023-10-14,International City,Apartment,2,1382.0,False,629000.0,52400.0
2023-10-14,Palm Jumeirah,Apartment,2,1492.0,False,5057000.0,233300.0
2023-10-14,International City,Apartment,3,1745.0,False,831000.0,76000.0
2023-10-14,Business Bay,Apartment,3,1840.0,False,4224000.0,294800.0
2023-10-14,Palm Jumeirah,Villa,6,4275.0,False,14106000.0,748000.0
2023-10-15,Palm Jumeirah,Apartment,3,2062.0,True,6853000.0,350500.0
2023-10-15,Jumeirah Village Circle,Apartment,1,907.0,False,1021000.0,84300.0
2023-10-15,Dubai Marina,Apartment,0,549.0,False,1232000.0,64400.0
2023-10-15,Business Bay,Apartment,1,939.0,False,1936000.0,111300.0
2023-10-15,Dubai Marina,Apartment,0,439.0,True,778000.0,44200.0
2023-10-15,Dubai South,Apartment,1,634.0,False,555000.0,49000.0
2023-10-17,International City,Apartment,2,1155.0,True,607000.0,54700.0
2023-10-17,Dubai Marina,Apartment,2,1312.0,False,2403000.0,144300.0
2023-10-18,Jumeirah Lake Towers,Apartment,0,454.0,True,507000.0,43300.0
2023-10-18,Jumeirah Village Circle,Apartment,1,875.0,False,1030000.0,87400.0
2023-10-19,Palm Jumeirah,Apartment,2,1135.0,True,3843000.0,219700.0
2023-10-19,Jumeirah Village Circle,Apartment,0,480.0,False,555000.0,52200.0
2023-10-20,International City,Apartment,0,468.0,True,232000.0,22200.0
2023-10-20,Jumeirah Lake Towers,Apartment,0,537.0,False,744000.0,53500.0
2023-10-20,Palm Jumeirah,Apartment,1,783.0,False,2456000.0,111500.0
2023-10-20,Business Bay,Apartment,1,688.0,True,1457000.0,85200.0
2023-10-20,Arabian Ranches,Apartment,0,390.0,True,450000.0,25700.0
2023-10-21,International City,Apartment,0,475.0,True,235000.0,22900.0
2023-10-21,Downtown Dubai,Apartment,3,1688.0,False,5344000.0,291900.0
2023-10-21,Dubai Marina,Apartment,1,840.0,False,1716000.0,107400.0
2023-10-21,Jumeirah Lake Towers,Apartment,3,1793.0,True,2481000.0,171500.0
2023-10-21,Arabian Ranches,Apartment,0,375.0,False,505000.0,26700.0
2023-10-21,International City,Apartment,2,1099.0,False,595000.0,50700.0
2023-10-21,Business Bay,Apartment,1,805.0,True,1445000.0,93900.0
2023-10-22,Palm Jumeirah,Apartment,3,1526.0,False,6258000.0,336200.0
2023-10-22,Arabian Ranches,Apartment,2,1370.0,True,1764000.0,88200.0
2023-10-22,Jumeirah Village Circle,Apartment,2,1344.0,True,1273000.0,108000.0
2023-10-22,International City,Apartment,3,1702.0,False,692000.0,57200.0
2023-10-22,Jumeirah Lake Towers,Apartment,0,390.0,False,525000.0,37800.0
2023-10-23,Palm Jumeirah,Apartment,2,1162.0,True,4405000.0,214100.0
2023-10-23,Palm Jumeirah,Apartment,2,1193.0,False,4322000.0,199300.0
2023-10-23,Jumeirah Village Circle,Apartment,1,776.0,False,850000.0,68000.0
2023-10-23,Dubai South,Apartment,3,1674.0,True,1193000.0,88100.0
2023-10-23,Jumeirah Lake Towers,Townhouse,6,3531.0,False,3999000.0,317300.0
2023-10-24,Palm Jumeirah,Apartment,3,2047.0,False,6019000.0,280700.0
2023-10-24,Dubai South,Apartment,2,1134.0,True,968000.0,74400.0
2023-10-24,Business Bay,Apartment,2,1055.0,False,2206000.0,149800.0
2023-10-24,Business Bay,Apartment,3,1562.0,False,3197000.0,235300.0
2023-10-24,Dubai Hills Estate,Villa,4,3613.0,False,7764000.0,519500.0
2023-10-24,Jumeirah Village Circle,Apartment,0,402.0,False,361000.0,27900.0
2023-10-25,Jumeirah Lake Towers,Apartment,0,397.0,True,477000.0,29000.0
2023-10-25,Palm Jumeirah,Apartment,1,986.0,True,2721000.0,141900.0
2023-10-25,Downtown Dubai,Apartment,2,1367.0,True,3538000.0,185800.0
2023-10-26,Dubai South,Villa,3,2592.0,False,2331000.0,158900.0
2023-10-26,Dubai Hills Estate,Apartment,2,1200.0,True,1650000.0,105000.0
2023-10-26,Dubai Hills Estate,Apartment,1,727.0,True,1184000.0,66300.0
2023-10-26,Jumeirah Village Circle,Apartment,0,300.0,False,293000.0,24800.0
2023-10-26,Jumeirah Village Circle,Apartment,2,1448.0,True,1125000.0,88000.0
2023-10-27,Palm Jumeirah,Townhouse,6,3763.0,False,14155000.0,761100.0
2023-10-27,Downtown Dubai,Apartment,3,1717.0,True,3412000.0,173200.0
2023-10-28,Arabian Ranches,Villa,6,3966.0,False,6560000.0,329100.0
2023-10-28,Arabian Ranches,Apartment,3,2134.0,False,3000000.0,172600.0
2023-11-01,Downtown Dubai,Apartment,2,1021.0,True,2508000.0,129000.0
2023-11-01,Dubai Marina,Apartment,2,1131.0,False,2101000.0,137800.0
2023-11-01,Jumeirah Village Circle,Apartment,3,1793.0,False,1566000.0,148200.0
2023-11-02,Arabian Ranches,Apartment,0,431.0,False,535000.0,29800.0
2023-11-02,Business Bay,Apartment,0,569.0,False,986000.0,69500.0
2023-11-02,Dubai Marina,Apartment,1,955.0,False,1900000.0,124600.0
2023-11-03,Dubai Hills Estate,Apartment,3,1534.0,False,3228000.0,213200.0
2023-11-03,Dubai Hills Estate,Apartment,2,1324.0,False,2507000.0,149200.0
2023-11-03,Business Bay,Apartment,3,1695.0,True,3213000.0,228100.0
2023-11-03,Arabian Ranches,Apartment,1,952.0,False,1404000.0,76800.0
2023-11-03,Palm Jumeirah,Apartment,2,1248.0,True,3881000.0,209700.0
2023-11-03,International City,Apartment,2,1137.0,False,494000.0,41000.0
2023-11-04,Dubai Hills Estate,Apartment,2,1316.0,True,2166000.0,127800.0
2023-11-04,Palm Jumeirah,Apartment,2,1055.0,False,4026000.0,252800.0
2023-11-04,Arabian Ranches,Apartment,0,467.0,False,592000.0,28300.0
2023-11-05,Dubai South,Apartment,3,1886.0,False,1477000.0,95400.0
2023-11-05,Downtown Dubai,Apartment,3,1844.0,False,6286000.0,374600.0
2023-11-05,Jumeirah Lake Towers,Apartment,2,1260.0,True,1506000.0,95300.0
2023-11-06,Dubai South,Apartment,0,322.0,False,298000.0,23900.0
2023-11-06,Downtown Dubai,Apartment,2,1190.0,False,2471000.0,130800.0
2023-11-06,Jumeirah Village Circle,Apartment,0,463.0,False,502000.0,36100.0
2023-11-06,Dubai Hills Estate,Apartment,1,839.0,False,1169000.0,65900.0
2023-11-06,International City,Apartment,1,815.0,True,449000.0,38600.0
2023-11-07,Palm Jumeirah,Apartment,0,451.0,False,1729000.0,75000.0
2023-11-07,Jumeirah Village Circle,Apartment,1,931.0,False,994000.0,76100.0
2023-11-07,International City,Apartment,0,510.0,True,239000.0,21100.0
2023-11-08,Jumeirah Village Circle,Apartment,3,1957.0,False,1982000.0,150300.0
2023-11-08,Jumeirah Lake Towers,Apartment,2,1223.0,False,1623000.0,125900.0
2023-11-08,Jumeirah Lake Towers,Apartment,3,1855.0,True,2125000.0,126300.0
2023-11-08,Dubai Hills Estate,Apartment,3,1680.0,False,2927000.0,174800.0
2023-11-09,Arabian Ranches,Apartment,3,1609.0,True,2262000.0,136300.0
2023-11-10,Palm Jumeirah,Villa,5,4558.0,True,14480000.0,730700.0
2023-11-11,International City,Apartment,1,705.0,False,415000.0,38700.0
2023-11-11,Dubai South,Apartment,2,1440.0,False,1067000.0,77200.0
2023-11-11,Palm Jumeirah,Apartment,2,1065.0,False,3799000.0,200800.0
2023-11-11,Dubai South,Townhouse,5,3646.0,False,3121000.0,204700.0
2023-11-11,Dubai South,Townhouse,4,2885.0,False,2216000.0,153000.0
2023-11-12,Arabian Ranches,Apartment,2,1495.0,True,2262000.0,141100.0
2023-11-12,Arabian Ranches,Apartment,2,1244.0,True,1442000.0,74500.0
2023-11-12,International City,Apartment,1,923.0,False,460000.0,44000.0
2023-11-12,Dubai South,Villa,5,3707.0,False,3739000.0,288200.0
2023-11-12,Business Bay,Apartment,2,1393.0,False,2411000.0,161300.0
2023-11-12,Jumeirah Village Circle,Apartment,1,945.0,False,1032000.0,80700.0
2023-11-13,Jumeirah Village Circle,Apartment,3,1489.0,False,1102000.0,94100.0
2023-11-13,Business Bay,Apartment,2,1225.0,False,2163000.0,133300.0
2023-11-13,Jumeirah Lake Towers,Apartment,2,1338.0,False,1318000.0,88300.0
2023-11-13,Palm Jumeirah,Apartment,1,841.0,False,2848000.0,116100.0
2023-11-13,Downtown Dubai,Apartment,0,491.0,False,1336000.0,60300.0
2023-11-14,Business Bay,Apartment,3,1715.0,True,3263000.0,209600.0
2023-11-14,International City,Apartment,1,766.0,False,511000.0,45700.0
2023-11-14,Dubai South,Apartment,2,1380.0,True,1080000.0,80800.0
2023-11-15,Downtown Dubai,Apartment,2,1238.0,False,3733000.0,236100.0
2023-11-15,Jumeirah Lake Towers,Apartment,1,821.0,False,975000.0,59200.0
2023-11-15,Business Bay,Apartment,3,1835.0,True,3684000.0,237500.0
2023-11-16,Downtown Dubai,Townhouse,4,3012.0,True,8379000.0,451900.0
2023-11-16,Downtown Dubai,Apartment,1,880.0,True,2123000.0,124800.0
2023-11-16,Arabian Ranches,Apartment,3,1465.0,False,2318000.0,119200.0
2023-11-16,Jumeirah Lake Towers,Apartment,2,1080.0,False,1282000.0,104200.0
2023-11-17,Downtown Dubai,Apartment,1,950.0,True,2166000.0,101300.0
2023-11-17,International City,Apartment,1,668.0,False,343000.0,38500.0
2023-11-17,International City,Apartment,2,1325.0,False,656000.0,59800.0
2023-11-17,Dubai Marina,Apartment,2,1369.0,True,2784000.0,169700.0
2023-11-18,Dubai Hills Estate,Apartment,3,1632.0,True,2707000.0,146300.0
2023-11-18,Palm Jumeirah,Apartment,0,456.0,True,1536000.0,94100.0
2023-11-19,Dubai Hills Estate,Apartment,1,946.0,False,1803000.0,92200.0
2023-11-19,Palm Jumeirah,Apartment,2,1289.0,False,5173000.0,268200.0
2023-11-19,Jumeirah Village Circle,Apartment,1,705.0,False,926000.0,65600.0
2023-11-20,International City,Apartment,0,493.0,True,236000.0,20400.0
2023-11-20,Jumeirah Village Circle,Apartment,1,928.0,True,763000.0,64100.0
2023-11-20,Palm Jumeirah,Apartment,1,1033.0,True,3186000.0,172900.0
2023-11-20,Dubai Hills Estate,Apartment,1,936.0,True,1776000.0,103700.0
2023-11-21,Jumeirah Lake Towers,Apartment,2,1338.0,True,1298000.0,89900.0
2023-11-21,Jumeirah Lake Towers,Apartment,1,945.0,True,1067000.0,79300.0
2023-11-21,Dubai South,Apartment,2,1081.0,False,830000.0,64300.0
2023-11-22,Dubai South,Apartment,3,1253.0,False,1176000.0,93000.0
2023-11-22,Palm Jumeirah,Apartment,0,464.0,False,1938000.0,106700.0
2023-11-22,International City,Apartment,1,886.0,False,438000.0,41800.0
2023-11-23,Dubai Hills Estate,Villa,3,3058.0,True,5567000.0,363000.0
2023-11-23,Arabian Ranches,Apartment,0,497.0,False,757000.0,36300.0
2023-11-23,Dubai Hills Estate,Apartment,1,793.0,False,1273000.0,86000.0
2023-11-23,Downtown Dubai,Apartment,3,1892.0,True,3898000.0,199600.0
2023-11-23,Jumeirah Lake Towers,Apartment,0,487.0,False,680000.0,48400.0
2023-11-24,Jumeirah Lake Towers,Apartment,2,1148.0,False,1462000.0,115400.0
2023-11-24,Dubai Marina,Apartment,3,1784.0,True,3527000.0,207800.0
2023-11-24,Downtown Dubai,Apartment,1,878.0,False,2171000.0,110200.0
2023-11-24,Dubai Hills Estate,Villa,4,3728.0,False,5612000.0,347100.0
2023-11-25,Jumeirah Village Circle,Apartment,3,1394.0,True,1393000.0,115100.0
2023-11-26,Arabian Ranches,Townhouse,3,2500.0,False,3430000.0,177500.0
2023-11-26,Dubai South,Apartment,3,1398.0,True,1073000.0,83500.0
2023-11-26,Arabian Ranches,Townhouse,5,3628.0,True,3747000.0,205100.0
2023-11-27,Dubai Marina,Apartment,3,1849.0,True,3126000.0,189400.0
2023-11-27,Dubai Hills Estate,Apartment,1,892.0,True,1378000.0,79700.0
2023-11-27,Jumeirah Village Circle,Apartment,3,1667.0,True,1700000.0,124500.0
2023-11-28,Jumeirah Village Circle,Apartment,1,740.0,False,751000.0,55600.0
2023-11-28,Palm Jumeirah,Apartment,0,500.0,False,1480000.0,88500.0
2023-11-28,Business Bay,Apartment,2,1277.0,False,2736000.0,211100.0
2023-11-28,Jumeirah Village Circle,Apartment,0,559.0,True,459000.0,38900.0
2023-11-28,Arabian Ranches,Apartment,0,315.0,False,416000.0,22700.0
2023-12-01,Jumeirah Lake Towers,Apartment,1,734.0,False,1151000.0,86600.0
2023-12-02,Business Bay,Apartment,3,1825.0,True,3044000.0,186100.0
2023-12-02,International City,Apartment,1,766.0,False,372000.0,33600.0
2023-12-02,Business Bay,Apartment,2,1338.0,False,2394000.0,167800.0
2023-12-03,Dubai Marina,Apartment,0,427.0,True,706000.0,44800.0
2023-12-03,Dubai South,Villa,3,3180.0,False,2818000.0,187200.0
2023-12-03,Downtown Dubai,Apartment,3,1855.0,True,4718000.0,267000.0
2023-12-03,Dubai Hills Estate,Apartment,1,1082.0,False,2305000.0,124600.0
2023-12-03,Jumeirah Lake Towers,Apartment,0,341.0,True,445000.0,33000.0
2023-12-04,Jumeirah Lake Towers,Apartment,1,764.0,True,1089000.0,78500.0
2023-12-04,Arabian Ranches,Apartment,2,1167.0,True,1597000.0,90100.0
2023-12-04,Jumeirah Lake Towers,Apartment,1,890.0,True,1045000.0,77200.0
2023-12-04,Jumeirah Lake Towers,Apartment,0,429.0,True,464000.0,28200.0
2023-12-04,Arabian Ranches,Apartment,1,847.0,True,1117000.0,59900.0
2023-12-05,Jumeirah Village Circle,Apartment,1,930.0,True,839000.0,69200.0
2023-12-05,Jumeirah Lake Towers,Apartment,2,1153.0,True,1686000.0,115300.0
2023-12-05,Dubai Hills Estate,Apartment,3,1301.0,False,2206000.0,131900.0
2023-12-05,Dubai Hills Estate,Apartment,2,1229.0,False,1948000.0,100900.0
2023-12-06,Arabian Ranches,Apartment,3,1284.0,False,1775000.0,86900.0
2023-12-06,Dubai Hills Estate,Villa,6,4355.0,True,7131000.0,397800.0
2023-12-06,Business Bay,Apartment,0,489.0,False,1020000.0,62200.0
2023-12-06,Jumeirah Lake Towers,Apartment,3,1653.0,True,2388000.0,186400.0
2023-12-06,International City,Apartment,1,820.0,True,337000.0,32200.0
2023-12-06,Downtown Dubai,Apartment,2,1125.0,True,2753000.0,141800.0
2023-12-07,Palm Jumeirah,Villa,3,3362.0,True,9585000.0,437000.0
2023-12-07,Downtown Dubai,Apartment,3,2012.0,False,5314000.0,325800.0
2023-12-07,Jumeirah Lake Towers,Apartment,2,1084.0,True,1325000.0,84500.0
2023-12-07,Dubai South,Apartment,3,1782.0,False,1474000.0,116600.0
2023-12-08,International City,Apartment,3,1840.0,False,838000.0,75900.0
2023-12-08,Business Bay,Apartment,3,1642.0,True,2828000.0,184800.0
2023-12-08,Dubai South,Townhouse,5,3382.0,False,2954000.0,227500.0
2023-12-08,Dubai South,Apartment,3,1550.0,True,1144000.0,81500.0
2023-12-08,Dubai Marina,Apartment,2,1438.0,True,2701000.0,165400.0
2023-12-09,Jumeirah Village Circle,Apartment,3,1577.0,True,1394000.0,108000.0
2023-12-09,Arabian Ranches,Apartment,0,596.0,True,773000.0,36600.0
2023-12-09,Business Bay,Apartment,3,1488.0,True,2967000.0,179600.0
2023-12-09,Palm Jumeirah,Apartment,0,330.0,True,958000.0,45800.0
2023-12-10,Jumeirah Village Circle,Apartment,1,805.0,True,858000.0,56100.0
2023-12-10,Dubai Hills Estate,Apartment,0,406.0,True,785000.0,45000.0
2023-12-11,Dubai Marina,Apartment,1,913.0,True,2036000.0,122800.0
2023-12-11,Dubai Marina,Apartment,0,447.0,True,689000.0,42100.0
2023-12-12,Downtown Dubai,Townhouse,5,3290.0,True,7740000.0,508200.0
2023-12-12,Jumeirah Village Circle,Apartment,2,1552.0,False,1434000.0,137800.0
2023-12-12,Jumeirah Lake Towers,Apartment,1,901.0,True,1185000.0,81100.0
2023-12-12,Dubai Hills Estate,Villa,4,3581.0,False,6451000.0,371100.0
2023-12-12,Jumeirah Village Circle,Apartment,2,1374.0,False,1257000.0,92900.0
2023-12-12,International City,Apartment,0,494.0,True,260000.0,23600.0
2023-12-13,Palm Jumeirah,Apartment,2,1411.0,False,5450000.0,292800.0
2023-12-14,Palm Jumeirah,Apartment,2,1230.0,True,3841000.0,178200.0
2023-12-14,Dubai South,Apartment,2,1588.0,True,1291000.0,84700.0
2023-12-14,Arabian Ranches,Apartment,1,889.0,True,921000.0,58700.0
2023-12-14,Downtown Dubai,Apartment,2,1610.0,True,3551000.0,191200.0
2023-12-14,Dubai Hills Estate,Apartment,0,457.0,True,564000.0,30800.0
2023-12-15,Downtown Dubai,Apartment,2,1136.0,True,2669000.0,142100.0
2023-12-15,Jumeirah Lake Towers,Apartment,0,427.0,False,554000.0,40400.0
2023-12-15,Palm Jumeirah,Villa,3,3154.0,True,11157000.0,537000.0
2023-12-15,Jumeirah Lake Towers,Apartment,0,421.0,False,533000.0,33800.0
2023-12-15,Dubai Marina,Apartment,2,1236.0,False,2773000.0,135400.0
2023-12-15,Dubai Marina,Apartment,2,1424.0,False,3263000.0,173400.0
2023-12-15,Business Bay,Apartment,0,490.0,False,921000.0,62400.0
2023-12-16,Jumeirah Village Circle,Apartment,0,461.0,False,555000.0,51100.0
2023-12-16,Jumeirah Village Circle,Apartment,3,1646.0,False,1612000.0,122300.0
2023-12-16,Downtown Dubai,Apartment,2,1287.0,False,3631000.0,182600.0
2023-12-17,Business Bay,Townhouse,6,3994.0,False,8378000.0,451900.0
2023-12-17,Dubai Hills Estate,Villa,4,3499.0,False,6970000.0,426900.0
2023-12-17,International City,Apartment,3,1930.0,False,1096000.0,105400.0
2023-12-17,International City,Apartment,1,886.0,True,512000.0,46700.0
2023-12-17,Business Bay,Apartment,1,929.0,False,1894000.0,124200.0
2023-12-17,Dubai South,Apartment,2,1133.0,False,1141000.0,92700.0
2023-12-18,Jumeirah Village Circle,Apartment,3,1805.0,False,1602000.0,130100.0
2023-12-18,Dubai Hills Estate,Apartment,3,1893.0,True,3470000.0,226600.0
2023-12-18,Jumeirah Lake Towers,Apartment,1,852.0,False,1236000.0,99200.0
2023-12-18,Business Bay,Apartment,1,624.0,False,1167000.0,73800.0
2023-12-18,Downtown Dubai,Apartment,2,1188.0,True,3346000.0,171300.0
2023-12-19,International City,Apartment,3,1537.0,True,686000.0,61100.0
2023-12-19,Jumeirah Lake Towers,Apartment,2,1035.0,False,1380000.0,100800.0
2023-12-19,Arabian Ranches,Apartment,2,1364.0,True,1706000.0,76400.0
2023-12-19,Dubai South,Apartment,1,925.0,True,717000.0,52600.0
2023-12-20,Business Bay,Apartment,2,1394.0,True,3042000.0,180600.0
2023-12-20,Dubai South,Apartment,3,2142.0,True,1604000.0,134700.0
2023-12-20,Dubai South,Apartment,2,1384.0,True,1016000.0,84600.0
2023-12-20,Jumeirah Lake Towers,Apartment,0,623.0,False,848000.0,62600.0
2023-12-20,Jumeirah Village Circle,Apartment,1,885.0,True,753000.0,62100.0
2023-12-20,Palm Jumeirah,Apartment,3,1526.0,True,3963000.0,216000.0
2023-12-21,Downtown Dubai,Apartment,1,592.0,False,1524000.0,76900.0
2023-12-22,Palm Jumeirah,Apartment,3,2113.0,False,7665000.0,384700.0
2023-12-22,Jumeirah Lake Towers,Apartment,0,395.0,False,413000.0,30800.0
2023-12-22,Business Bay,Apartment,2,1217.0,True,2027000.0,120300.0
2023-12-22,Jumeirah Village Circle,Apartment,2,1322.0,False,1270000.0,101900.0
2023-12-23,Business Bay,Apartment,2,1260.0,True,1945000.0,134100.0
2023-12-23,Downtown Dubai,Apartment,0,695.0,False,1837000.0,87600.0
2023-12-24,Palm Jumeirah,Apartment,3,1490.0,True,5077000.0,262500.0
2023-12-25,Jumeirah Village Circle,Apartment,2,1214.0,False,1732000.0,122900.0
2023-12-25,Dubai South,Apartment,1,794.0,False,719000.0,52800.0
2023-12-26,Dubai Hills Estate,Apartment,0,361.0,True,619000.0,38400.0
2023-12-26,International City,Apartment,1,977.0,True,469000.0,46900.0
2023-12-26,International City,Apartment,2,1321.0,True,687000.0,72100.0
2023-12-27,Downtown Dubai,Apartment,0,493.0,False,1404000.0,79600.0
2023-12-27,Jumeirah Village Circle,Apartment,2,1435.0,False,1516000.0,110600.0
2023-12-27,Jumeirah Lake Towers,Townhouse,3,2650.0,False,2922000.0,199500.0
2023-12-27,Dubai Marina,Apartment,3,1983.0,True,3551000.0,176700.0
2023-12-28,Jumeirah Village Circle,Apartment,0,529.0,True,492000.0,36900.0
2023-12-28,Arabian Ranches,Villa,6,4646.0,False,7381000.0,471400.0
2023-12-28,Jumeirah Lake Towers,Apartment,2,1291.0,True,1376000.0,92200.0
2024-01-01,Arabian Ranches,Apartment,3,1748.0,True,3092000.0,169300.0
2024-01-01,Dubai Marina,Apartment,1,774.0,False,1787000.0,124800.0
2024-01-02,Dubai Marina,Apartment,3,1838.0,True,3341000.0,217000.0
2024-01-02,Jumeirah Village Circle,Apartment,3,2081.0,True,2297000.0,181300.0
2024-01-02,Business Bay,Apartment,0,566.0,False,1188000.0,70000.0
2024-01-03,Dubai South,Apartment,3,1877.0,False,1469000.0,113900.0
2024-01-03,Downtown Dubai,Apartment,1,854.0,False,2287000.0,154800.0
2024-01-03,Dubai South,Apartment,1,744.0,True,601000.0,46800.0
2024-01-04,International City,Apartment,1,782.0,False,319000.0,25800.0
2024-01-04,Palm Jumeirah,Apartment,1,907.0,False,3445000.0,162800.0
2024-01-04,Downtown Dubai,Apartment,2,1590.0,False,5405000.0,281800.0
2024-01-04,Palm Jumeirah,Villa,6,4386.0,True,16606000.0,809600.0
2024-01-04,Palm Jumeirah,Apartment,3,1942.0,True,6335000.0,274400.0
2024-01-04,Dubai South,Apartment,2,1266.0,True,958000.0,70400.0
2024-01-05,Business Bay,Apartment,0,435.0,False,901000.0,64600.0
2024-01-05,International City,Apartment,0,398.0,False,192000.0,18800.0
2024-01-06,Arabian Ranches,Apartment,1,876.0,True,1091000.0,66600.0
2024-01-06,International City,Apartment,2,1307.0,False,686000.0,57300.0
2024-01-06,Dubai South,Apartment,3,1501.0,False,1582000.0,132800.0
2024-01-06,Downtown Dubai,Apartment,3,2130.0,True,5516000.0,274300.0
2024-01-08,Dubai Hills Estate,Apartment,1,871.0,True,2122000.0,118800.0
2024-01-08,Dubai Hills Estate,Villa,3,2919.0,True,5354000.0,326400.0
2024-01-09,Dubai Hills Estate,Apartment,3,1905.0,True,3846000.0,203500.0
2024-01-09,Business Bay,Townhouse,6,3580.0,True,7982000.0,486900.0
2024-01-09,Jumeirah Village Circle,Apartment,0,413.0,True,502000.0,34700.0
2024-01-09,Palm Jumeirah,Apartment,1,941.0,True,2809000.0,150800.0
2024-01-09,Palm Jumeirah,Villa,3,3094.0,True,12117000.0,657800.0
2024-01-10,Downtown Dubai,Apartment,0,475.0,True,1424000.0,71900.0
2024-01-10,International City,Apartment,0,455.0,True,277000.0,25500.0
2024-01-10,Dubai South,Apartment,2,1482.0,False,1417000.0,116300.0
2024-01-10,Palm Jumeirah,Apartment,2,1225.0,False,4699000.0,204900.0
2024-01-12,International City,Apartment,2,1105.0,True,546000.0,47600.0
2024-01-12,Dubai Hills Estate,Apartment,2,1152.0,True,2262000.0,120500.0
2024-01-12,Jumeirah Village Circle,Apartment,0,378.0,True,442000.0,27900.0
2024-01-12,Downtown Dubai,Apartment,2,1393.0,False,4011000.0,224300.0
2024-01-12,Dubai Hills Estate,Apartment,2,1457.0,False,3776000.0,226700.0
2024-01-13,Business Bay,Apartment,2,1221.0,True,2269000.0,157600.0
2024-01-14,Dubai Marina,Apartment,0,453.0,False,1029000.0,63900.0
2024-01-15,International City,Apartment,1,1062.0,True,598000.0,55900.0
2024-01-15,Business Bay,Apartment,2,1544.0,False,4216000.0,257300.0
2024-01-15,Dubai Hills Estate,Apartment,2,1308.0,False,2782000.0,184600.0
2024-01-15,Dubai Marina,Apartment,2,1374.0,False,3368000.0,204800.0
2024-01-16,Arabian Ranches,Apartment,1,1089.0,False,1894000.0,109700.0
2024-01-16,Arabian Ranches,Apartment,1,915.0,False,1346000.0,76300.0
2024-01-16,Dubai South,Apartment,2,1095.0,False,1159000.0,75200.0
2024-01-16,Jumeirah Village Circle,Apartment,2,1082.0,False,1310000.0,101500.0
2024-01-17,Dubai Marina,Apartment,2,1192.0,False,2187000.0,135100.0
2024-01-17,Downtown Dubai,Apartment,3,1683.0,True,5125000.0,289600.0
2024-01-17,International City,Apartment,0,446.0,False,229000.0,22300.0
2024-01-17,Business Bay,Apartment,1,985.0,True,2025000.0,128100.0
2024-01-18,Business Bay,Apartment,2,1204.0,False,2016000.0,138700.0
2024-01-18,Downtown Dubai,Apartment,2,1423.0,False,3625000.0,229000.0
2024-01-18,Dubai Marina,Apartment,3,1923.0,True,3492000.0,224600.0
2024-01-18,Dubai Marina,Apartment,0,538.0,False,1441000.0,107700.0
2024-01-18,Dubai Marina,Apartment,3,1905.0,True,4006000.0,204200.0
2024-01-18,Dubai Marina,Apartment,1,744.0,True,1544000.0,96500.0
2024-01-19,Business Bay,Townhouse,3,2519.0,True,4060000.0,216800.0
2024-01-19,Jumeirah Village Circle,Apartment,2,1029.0,False,1003000.0,98600.0
2024-01-19,Downtown Dubai,Apartment,2,1391.0,True,4078000.0,231800.0
2024-01-19,Dubai South,Villa,3,3030.0,True,2813000.0,187200.0
2024-01-19,Palm Jumeirah,Villa,4,3458.0,True,12797000.0,625500.0
2024-01-20,Jumeirah Village Circle,Apartment,0,491.0,False,611000.0,51700.0
2024-01-21,Business Bay,Townhouse,3,2897.0,True,5750000.0,374100.0
2024-01-21,Dubai South,Apartment,1,958.0,True,813000.0,59700.0
2024-01-21,Jumeirah Lake Towers,Apartment,0,542.0,False,635000.0,56500.0
2024-01-22,Jumeirah Village Circle,Apartment,1,885.0,True,914000.0,69300.0
2024-01-22,Business Bay,Apartment,0,455.0,True,858000.0,54600.0
2024-01-22,Palm Jumeirah,Apartment,1,843.0,True,3041000.0,176000.0
2024-01-22,Palm Jumeirah,Apartment,2,1504.0,True,5988000.0,245700.0
2024-01-22,Downtown Dubai,Apartment,1,906.0,False,2864000.0,174500.0
2024-01-23,Jumeirah Lake Towers,Apartment,2,1435.0,True,1837000.0,163000.0
2024-01-23,Business Bay,Apartment,2,1284.0,False,2584000.0,176600.0
2024-01-23,Business Bay,Apartment,0,399.0,True,832000.0,49900.0
2024-01-23,Dubai Hills Estate,Apartment,1,847.0,False,1583000.0,89100.0
2024-01-24,Jumeirah Village Circle,Apartment,0,546.0,True,559000.0,41100.0
2024-01-24,Arabian Ranches,Apartment,1,804.0,True,1030000.0,51500.0
2024-01-25,Arabian Ranches,Apartment,1,726.0,True,1095000.0,67900.0
2024-01-25,Downtown Dubai,Apartment,1,758.0,False,2273000.0,129100.0
2024-01-26,Jumeirah Lake Towers,Apartment,0,599.0,True,741000.0,47200.0
2024-01-26,Dubai Hills Estate,Apartment,1,864.0,True,2098000.0,117200.0
2024-01-26,Dubai Hills Estate,Apartment,2,1326.0,False,2626000.0,159200.0
2024-01-26,International City,Apartment,2,1303.0,False,561000.0,55100.0
2024-01-26,Jumeirah Village Circle,Apartment,1,789.0,True,741000.0,61100.0
2024-01-28,Jumeirah Lake Towers,Apartment,2,1386.0,True,1756000.0,133100.0
2024-01-28,International City,Apartment,3,1689.0,False,903000.0,63200.0
2024-01-28,Jumeirah Lake Towers,Townhouse,6,3222.0,True,3877000.0,277100.0
2024-02-01,Jumeirah Village Circle,Apartment,2,1294.0,False,1182000.0,101900.0
2024-02-01,Dubai Marina,Apartment,3,1331.0,False,3294000.0,222000.0
2024-02-01,Arabian Ranches,Apartment,0,300.0,True,376000.0,19200.0
2024-02-01,Jumeirah Village Circle,Apartment,0,591.0,False,784000.0,60200.0
2024-02-02,Palm Jumeirah,Apartment,3,1783.0,True,7255000.0,341000.0
2024-02-02,Palm Jumeirah,Apartment,2,1398.0,True,5224000.0,269200.0
2024-02-02,Jumeirah Lake Towers,Apartment,2,1261.0,False,1635000.0,127500.0
2024-02-02,Business Bay,Apartment,2,1413.0,False,3433000.0,202400.0
2024-02-02,Downtown Dubai,Apartment,3,1540.0,True,4740000.0,255300.0
2024-02-02,Dubai South,Apartment,1,917.0,True,646000.0,49400.0
2024-02-02,Dubai Marina,Apartment,2,1523.0,False,3837000.0,236700.0
2024-02-02,Jumeirah Village Circle,Apartment,1,1056.0,True,940000.0,73900.0
2024-02-03,Arabian Ranches,Apartment,2,1273.0,False,2024000.0,110400.0
2024-02-03,Palm Jumeirah,Apartment,2,1238.0,False,6207000.0,248100.0
2024-02-03,Jumeirah Village Circle,Apartment,0,324.0,False,362000.0,24600.0
2024-02-04,Jumeirah Lake Towers,Apartment,2,1328.0,True,1767000.0,120300.0
2024-02-04,Business Bay,Apartment,0,474.0,True,912000.0,56100.0
2024-02-04,Dubai Marina,Apartment,0,377.0,False,652000.0,38700.0
2024-02-06,Dubai South,Apartment,0,336.0,True,320000.0,23600.0
2024-02-07,Downtown Dubai,Apartment,2,1113.0,False,3311000.0,185800.0
2024-02-07,Arabian Ranches,Townhouse,5,3275.0,False,4908000.0,301100.0
2024-02-08,International City,Apartment,1,718.0,True,329000.0,29700.0
2024-02-08,International City,Apartment,0,455.0,False,290000.0,26500.0
2024-02-08,Jumeirah Lake Towers,Apartment,3,1709.0,False,2787000.0,203600.0
2024-02-09,Downtown Dubai,Apartment,1,830.0,False,2418000.0,124200.0
2024-02-09,Arabian Ranches,Apartment,0,438.0,True,632000.0,33800.0
2024-02-10,International City,Apartment,1,970.0,False,540000.0,48500.0
2024-02-10,Jumeirah Lake Towers,Apartment,2,1239.0,True,1666000.0,129600.0
2024-02-10,Downtown Dubai,Apartment,2,1304.0,False,4256000.0,260900.0
2024-02-10,Arabian Ranches,Apartment,2,1147.0,False,1476000.0,108200.0
2024-02-10,Business Bay,Apartment,3,1667.0,True,3367000.0,200600.0
2024-02-10,Palm Jumeirah,Apartment,0,501.0,False,1724000.0,90100.0
2024-02-10,Downtown Dubai,Apartment,2,1320.0,False,3736000.0,208400.0
2024-02-11,Jumeirah Village Circle,Apartment,1,788.0,True,834000.0,51200.0
2024-02-12,Dubai South,Apartment,1,821.0,True,728000.0,55100.0
2024-02-12,Palm Jumeirah,Townhouse,4,2797.0,False,11308000.0,540600.0
2024-02-12,Arabian Ranches,Apartment,0,359.0,True,438000.0,22000.0
2024-02-12,Business Bay,Apartment,3,1699.0,True,2890000.0,215000.0
2024-02-13,Palm Jumeirah,Apartment,2,1457.0,True,5944000.0,302900.0
2024-02-13,Dubai Hills Estate,Apartment,2,1598.0,True,3513000.0,185800.0
2024-02-13,Business Bay,Townhouse,3,2493.0,True,4862000.0,277400.0
2024-02-13,Dubai Marina,Apartment,0,403.0,False,891000.0,55200.0
2024-02-13,Dubai Hills Estate,Apartment,2,859.0,False,1645000.0,84300.0
2024-02-14,International City,Apartment,2,1261.0,False,630000.0,56200.0
2024-02-14,Jumeirah Village Circle,Apartment,3,1593.0,True,1643000.0,135400.0
2024-02-14,Dubai South,Apartment,3,2042.0,False,2488000.0,179400.0
2024-02-14,Business Bay,Apartment,2,1097.0,False,2778000.0,149400.0
2024-02-15,Business Bay,Apartment,2,1052.0,False,1453000.0,93500.0
2024-02-15,Dubai Marina,Apartment,0,598.0,False,1169000.0,61500.0
2024-02-15,Jumeirah Lake Towers,Apartment,3,1957.0,True,2662000.0,189700.0
2024-02-16,International City,Apartment,0,451.0,False,198000.0,19600.0
2024-02-16,Dubai Marina,Apartment,0,582.0,False,1139000.0,75200.0
2024-02-16,Dubai South,Apartment,1,747.0,False,643000.0,53000.0
2024-02-16,Arabian Ranches,Apartment,2,1352.0,True,1628000.0,91500.0
2024-02-16,Downtown Dubai,Townhouse,4,2755.0,False,7705000.0,375600.0
2024-02-17,Downtown Dubai,Apartment,2,1073.0,True,2739000.0,120800.0
2024-02-17,Palm Jumeirah,Apartment,3,1853.0,False,6441000.0,355500.0
2024-02-17,Jumeirah Village Circle,Apartment,0,610.0,True,767000.0,55200.0
2024-02-17,Downtown Dubai,Apartment,2,1243.0,False,3948000.0,212000.0
2024-02-18,Arabian Ranches,Apartment,0,549.0,True,676000.0,39900.0
2024-02-18,Dubai Marina,Apartment,1,935.0,True,1994000.0,115400.0
2024-02-18,Dubai Marina,Apartment,1,1018.0,False,1838000.0,129200.0
2024-02-19,International City,Apartment,0,532.0,False,277000.0,22100.0
2024-02-19,Palm Jumeirah,Apartment,2,1354.0,True,4563000.0,199800.0
2024-02-19,Dubai Marina,Apartment,0,373.0,True,731000.0,43300.0
2024-02-19,Business Bay,Apartment,3,1750.0,True,3350000.0,222600.0
2024-02-20,Downtown Dubai,Apartment,0,445.0,False,1323000.0,66700.0
2024-02-20,Palm Jumeirah,Villa,5,3894.0,True,14401000.0,725000.0
2024-02-21,Dubai South,Apartment,1,998.0,False,947000.0,60600.0
2024-02-21,Dubai Marina,Apartment,3,1742.0,False,4109000.0,258100.0
2024-02-22,Dubai Hills Estate,Villa,4,3591.0,False,7175000.0,406700.0
2024-02-22,Downtown Dubai,Apartment,3,2191.0,True,6040000.0,301200.0
2024-02-22,Dubai Marina,Apartment,2,1232.0,False,3163000.0,247300.0
2024-02-22,International City,Apartment,2,1243.0,True,672000.0,63000.0
2024-02-22,Jumeirah Lake Towers,Apartment,2,1235.0,False,1460000.0,77900.0
2024-02-22,Jumeirah Lake Towers,Apartment,2,1287.0,True,1711000.0,132300.0
2024-02-23,Dubai Marina,Apartment,0,532.0,True,1146000.0,83100.0
2024-02-23,Downtown Dubai,Apartment,2,1430.0,False,3310000.0,162800.0
2024-02-23,Jumeirah Village Circle,Apartment,3,1736.0,False,2131000.0,178900.0
2024-02-23,Business Bay,Apartment,3,1975.0,True,3628000.0,219100.0
2024-02-23,Arabian Ranches,Villa,6,3774.0,False,5118000.0,268400.0
2024-02-23,Palm Jumeirah,Apartment,0,465.0,True,1398000.0,78200.0
2024-02-24,Jumeirah Village Circle,Apartment,2,1440.0,True,1323000.0,111700.0
2024-02-24,Dubai Marina,Apartment,1,924.0,True,2185000.0,151500.0
2024-02-24,Palm Jumeirah,Villa,5,4211.0,False,14331000.0,709100.0
2024-02-25,Dubai Hills Estate,Apartment,2,1416.0,True,2567000.0,147800.0
2024-02-25,International City,Apartment,3,2113.0,True,1245000.0,100200.0
2024-02-25,Dubai South,Villa,6,5058.0,False,5721000.0,389300.0
2024-02-25,Jumeirah Lake Towers,Apartment,3,1889.0,True,3032000.0,198400.0
2024-02-25,International City,Apartment,2,1455.0,True,647000.0,81700.0
2024-02-26,Arabian Ranches,Apartment,2,1138.0,True,1667000.0,95700.0
2024-02-26,International City,Apartment,0,389.0,True,186000.0,19200.0
2024-02-26,Dubai Marina,Apartment,3,1939.0,True,4123000.0,255700.0
2024-02-26,Jumeirah Village Circle,Apartment,0,466.0,False,504000.0,48800.0
2024-02-26,Dubai Hills Estate,Villa,5,3949.0,True,8543000.0,539500.0
2024-02-27,Jumeirah Lake Towers,Apartment,0,452.0,True,525000.0,41500.0
2024-02-27,Dubai Hills Estate,Apartment,2,1342.0,True,2287000.0,122300.0
2024-02-27,Jumeirah Lake Towers,Apartment,2,1144.0,True,1641000.0,105400.0
2024-02-27,Dubai South,Apartment,3,1991.0,False,1755000.0,162000.0
2024-02-28,Dubai Hills Estate,Apartment,2,1393.0,True,3057000.0,173300.0
2024-02-28,Jumeirah Village Circle,Apartment,0,366.0,True,410000.0,27300.0
2024-02-28,International City,Apartment,0,539.0,False,350000.0,30100.0
2024-02-28,Jumeirah Lake Towers,Apartment,1,861.0,True,1357000.0,100400.0
2024-03-01,Arabian Ranches,Villa,5,3740.0,True,4250000.0,243600.0
2024-03-02,Downtown Dubai,Apartment,3,1837.0,True,5962000.0,402000.0
2024-03-02,Arabian Ranches,Apartment,0,469.0,True,664000.0,35800.0
2024-03-03,Dubai Marina,Apartment,3,1760.0,False,3947000.0,193900.0
2024-03-03,Business Bay,Apartment,1,867.0,False,1936000.0,125400.0
2024-03-03,Downtown Dubai,Apartment,1,929.0,False,2257000.0,125400.0
2024-03-03,Arabian Ranches,Apartment,1,817.0,True,983000.0,50300.0
2024-03-03,Dubai Hills Estate,Apartment,0,513.0,True,945000.0,51400.0
2024-03-03,Dubai South,Villa,5,3746.0,False,3491000.0,271500.0
2024-03-03,Jumeirah Village Circle,Apartment,0,353.0,True,470000.0,33600.0
2024-03-03,Dubai South,Apartment,2,1277.0,True,1069000.0,84200.0
2024-03-04,Dubai Marina,Apartment,0,422.0,True,824000.0,54600.0
2024-03-04,Palm Jumeirah,Apartment,2,1534.0,False,5738000.0,267300.0
2024-03-04,International City,Apartment,2,1610.0,True,935000.0,80000.0
2024-03-04,Downtown Dubai,Apartment,2,1247.0,False,3094000.0,159900.0
2024-03-05,Palm Jumeirah,Apartment,1,840.0,False,4077000.0,175000.0
2024-03-05,International City,Apartment,0,482.0,True,257000.0,19100.0
2024-03-06,International City,Apartment,3,1475.0,True,569000.0,49500.0
2024-03-06,Dubai Hills Estate,Apartment,2,1360.0,False,3187000.0,195600.0
2024-03-06,Dubai South,Apartment,2,1373.0,True,1434000.0,127500.0
2024-03-07,Palm Jumeirah,Apartment,3,1368.0,False,5241000.0,271400.0
2024-03-07,Arabian Ranches,Apartment,0,393.0,True,474000.0,25200.0
2024-03-07,Palm Jumeirah,Apartment,0,482.0,True,1523000.0,65300.0
2024-03-08,Palm Jumeirah,Apartment,3,1925.0,False,6462000.0,306100.0
2024-03-08,Palm Jumeirah,Apartment,0,480.0,False,1723000.0,82400.0
2024-03-09,Downtown Dubai,Apartment,1,819.0,False,2171000.0,111000.0
2024-03-09,Dubai South,Villa,6,3865.0,False,3195000.0,245400.0
2024-03-10,Dubai South,Apartment,3,1492.0,True,1290000.0,96400.0
2024-03-10,Jumeirah Village Circle,Apartment,2,1308.0,False,1652000.0,115800.0
2024-03-11,Jumeirah Lake Towers,Apartment,1,810.0,False,1217000.0,106000.0
2024-03-11,Dubai Marina,Apartment,1,912.0,True,1605000.0,108200.0
2024-03-11,Arabian Ranches,Apartment,3,1706.0,True,1795000.0,93600.0
2024-03-11,Jumeirah Lake Towers,Apartment,1,923.0,True,1200000.0,88900.0
2024-03-12,Arabian Ranches,Apartment,2,1375.0,True,1439000.0,83800.0
2024-03-12,Downtown Dubai,Apartment,0,489.0,False,1524000.0,79600.0
2024-03-13,Jumeirah Village Circle,Apartment,1,750.0,True,865000.0,70800.0
2024-03-13,Jumeirah Lake Towers,Apartment,2,1036.0,True,1282000.0,90100.0
2024-03-13,Business Bay,Townhouse,5,3781.0,False,8881000.0,630000.0
2024-03-14,Dubai Marina,Apartment,2,1130.0,False,2663000.0,167400.0
2024-03-14,Jumeirah Village Circle,Apartment,0,393.0,False,455000.0,39400.0
2024-03-14,Downtown Dubai,Apartment,1,1101.0,True,2884000.0,149000.0
2024-03-14,Palm Jumeirah,Apartment,0,513.0,False,1582000.0,81300.0
2024-03-14,Jumeirah Lake Towers,Apartment,3,1732.0,True,2111000.0,159300.0
2024-03-14,Palm Jumeirah,Apartment,1,704.0,True,2605000.0,115500.0
2024-03-15,International City,Apartment,2,1370.0,True,671000.0,63800.0
2024-03-15,Jumeirah Village Circle,Apartment,0,567.0,True,577000.0,39000.0
2024-03-15,Palm Jumeirah,Apartment,1,812.0,False,3671000.0,190200.0
2024-03-15,International City,Apartment,1,893.0,False,489000.0,42100.0
2024-03-15,Palm Jumeirah,Apartment,2,1542.0,True,6036000.0,281500.0
2024-03-15,Jumeirah Village Circle,Apartment,3,1905.0,False,2201000.0,160200.0
2024-03-15,Dubai Hills Estate,Villa,3,3323.0,False,8483000.0,474900.0
2024-03-15,Arabian Ranches,Villa,4,3614.0,False,5522000.0,371800.0
2024-03-16,Palm Jumeirah,Villa,6,4588.0,True,14721000.0,742400.0
2024-03-16,Downtown Dubai,Apartment,2,1294.0,True,3408000.0,172700.0
2024-03-17,Dubai Hills Estate,Apartment,2,1264.0,False,2078000.0,123800.0
2024-03-17,Palm Jumeirah,Apartment,0,449.0,False,1640000.0,82600.0
2024-03-17,Business Bay,Apartment,0,590.0,False,1165000.0,80900.0
2024-03-17,Dubai Hills Estate,Apartment,2,1242.0,True,2285000.0,139600.0
2024-03-17,Dubai Marina,Apartment,1,802.0,False,1456000.0,91900.0
2024-03-17,Palm Jumeirah,Apartment,1,894.0,True,4309000.0,235400.0
2024-03-17,Downtown Dubai,Apartment,2,1018.0,True,3250000.0,211000.0
2024-03-18,Dubai Hills Estate,Apartment,3,1915.0,False,3799000.0,216200.0
2024-03-18,Jumeirah Village Circle,Apartment,2,1243.0,True,1386000.0,95700.0
2024-03-19,Business Bay,Apartment,2,1350.0,True,2512000.0,145700.0
2024-03-19,Arabian Ranches,Apartment,3,1765.0,False,2664000.0,137200.0
2024-03-19,International City,Apartment,1,880.0,True,450000.0,39900.0
2024-03-19,Jumeirah Village Circle,Apartment,2,1331.0,True,1731000.0,146800.0
2024-03-20,Dubai South,Apartment,3,1637.0,False,1618000.0,103700.0
2024-03-21,Palm Jumeirah,Apartment,0,393.0,False,1258000.0,61700.0
2024-03-21,Dubai Marina,Apartment,0,498.0,True,771000.0,48000.0
2024-03-21,Jumeirah Village Circle,Apartment,3,1758.0,True,1759000.0,122400.0
2024-03-21,Dubai Hills Estate,Townhouse,3,2735.0,True,6568000.0,329000.0
2024-03-21,Dubai South,Apartment,1,840.0,False,683000.0,43600.0
2024-03-21,Dubai Marina,Apartment,2,1358.0,True,2878000.0,149600.0
2024-03-21,Business Bay,Apartment,0,472.0,True,988000.0,59500.0
2024-03-22,Arabian Ranches,Apartment,0,481.0,False,643000.0,38800.0
2024-03-22,Palm Jumeirah,Apartment,3,1626.0,True,6005000.0,352600.0
2024-03-22,Jumeirah Village Circle,Townhouse,6,3456.0,False,3560000.0,283500.0
2024-03-22,Jumeirah Village Circle,Apartment,1,824.0,False,808000.0,57800.0
2024-03-22,Dubai Hills Estate,Villa,4,3200.0,False,5640000.0,367700.0
2024-03-23,Dubai South,Villa,3,3044.0,False,3035000.0,244800.0
2024-03-23,Jumeirah Village Circle,Apartment,1,821.0,True,743000.0,54200.0
2024-03-23,Downtown Dubai,Apartment,2,1285.0,True,2849000.0,150300.0
2024-03-23,Downtown Dubai,Apartment,1,1041.0,True,2819000.0,167400.0
2024-03-23,Jumeirah Village Circle,Apartment,2,1302.0,False,1613000.0,135200.0
2024-03-24,Business Bay,Apartment,1,813.0,False,1330000.0,85300.0
2024-03-24,Palm Jumeirah,Apartment,1,985.0,False,3925000.0,220800.0
2024-03-25,Jumeirah Village Circle,Apartment,2,1210.0,True,1527000.0,129800.0
2024-03-25,Dubai Marina,Apartment,2,1116.0,False,2489000.0,129600.0
2024-03-25,Downtown Dubai,Apartment,1,948.0,True,2562000.0,151900.0
2024-03-25,Business Bay,Apartment,0,436.0,False,843000.0,47800.0
2024-03-26,Dubai Marina,Apartment,1,864.0,True,1820000.0,112000.0
2024-03-26,Arabian Ranches,Apartment,3,1946.0,False,2896000.0,157700.0
2024-03-26,Dubai Marina,Apartment,1,828.0,False,1742000.0,111400.0
2024-03-26,Arabian Ranches,Townhouse,3,2662.0,True,2997000.0,181900.0
2024-03-26,Jumeirah Lake Towers,Apartment,1,919.0,False,1225000.0,97800.0
2024-03-26,Jumeirah Village Circle,Apartment,2,1261.0,False,1332000.0,96800.0
2024-03-27,Dubai Marina,Apartment,2,1368.0,True,2336000.0,114800.0
2024-03-27,Dubai South,Apartment,0,469.0,False,426000.0,25800.0
2024-03-28,Business Bay,Apartment,0,409.0,True,809000.0,56800.0
2024-03-28,Dubai Marina,Apartment,1,1034.0,False,1957000.0,114100.0
2024-03-28,Business Bay,Apartment,3,2154.0,False,4800000.0,359300.0
2024-03-28,Dubai Marina,Apartment,2,1453.0,False,3246000.0,211900.0
2024-04-01,Dubai South,Apartment,2,1341.0,True,1255000.0,97900.0
2024-04-01,Business Bay,Apartment,0,450.0,True,938000.0,55700.0
2024-04-01,Arabian Ranches,Apartment,1,789.0,False,1017000.0,50200.0
2024-04-02,Dubai South,Apartment,1,1017.0,True,892000.0,63900.0
2024-04-02,Jumeirah Village Circle,Apartment,0,494.0,False,626000.0,44800.0
2024-04-02,Jumeirah Village Circle,Apartment,0,475.0,True,444000.0,33500.0
2024-04-02,Jumeirah Lake Towers,Apartment,1,779.0,True,955000.0,79900.0
2024-04-03,Jumeirah Village Circle,Apartment,0,389.0,True,458000.0,40500.0
2024-04-03,International City,Apartment,1,730.0,False,398000.0,40100.0
2024-04-03,Jumeirah Village Circle,Apartment,2,1370.0,False,1559000.0,124500.0
2024-04-03,Jumeirah Lake Towers,Apartment,1,729.0,True,1018000.0,76400.0
2024-04-03,Palm Jumeirah,Apartment,3,1854.0,True,6690000.0,352100.0
2024-04-03,Jumeirah Lake Towers,Apartment,0,368.0,True,537000.0,51500.0
2024-04-03,Jumeirah Village Circle,Apartment,3,1630.0,False,2148000.0,185900.0
2024-04-03,Business Bay,Apartment,0,528.0,True,1145000.0,74800.0
2024-04-04,Downtown Dubai,Apartment,1,851.0,False,2236000.0,123600.0
2024-04-05,Business Bay,Apartment,3,1510.0,True,2819000.0,167600.0
2024-04-05,Dubai Hills Estate,Apartment,0,527.0,False,1408000.0,99700.0
2024-04-06,International City,Apartment,1,723.0,False,461000.0,47300.0
2024-04-06,International City,Apartment,2,1148.0,True,576000.0,45500.0
2024-04-06,Jumeirah Village Circle,Apartment,2,1007.0,True,1278000.0,91000.0
2024-04-06,Downtown Dubai,Apartment,0,644.0,False,1922000.0,117900.0
2024-04-06,Jumeirah Village Circle,Apartment,0,470.0,False,380000.0,30900.0
2024-04-07,Dubai Hills Estate,Villa,6,5045.0,False,8491000.0,391900.0
2024-04-07,Palm Jumeirah,Apartment,2,1530.0,False,6214000.0,274400.0
2024-04-08,Jumeirah Village Circle,Apartment,1,931.0,False,1068000.0,81900.0
2024-04-08,Downtown Dubai,Apartment,0,402.0,False,1154000.0,58800.0
2024-04-08,Dubai Hills Estate,Townhouse,4,2652.0,False,5143000.0,260200.0
2024-04-08,Dubai Marina,Apartment,1,761.0,False,1850000.0,108600.0
2024-04-09,Dubai South,Apartment,3,1728.0,True,1541000.0,116300.0
2024-04-09,Jumeirah Lake Towers,Apartment,1,867.0,False,1176000.0,87400.0
2024-04-09,Dubai South,Apartment,1,983.0,False,1091000.0,71800.0
2024-04-09,International City,Townhouse,6,3454.0,True,1751000.0,151900.0
2024-04-09,Arabian Ranches,Apartment,2,1410.0,False,2203000.0,132600.0
2024-04-09,Downtown Dubai,Apartment,1,907.0,False,3050000.0,177800.0
2024-04-10,Palm Jumeirah,Apartment,0,355.0,False,1238000.0,69000.0
2024-04-10,Jumeirah Village Circle,Apartment,0,300.0,False,313000.0,23800.0
2024-04-10,Arabian Ranches,Apartment,0,463.0,True,622000.0,31300.0
2024-04-10,Dubai Hills Estate,Apartment,1,843.0,False,1853000.0,104200.0
2024-04-10,International City,Apartment,3,1525.0,False,875000.0,80900.0
2024-04-10,Jumeirah Village Circle,Apartment,3,1547.0,False,2274000.0,179600.0
2024-04-11,Arabian Ranches,Apartment,3,1611.0,True,2111000.0,138300.0
2024-04-11,Palm Jumeirah,Apartment,3,1658.0,False,4906000.0,251300.0
2024-04-12,Palm Jumeirah,Apartment,0,446.0,True,1636000.0,91600.0
2024-04-12,Palm Jumeirah,Apartment,0,581.0,True,1982000.0,102000.0
2024-04-12,Downtown Dubai,Apartment,2,1230.0,True,3341000.0,188200.0
2024-04-12,Dubai Hills Estate,Apartment,0,352.0,False,899000.0,58200.0
2024-04-12,Arabian Ranches,Apartment,1,883.0,False,1627000.0,80700.0
2024-04-12,Dubai Marina,Apartment,1,1010.0,True,1908000.0,120100.0
2024-04-13,Arabian Ranches,Villa,6,4850.0,False,6631000.0,360500.0
2024-04-13,Dubai South,Apartment,3,1643.0,True,1670000.0,139200.0
2024-04-14,Downtown Dubai,Apartment,3,1376.0,True,3697000.0,187500.0
2024-04-15,Jumeirah Village Circle,Apartment,3,1629.0,False,1783000.0,153200.0
2024-04-15,Downtown Dubai,Apartment,1,772.0,False,2080000.0,134000.0
2024-04-15,Jumeirah Village Circle,Apartment,0,527.0,True,518000.0,34500.0
2024-04-16,Dubai Marina,Apartment,3,1656.0,False,2999000.0,215000.0
2024-04-17,Palm Jumeirah,Apartment,0,372.0,True,1279000.0,66300.0
2024-04-17,International City,Apartment,0,362.0,False,208000.0,19300.0
2024-04-17,Palm Jumeirah,Apartment,2,1097.0,True,3567000.0,178400.0
2024-04-17,Downtown Dubai,Apartment,0,452.0,True,1382000.0,85400.0
2024-04-17,Dubai South,Villa,5,4080.0,True,3596000.0,283200.0
2024-04-18,Palm Jumeirah,Apartment,1,853.0,False,3294000.0,165100.0
2024-04-18,Dubai Marina,Apartment,2,1066.0,False,2565000.0,163600.0
2024-04-18,Business Bay,Apartment,2,1385.0,True,2111000.0,144400.0
2024-04-18,Palm Jumeirah,Townhouse,4,2468.0,True,10671000.0,543100.0
2024-04-18,Jumeirah Village Circle,Apartment,1,798.0,False,998000.0,67300.0
2024-04-19,Jumeirah Village Circle,Apartment,3,1597.0,False,1696000.0,126800.0
2024-04-19,International City,Apartment,1,721.0,False,343000.0,29800.0
2024-04-19,Downtown Dubai,Apartment,1,1008.0,False,2472000.0,145700.0
2024-04-19,Dubai Marina,Apartment,3,1629.0,True,3657000.0,259000.0
2024-04-19,Arabian Ranches,Apartment,1,854.0,True,1016000.0,52900.0
2024-04-19,International City,Apartment,3,1344.0,True,600000.0,47800.0
2024-04-20,Dubai Hills Estate,Apartment,0,413.0,True,825000.0,53800.0
2024-04-21,Dubai South,Villa,4,3603.0,False,3858000.0,338300.0
2024-04-21,Jumeirah Lake Towers,Apartment,2,1066.0,False,1318000.0,95800.0
2024-04-21,Dubai Marina,Apartment,3,1684.0,False,3739000.0,276800.0
2024-04-21,Dubai South,Villa,6,4069.0,True,3642000.0,342100.0
2024-04-21,Dubai Hills Estate,Villa,6,4691.0,True,10434000.0,531400.0
2024-04-22,Jumeirah Lake Towers,Apartment,2,1288.0,False,1378000.0,107500.0
2024-04-22,Dubai Hills Estate,Apartment,3,1488.0,True,2856000.0,137400.0
2024-04-23,Jumeirah Village Circle,Apartment,2,1302.0,True,1709000.0,128700.0
2024-04-23,Business Bay,Apartment,1,886.0,True,1540000.0,94600.0
2024-04-24,Palm Jumeirah,Apartment,3,1608.0,False,5183000.0,270300.0
2024-04-24,Arabian Ranches,Apartment,2,1474.0,False,2173000.0,97000.0
2024-04-24,Dubai South,Apartment,0,395.0,True,306000.0,22700.0
2024-04-24,International City,Apartment,0,481.0,False,245000.0,20800.0
2024-04-24,Arabian Ranches,Apartment,1,1036.0,True,1227000.0,61600.0
2024-04-24,Palm Jumeirah,Apartment,1,837.0,True,3051000.0,142200.0
2024-04-24,Jumeirah Village Circle,Apartment,3,1362.0,False,1876000.0,161200.0
2024-04-25,Jumeirah Village Circle,Apartment,1,769.0,False,1048000.0,79300.0
2024-04-26,Dubai Marina,Apartment,2,1363.0,True,2783000.0,169000.0
2024-04-26,Palm Jumeirah,Villa,4,3038.0,True,9077000.0,425600.0
2024-04-27,Palm Jumeirah,Townhouse,3,2526.0,False,10598000.0,605300.0
2024-04-27,Dubai South,Apartment,0,386.0,True,348000.0,25700.0
2024-04-27,Jumeirah Lake Towers,Apartment,0,324.0,True,388000.0,28700.0
2024-04-27,Jumeirah Lake Towers,Apartment,0,378.0,True,678000.0,50600.0
2024-04-28,Business Bay,Apartment,3,1902.0,True,4775000.0,325400.0
2024-04-28,Palm Jumeirah,Apartment,3,1809.0,False,6256000.0,274500.0
2024-04-28,Arabian Ranches,Apartment,3,1318.0,False,2471000.0,146400.0
2024-05-01,Dubai Hills Estate,Apartment,0,474.0,False,1054000.0,55500.0
2024-05-01,Dubai Hills Estate,Villa,4,3083.0,False,5792000.0,349700.0
2024-05-01,Jumeirah Village Circle,Apartment,0,478.0,True,538000.0,43100.0
2024-05-01,Jumeirah Lake Towers,Apartment,3,1588.0,False,2206000.0,144500.0
2024-05-01,Jumeirah Lake Towers,Apartment,3,1586.0,True,1644000.0,140200.0
2024-05-01,Business Bay,Apartment,0,514.0,False,1167000.0,83700.0
2024-05-01,Jumeirah Lake Towers,Apartment,0,451.0,False,565000.0,47000.0
2024-05-02,Dubai Marina,Apartment,0,337.0,False,683000.0,43900.0
2024-05-02,Dubai South,Apartment,0,353.0,False,393000.0,25200.0
2024-05-02,International City,Apartment,0,444.0,True,230000.0,19300.0
2024-05-03,Jumeirah Lake Towers,Apartment,3,1297.0,True,1560000.0,115000.0
2024-05-03,Jumeirah Village Circle,Apartment,2,1152.0,True,1175000.0,103700.0
2024-05-04,Jumeirah Lake Towers,Apartment,2,1361.0,True,1873000.0,145800.0
2024-05-04,Palm Jumeirah,Apartment,3,1124.0,False,4620000.0,206800.0
2024-05-05,Palm Jumeirah,Villa,4,3585.0,True,11763000.0,533000.0
2024-05-05,Business Bay,Apartment,2,1276.0,True,2578000.0,233800.0
2024-05-05,Palm Jumeirah,Apartment,0,500.0,False,1922000.0,93100.0
2024-05-05,Dubai South,Apartment,3,1922.0,False,2028000.0,146500.0
2024-05-05,Palm Jumeirah,Apartment,3,2039.0,False,6786000.0,319500.0
2024-05-06,International City,Apartment,3,1557.0,True,983000.0,108500.0
2024-05-06,Arabian Ranches,Villa,5,4231.0,False,7005000.0,404800.0
2024-05-06,International City,Apartment,3,1818.0,False,1078000.0,103500.0
2024-05-07,Dubai South,Villa,5,3963.0,False,3597000.0,292900.0
2024-05-07,Dubai Hills Estate,Villa,5,4433.0,True,8678000.0,479200.0
2024-05-07,Jumeirah Lake Towers,Apartment,3,1896.0,True,2398000.0,168000.0
2024-05-07,Dubai Hills Estate,Apartment,3,1485.0,False,2840000.0,169600.0
2024-05-07,Palm Jumeirah,Apartment,3,2037.0,True,6149000.0,293300.0
2024-05-08,Dubai Hills Estate,Apartment,2,1390.0,True,2481000.0,129300.0
2024-05-08,Jumeirah Village Circle,Apartment,0,318.0,False,383000.0,28200.0
2024-05-08,Jumeirah Lake Towers,Apartment,3,1537.0,True,2019000.0,141600.0
2024-05-08,Jumeirah Lake Towers,Apartment,1,938.0,True,1127000.0,69200.0
2024-05-09,Jumeirah Lake Towers,Apartment,0,396.0,True,437000.0,33100.0
2024-05-09,Jumeirah Lake Towers,Apartment,0,495.0,True,677000.0,50100.0
2024-05-10,International City,Apartment,2,1391.0,True,661000.0,60500.0
2024-05-10,Dubai Marina,Apartment,2,1495.0,False,3224000.0,195400.0
2024-05-10,Dubai South,Apartment,3,1831.0,False,1762000.0,135000.0
2024-05-11,Dubai Hills Estate,Apartment,3,1568.0,True,3445000.0,211000.0
2024-05-11,Jumeirah Lake Towers,Apartment,0,521.0,True,699000.0,57400.0
2024-05-11,Dubai South,Apartment,0,422.0,True,372000.0,25300.0
2024-05-12,Business Bay,Apartment,2,1353.0,False,3694000.0,222400.0
2024-05-12,Dubai Marina,Apartment,3,1851.0,True,4286000.0,249400.0
2024-05-12,Downtown Dubai,Apartment,3,1407.0,True,4689000.0,227900.0
2024-05-12,Palm Jumeirah,Apartment,3,1640.0,False,5971000.0,279300.0
2024-05-13,Jumeirah Lake Towers,Apartment,0,375.0,True,517000.0,36800.0
2024-05-13,International City,Apartment,1,841.0,True,374000.0,30600.0
2024-05-13,Dubai South,Apartment,3,2032.0,True,1871000.0,126000.0
2024-05-13,Dubai Hills Estate,Apartment,1,935.0,False,1638000.0,111200.0
2024-05-14,Palm Jumeirah,Apartment,1,814.0,False,3568000.0,219300.0
2024-05-14,Dubai Hills Estate,Villa,5,3896.0,False,9551000.0,571200.0
2024-05-14,Arabian Ranches,Apartment,2,1452.0,False,2198000.0,120300.0
2024-05-14,Dubai Hills Estate,Villa,3,2741.0,True,5368000.0,344800.0
2024-05-15,Jumeirah Lake Towers,Apartment,2,1290.0,False,1698000.0,108200.0
2024-05-16,Business Bay,Apartment,2,1048.0,False,2304000.0,148900.0
2024-05-16,Jumeirah Village Circle,Apartment,3,1479.0,True,1689000.0,151900.0
2024-05-16,Downtown Dubai,Apartment,0,485.0,True,1596000.0,95000.0
2024-05-16,Business Bay,Apartment,2,1079.0,False,2508000.0,162400.0
2024-05-17,Jumeirah Lake Towers,Apartment,0,400.0,False,565000.0,47700.0
2024-05-18,Business Bay,Apartment,2,904.0,True,2135000.0,121800.0
2024-05-18,Jumeirah Lake Towers,Apartment,0,528.0,False,721000.0,60100.0
2024-05-18,Business Bay,Apartment,3,1596.0,True,2787000.0,191300.0
2024-05-18,Jumeirah Lake Towers,Apartment,2,1424.0,False,2245000.0,201200.0
2024-05-19,Dubai Hills Estate,Apartment,0,390.0,False,821000.0,57400.0
2024-05-19,International City,Apartment,2,1343.0,True,727000.0,73900.0
2024-05-19,Dubai Hills Estate,Apartment,1,786.0,True,1601000.0,102100.0
2024-05-19,Dubai Marina,Apartment,0,591.0,False,978000.0,63400.0
2024-05-19,Downtown Dubai,Apartment,1,872.0,True,1834000.0,94900.0
2024-05-19,Downtown Dubai,Apartment,3,1649.0,True,3921000.0,240300.0
2024-05-20,Arabian Ranches,Apartment,0,529.0,False,879000.0,42700.0
2024-05-20,Business Bay,Apartment,3,1481.0,True,4157000.0,269800.0
2024-05-20,Downtown Dubai,Apartment,3,1547.0,False,4245000.0,226500.0
2024-05-20,Arabian Ranches,Apartment,0,394.0,True,511000.0,27300.0
2024-05-21,Jumeirah Village Circle,Townhouse,3,2715.0,False,2849000.0,205400.0
2024-05-21,Business Bay,Apartment,3,1916.0,False,5217000.0,338600.0
2024-05-22,Dubai Hills Estate,Apartment,1,730.0,False,1427000.0,88300.0
2024-05-22,Dubai Hills Estate,Apartment,3,1470.0,False,2805000.0,140600.0
2024-05-22,Jumeirah Lake Towers,Apartment,1,739.0,True,948000.0,63100.0
2024-05-22,Dubai South,Apartment,2,952.0,False,862000.0,55800.0
2024-05-22,Business Bay,Apartment,2,1216.0,False,2266000.0,145800.0
2024-05-23,Business Bay,Apartment,3,1853.0,False,4621000.0,246600.0
2024-05-23,Jumeirah Village Circle,Apartment,2,1496.0,True,1685000.0,139300.0
2024-05-23,International City,Apartment,0,511.0,True,249000.0,18700.0
2024-05-24,Business Bay,Apartment,1,781.0,False,1321000.0,89300.0
2024-05-25,International City,Apartment,0,441.0,False,322000.0,28600.0
2024-05-25,Arabian Ranches,Apartment,2,1427.0,False,2006000.0,108900.0
2024-05-26,International City,Townhouse,4,2797.0,False,1246000.0,118200.0
2024-05-26,Dubai South,Villa,5,3859.0,True,4104000.0,300200.0
2024-05-27,Arabian Ranches,Apartment,1,769.0,True,1194000.0,67300.0
2024-05-28,International City,Apartment,0,428.0,True,200000.0,18000.0
2024-05-28,Downtown Dubai,Apartment,2,1366.0,True,3458000.0,192900.0
2024-05-28,Dubai South,Villa,3,2967.0,False,2877000.0,215800.0
2024-06-02,Dubai Marina,Apartment,3,1523.0,True,2923000.0,176000.0
2024-06-02,Downtown Dubai,Townhouse,3,2687.0,True,7822000.0,399500.0
2024-06-02,International City,Townhouse,4,3267.0,False,2038000.0,208500.0
2024-06-02,Palm Jumeirah,Apartment,3,1774.0,True,6249000.0,289100.0
2024-06-02,Palm Jumeirah,Apartment,1,1031.0,True,3669000.0,190300.0
2024-06-03,Business Bay,Apartment,2,1437.0,False,3154000.0,210000.0
2024-06-03,Business Bay,Apartment,2,1277.0,True,2871000.0,174900.0
2024-06-03,Jumeirah Village Circle,Apartment,2,1288.0,False,1187000.0,80300.0
2024-06-03,Jumeirah Lake Towers,Apartment,3,1875.0,True,2230000.0,173100.0
2024-06-03,Jumeirah Village Circle,Apartment,0,417.0,False,538000.0,35400.0
2024-06-05,Jumeirah Village Circle,Apartment,1,956.0,False,1012000.0,61200.0
2024-06-05,Arabian Ranches,Apartment,1,1023.0,True,1409000.0,66900.0
2024-06-05,Downtown Dubai,Apartment,0,632.0,False,1888000.0,90200.0
2024-06-05,Dubai South,Apartment,2,1434.0,True,1208000.0,83400.0
2024-06-05,Palm Jumeirah,Apartment,3,1325.0,False,4598000.0,254000.0
2024-06-06,Dubai Marina,Apartment,1,731.0,False,1807000.0,106400.0
2024-06-06,Jumeirah Lake Towers,Apartment,1,849.0,True,998000.0,75900.0
2024-06-06,Dubai South,Apartment,0,459.0,True,514000.0,51800.0
2024-06-06,Dubai South,Apartment,2,1178.0,False,1250000.0,86400.0
2024-06-06,International City,Apartment,3,1654.0,False,821000.0,78300.0
2024-06-06,Dubai Hills Estate,Apartment,0,492.0,False,1233000.0,77200.0
2024-06-06,Dubai Marina,Apartment,3,1573.0,True,3247000.0,213600.0
2024-06-06,Palm Jumeirah,Apartment,2,1374.0,False,4273000.0,192200.0
2024-06-07,Jumeirah Village Circle,Apartment,1,705.0,True,792000.0,60400.0
2024-06-07,Dubai Marina,Apartment,3,1929.0,False,4256000.0,299100.0
2024-06-07,Business Bay,Apartment,1,869.0,True,1538000.0,92800.0
2024-06-07,Dubai Marina,Apartment,1,879.0,True,1830000.0,120000.0
2024-06-09,Arabian Ranches,Apartment,3,1865.0,True,2830000.0,145200.0
2024-06-09,Palm Jumeirah,Apartment,2,1316.0,True,4308000.0,252800.0
2024-06-09,Dubai Marina,Apartment,3,1722.0,False,3849000.0,249600.0
2024-06-09,Business Bay,Apartment,2,1478.0,True,2568000.0,167100.0
2024-06-09,International City,Apartment,0,521.0,False,253000.0,20600.0
2024-06-09,International City,Apartment,0,488.0,False,273000.0,22600.0
2024-06-10,Arabian Ranches,Apartment,1,919.0,False,1322000.0,70300.0
2024-06-10,Arabian Ranches,Apartment,2,1116.0,False,1348000.0,74500.0
2024-06-10,Business Bay,Apartment,3,1784.0,False,3506000.0,252400.0
2024-06-10,Dubai Marina,Apartment,0,480.0,True,965000.0,60500.0
2024-06-11,International City,Apartment,1,769.0,True,428000.0,38800.0
2024-06-11,Business Bay,Apartment,0,521.0,False,949000.0,49900.0
2024-06-12,Arabian Ranches,Villa,3,3197.0,False,3535000.0,189500.0
2024-06-12,Arabian Ranches,Apartment,2,1462.0,True,2159000.0,122400.0
2024-06-12,Arabian Ranches,Townhouse,6,3641.0,True,4463000.0,219000.0
2024-06-13,Dubai South,Apartment,0,415.0,False,383000.0,29800.0
2024-06-14,Dubai Marina,Townhouse,3,2436.0,False,5509000.0,368500.0
2024-06-14,Dubai South,Villa,5,3517.0,False,3051000.0,213600.0
2024-06-14,Palm Jumeirah,Apartment,0,425.0,False,1774000.0,80400.0
2024-06-14,Dubai South,Apartment,3,1770.0,False,1461000.0,111900.0
2024-06-14,Dubai Marina,Apartment,1,982.0,True,2136000.0,115900.0
2024-06-14,Arabian Ranches,Apartment,3,1514.0,False,1973000.0,118400.0
2024-06-14,Downtown Dubai,Apartment,3,1627.0,False,4821000.0,256600.0
2024-06-14,Dubai South,Apartment,1,775.0,True,723000.0,51400.0
2024-06-15,Dubai South,Townhouse,3,2480.0,True,2772000.0,219900.0
2024-06-16,Jumeirah Village Circle,Apartment,1,806.0,False,918000.0,69700.0
2024-06-16,Jumeirah Village Circle,Apartment,2,1425.0,True,1333000.0,107000.0
2024-06-17,Jumeirah Lake Towers,Apartment,2,1373.0,True,1853000.0,134100.0
2024-06-17,Jumeirah Lake Towers,Apartment,2,1165.0,True,1766000.0,103200.0
2024-06-18,Arabian Ranches,Apartment,1,933.0,False,1424000.0,78500.0
2024-06-18,Palm Jumeirah,Apartment,1,831.0,False,3037000.0,151600.0
2024-06-18,Downtown Dubai,Apartment,0,457.0,False,1236000.0,62000.0
2024-06-18,Dubai Hills Estate,Apartment,0,516.0,True,1041000.0,49600.0
2024-06-18,International City,Apartment,2,1412.0,False,683000.0,64900.0
2024-06-18,Dubai Hills Estate,Apartment,3,1701.0,False,3055000.0,139900.0
2024-06-19,Business Bay,Apartment,3,1904.0,False,4745000.0,316500.0
2024-06-19,Arabian Ranches,Apartment,0,371.0,False,545000.0,27800.0
2024-06-19,Palm Jumeirah,Apartment,2,1342.0,True,5567000.0,258300.0
2024-06-20,Jumeirah Lake Towers,Apartment,3,1778.0,True,2427000.0,171500.0
2024-06-20,Jumeirah Lake Towers,Apartment,2,1335.0,True,1742000.0,123500.0
2024-06-20,Jumeirah Lake Towers,Apartment,0,387.0,False,526000.0,36800.0
2024-06-20,Business Bay,Apartment,3,1770.0,False,4264000.0,315600.0
2024-06-21,Downtown Dubai,Apartment,2,1153.0,False,3327000.0,177400.0
2024-06-21,Dubai Marina,Apartment,3,1524.0,False,3659000.0,249700.0
2024-06-23,International City,Apartment,2,1571.0,False,872000.0,85100.0
2024-06-23,Jumeirah Lake Towers,Apartment,0,585.0,False,883000.0,58200.0
2024-06-24,International City,Apartment,0,429.0,True,180000.0,15000.0
2024-06-24,Downtown Dubai,Apartment,1,1001.0,False,3069000.0,162000.0
2024-06-24,Business Bay,Apartment,3,1611.0,True,3375000.0,216100.0
2024-06-24,Dubai Hills Estate,Apartment,2,1432.0,True,2773000.0,177200.0
2024-06-24,Dubai Hills Estate,Apartment,3,1912.0,True,3471000.0,169400.0
2024-06-24,Jumeirah Lake Towers,Apartment,2,1196.0,True,1459000.0,114300.0
2024-06-24,Jumeirah Lake Towers,Apartment,2,1556.0,True,1823000.0,166800.0
2024-06-25,Business Bay,Apartment,3,1769.0,False,3482000.0,222700.0
2024-06-25,Dubai Marina,Apartment,1,824.0,True,1568000.0,112400.0
2024-06-25,Business Bay,Apartment,3,1691.0,True,2969000.0,159500.0
2024-06-25,Jumeirah Lake Towers,Apartment,0,362.0,False,510000.0,36100.0
2024-06-25,Dubai Hills Estate,Apartment,0,559.0,True,1179000.0,81700.0
2024-06-25,International City,Apartment,2,1457.0,True,759000.0,64200.0
2024-06-26,Business Bay,Apartment,2,1533.0,True,3135000.0,185800.0
2024-06-26,International City,Apartment,2,1180.0,False,524000.0,46000.0
2024-06-26,Dubai Marina,Apartment,1,774.0,False,1547000.0,88900.0
2024-06-27,Dubai Marina,Apartment,2,1362.0,True,2623000.0,148800.0
2024-06-27,Dubai Marina,Apartment,1,910.0,False,1507000.0,93100.0
2024-06-27,Dubai Marina,Apartment,3,1617.0,False,3946000.0,254100.0
2024-06-27,Dubai Hills Estate,Apartment,0,387.0,True,699000.0,40400.0
2024-06-28,Arabian Ranches,Apartment,2,1389.0,True,2091000.0,117300.0
2024-06-28,Jumeirah Village Circle,Apartment,2,1080.0,True,981000.0,84300.0
2024-07-01,Business Bay,Apartment,1,886.0,False,1975000.0,134600.0
2024-07-01,Dubai Marina,Apartment,2,1352.0,False,2588000.0,157900.0
2024-07-01,Downtown Dubai,Apartment,3,1712.0,False,5543000.0,315500.0
2024-07-01,Dubai South,Apartment,2,910.0,True,966000.0,70800.0
2024-07-01,Dubai Marina,Apartment,2,1428.0,False,2928000.0,154000.0
2024-07-01,Dubai Marina,Apartment,3,1570.0,True,2983000.0,230000.0
2024-07-01,Business Bay,Apartment,2,1342.0,False,2801000.0,195600.0
2024-07-01,Dubai Marina,Apartment,0,436.0,False,879000.0,62200.0
2024-07-02,Jumeirah Village Circle,Apartment,1,649.0,True,683000.0,49900.0
2024-07-02,Arabian Ranches,Apartment,0,421.0,False,624000.0,34000.0
2024-07-02,Palm Jumeirah,Apartment,1,738.0,True,2981000.0,147000.0
2024-07-02,Jumeirah Village Circle,Apartment,0,427.0,False,523000.0,48700.0
2024-07-03,Arabian Ranches,Apartment,3,1649.0,False,3105000.0,147400.0
2024-07-03,Dubai South,Apartment,3,1896.0,False,1836000.0,127900.0
2024-07-03,Business Bay,Apartment,1,961.0,False,1854000.0,161000.0
2024-07-04,International City,Apartment,3,1567.0,False,818000.0,80200.0
2024-07-04,Business Bay,Apartment,1,851.0,False,1723000.0,96600.0
2024-07-04,Dubai Hills Estate,Apartment,1,802.0,False,1708000.0,97500.0
2024-07-04,Arabian Ranches,Apartment,0,393.0,True,676000.0,31000.0
2024-07-04,Jumeirah Lake Towers,Apartment,2,1013.0,False,1565000.0,110900.0
2024-07-04,Jumeirah Village Circle,Apartment,3,1409.0,True,1564000.0,126100.0
2024-07-04,Jumeirah Lake Towers,Apartment,2,1334.0,False,1859000.0,165300.0
2024-07-05,Dubai South,Villa,3,2900.0,False,2562000.0,216900.0
2024-07-05,Dubai Marina,Apartment,0,421.0,True,841000.0,50200.0
2024-07-06,Dubai Hills Estate,Villa,3,3215.0,False,6247000.0,323500.0
2024-07-06,Downtown Dubai,Apartment,0,439.0,False,1563000.0,77900.0
2024-07-06,International City,Apartment,2,1292.0,False,667000.0,64300.0
2024-07-06,Business Bay,Apartment,0,535.0,True,1038000.0,69400.0
2024-07-07,Dubai Hills Estate,Apartment,2,1410.0,False,2530000.0,136000.0
2024-07-07,Business Bay,Apartment,3,1810.0,False,3973000.0,236700.0
2024-07-07,International City,Apartment,0,424.0,True,232000.0,23700.0
2024-07-07,Downtown Dubai,Apartment,3,1895.0,True,5339000.0,291400.0
2024-07-07,International City,Apartment,1,773.0,True,414000.0,36900.0
2024-07-08,Arabian Ranches,Apartment,3,2077.0,False,3221000.0,149100.0
2024-07-08,Palm Jumeirah,Apartment,3,1641.0,True,5813000.0,282900.0
2024-07-08,Business Bay,Apartment,2,1271.0,False,2896000.0,203000.0
2024-07-09,Arabian Ranches,Villa,5,3732.0,False,5977000.0,342700.0
2024-07-09,Arabian Ranches,Apartment,2,991.0,True,1443000.0,77700.0
2024-07-09,Dubai Hills Estate,Apartment,0,378.0,False,832000.0,50200.0
2024-07-09,Jumeirah Village Circle,Apartment,3,1664.0,False,1625000.0,116900.0
2024-07-09,Arabian Ranches,Apartment,0,443.0,True,684000.0,35300.0
2024-07-10,Downtown Dubai,Apartment,1,801.0,True,2148000.0,125800.0
2024-07-10,Arabian Ranches,Apartment,0,453.0,True,687000.0,36200.0
2024-07-10,Jumeirah Village Circle,Apartment,1,801.0,True,867000.0,69400.0
2024-07-10,Arabian Ranches,Townhouse,4,3009.0,False,3461000.0,208800.0
2024-07-10,Arabian Ranches,Apartment,2,1383.0,True,2127000.0,116800.0
2024-07-10,Dubai Marina,Apartment,0,432.0,True,1118000.0,67400.0
2024-07-11,Jumeirah Village Circle,Apartment,0,460.0,True,472000.0,37400.0
2024-07-11,International City,Apartment,0,461.0,False,268000.0,26000.0
2024-07-11,Downtown Dubai,Apartment,0,454.0,True,1224000.0,67800.0
2024-07-11,Downtown Dubai,Apartment,0,431.0,True,1139000.0,59600.0
2024-07-13,Palm Jumeirah,Apartment,2,1451.0,False,5353000.0,341200.0
2024-07-13,Dubai South,Villa,6,4262.0,False,3686000.0,266300.0
2024-07-14,Business Bay,Apartment,2,1492.0,True,2728000.0,208600.0
2024-07-14,International City,Apartment,0,461.0,False,277000.0,25100.0
2024-07-14,Jumeirah Village Circle,Apartment,1,1007.0,False,1228000.0,110000.0
2024-07-14,Dubai Marina,Apartment,3,1772.0,True,3694000.0,242000.0
2024-07-15,Business Bay,Apartment,2,1111.0,False,2383000.0,166200.0
2024-07-16,Dubai Marina,Apartment,3,1698.0,False,4143000.0,248600.0
2024-07-16,Jumeirah Village Circle,Apartment,2,1501.0,True,1818000.0,125800.0
2024-07-16,Jumeirah Lake Towers,Apartment,2,1263.0,True,1796000.0,115000.0
2024-07-16,Dubai Hills Estate,Apartment,1,947.0,True,1673000.0,91600.0
2024-07-17,Jumeirah Lake Towers,Apartment,1,812.0,True,1190000.0,86300.0
2024-07-17,International City,Apartment,2,1307.0,False,653000.0,49700.0
2024-07-18,Arabian Ranches,Apartment,0,618.0,False,1051000.0,64900.0
2024-07-18,Jumeirah Lake Towers,Apartment,1,803.0,True,939000.0,72500.0
2024-07-18,Dubai South,Apartment,3,1569.0,False,1585000.0,140200.0
2024-07-18,Dubai South,Apartment,2,1440.0,True,901000.0,69900.0
2024-07-18,Arabian Ranches,Apartment,2,998.0,False,1514000.0,90400.0
2024-07-19,Jumeirah Lake Towers,Apartment,2,1210.0,False,1686000.0,99900.0
2024-07-19,Dubai Marina,Apartment,1,810.0,False,1823000.0,124700.0
2024-07-19,Business Bay,Apartment,3,1912.0,True,2869000.0,161900.0
2024-07-19,Jumeirah Village Circle,Apartment,0,432.0,True,513000.0,45000.0
2024-07-19,Arabian Ranches,Apartment,3,1664.0,True,2653000.0,143300.0
2024-07-20,Downtown Dubai,Apartment,2,1443.0,True,4383000.0,219100.0
2024-07-20,Jumeirah Lake Towers,Apartment,2,1300.0,True,1725000.0,128600.0
2024-07-20,Dubai Hills Estate,Townhouse,6,3589.0,True,6368000.0,374700.0
2024-07-20,Jumeirah Lake Towers,Apartment,1,799.0,False,962000.0,73000.0
2024-07-21,Business Bay,Apartment,1,1014.0,False,2032000.0,124400.0
2024-07-21,Palm Jumeirah,Villa,6,4294.0,False,17805000.0,815600.0
2024-07-22,Palm Jumeirah,Apartment,2,1026.0,True,3298000.0,163400.0
2024-07-22,Palm Jumeirah,Townhouse,4,3136.0,True,9794000.0,575500.0
2024-07-22,Jumeirah Village Circle,Apartment,3,1793.0,True,1985000.0,141600.0
2024-07-22,Jumeirah Village Circle,Apartment,3,1573.0,True,1316000.0,119200.0
2024-07-22,Arabian Ranches,Apartment,0,493.0,True,765000.0,39200.0
2024-07-23,Palm Jumeirah,Apartment,3,2064.0,True,6590000.0,391800.0
2024-07-24,Dubai Hills Estate,Apartment,1,750.0,False,1381000.0,91300.0
2024-07-24,Downtown Dubai,Apartment,1,858.0,True,2128000.0,104300.0
2024-07-24,Arabian Ranches,Apartment,1,987.0,True,1006000.0,56700.0
2024-07-25,Dubai Marina,Apartment,2,1190.0,False,2542000.0,180300.0
2024-07-25,Palm Jumeirah,Villa,3,3073.0,True,12165000.0,607100.0
2024-07-26,Downtown Dubai,Apartment,3,1529.0,True,4017000.0,197400.0
2024-07-26,Palm Jumeirah,Apartment,0,316.0,True,1005000.0,52100.0
2024-07-26,International City,Apartment,3,1702.0,True,886000.0,92900.0
2024-07-26,Jumeirah Village Circle,Apartment,0,435.0,False,534000.0,37500.0
2024-07-27,Dubai South,Apartment,3,1884.0,False,1969000.0,142800.0
2024-07-27,Dubai Marina,Apartment,0,576.0,False,1688000.0,106900.0
2024-07-27,Downtown Dubai,Apartment,1,891.0,False,2893000.0,166400.0
2024-07-27,Arabian Ranches,Apartment,1,681.0,True,1211000.0,57400.0
2024-07-27,Dubai Hills Estate,Villa,6,4339.0,True,7887000.0,556200.0
2024-07-28,Dubai South,Villa,5,4088.0,False,4088000.0,304400.0
2024-07-28,Arabian Ranches,Villa,4,3712.0,True,4897000.0,279800.0
2024-07-28,Palm Jumeirah,Apartment,1,914.0,True,2672000.0,139400.0
2024-08-01,Downtown Dubai,Apartment,3,1896.0,True,5300000.0,243900.0
2024-08-02,International City,Apartment,0,448.0,True,241000.0,23000.0
2024-08-02,Business Bay,Apartment,2,1486.0,True,3075000.0,177600.0
2024-08-02,Dubai Marina,Apartment,1,973.0,False,1791000.0,115300.0
2024-08-02,Business Bay,Apartment,1,917.0,False,1760000.0,105500.0
2024-08-02,Business Bay,Apartment,3,1787.0,False,3309000.0,204500.0
2024-08-02,Dubai Marina,Townhouse,3,2702.0,False,6043000.0,379100.0
2024-08-02,Arabian Ranches,Apartment,2,1258.0,False,2086000.0,131700.0
2024-08-03,Jumeirah Lake Towers,Apartment,3,1763.0,False,2687000.0,180300.0
2024-08-03,Downtown Dubai,Apartment,2,1642.0,False,4313000.0,229700.0
2024-08-03,Arabian Ranches,Apartment,2,1021.0,True,1330000.0,70100.0
2024-08-03,Jumeirah Village Circle,Apartment,2,1514.0,False,1750000.0,140000.0
2024-08-03,Palm Jumeirah,Villa,3,3061.0,False,10532000.0,513200.0
2024-08-04,Dubai Hills Estate,Apartment,0,495.0,True,1165000.0,83000.0
2024-08-04,Jumeirah Village Circle,Apartment,0,398.0,True,459000.0,35700.0
2024-08-04,Business Bay,Apartment,2,1075.0,False,2536000.0,143900.0
2024-08-04,Arabian Ranches,Apartment,0,426.0,True,559000.0,31300.0
2024-08-04,Jumeirah Lake Towers,Apartment,2,1335.0,True,1888000.0,128400.0
2024-08-05,Dubai Marina,Apartment,3,1555.0,False,3061000.0,212900.0
2024-08-06,Business Bay,Apartment,2,1349.0,False,2486000.0,147400.0
2024-08-06,Jumeirah Lake Towers,Apartment,0,520.0,False,584000.0,47800.0
2024-08-06,International City,Apartment,0,418.0,True,200000.0,17800.0
2024-08-06,Dubai Marina,Apartment,1,958.0,True,1823000.0,112700.0
2024-08-06,Dubai South,Apartment,1,1163.0,False,1103000.0,88400.0
2024-08-06,Dubai Marina,Apartment,2,1403.0,True,2298000.0,118400.0
2024-08-07,Dubai Hills Estate,Villa,6,3912.0,False,10256000.0,527800.0
2024-08-07,Business Bay,Apartment,0,504.0,True,1038000.0,63700.0
2024-08-07,Arabian Ranches,Apartment,1,744.0,False,1373000.0,82000.0
2024-08-08,Arabian Ranches,Apartment,1,833.0,True,1117000.0,65200.0
2024-08-08,International City,Apartment,3,1563.0,True,949000.0,82200.0
2024-08-08,Dubai Hills Estate,Apartment,3,2012.0,False,4128000.0,229200.0
2024-08-08,Palm Jumeirah,Apartment,3,1447.0,True,5009000.0,216200.0
2024-08-09,Downtown Dubai,Apartment,0,446.0,True,1133000.0,62900.0
2024-08-09,Jumeirah Lake Towers,Apartment,2,1336.0,False,1953000.0,146000.0
2024-08-09,Arabian Ranches,Apartment,1,885.0,False,1206000.0,61200.0
2024-08-09,Dubai Marina,Apartment,2,1159.0,False,2345000.0,177100.0
2024-08-09,Dubai South,Villa,5,3984.0,True,3808000.0,306500.0
2024-08-09,Dubai South,Villa,4,3545.0,False,3761000.0,339700.0
2024-08-10,Arabian Ranches,Apartment,3,1885.0,False,2930000.0,175500.0
2024-08-10,Jumeirah Village Circle,Apartment,1,1000.0,False,1304000.0,118800.0
2024-08-10,Dubai Marina,Apartment,2,1233.0,False,2748000.0,160400.0
2024-08-10,Arabian Ranches,Apartment,1,834.0,False,1131000.0,57900.0
2024-08-11,Jumeirah Lake Towers,Apartment,1,725.0,True,923000.0,69000.0
2024-08-11,Dubai South,Apartment,0,347.0,False,295000.0,23800.0
2024-08-11,International City,Apartment,3,1546.0,False,974000.0,91700.0
2024-08-11,Downtown Dubai,Apartment,3,1367.0,False,3809000.0,235600.0
2024-08-12,Jumeirah Village Circle,Apartment,2,1341.0,True,1575000.0,119400.0
2024-08-12,Dubai Hills Estate,Apartment,1,818.0,True,1567000.0,82700.0
2024-08-12,Palm Jumeirah,Apartment,2,1346.0,False,5083000.0,263500.0
2024-08-12,Dubai Hills Estate,Townhouse,5,3333.0,False,5563000.0,356400.0
2024-08-12,Dubai Marina,Apartment,2,1194.0,False,2757000.0,178800.0
2024-08-12,Dubai Marina,Apartment,0,433.0,True,749000.0,54300.0
2024-08-13,Dubai Marina,Apartment,1,848.0,True,1750000.0,127100.0
2024-08-13,Downtown Dubai,Apartment,1,869.0,True,2481000.0,142300.0
2024-08-14,Dubai Hills Estate,Villa,3,3046.0,True,4747000.0,222900.0
2024-08-14,Jumeirah Lake Towers,Apartment,2,1267.0,False,1621000.0,120300.0
2024-08-14,Palm Jumeirah,Apartment,0,443.0,True,1592000.0,74800.0
2024-08-14,Downtown Dubai,Apartment,3,1453.0,False,4005000.0,209300.0
2024-08-14,International City,Apartment,2,1103.0,True,592000.0,57400.0
2024-08-14,International City,Apartment,3,1524.0,False,915000.0,79100.0
2024-08-14,Downtown Dubai,Apartment,2,1416.0,True,4473000.0,260700.0
2024-08-15,International City,Apartment,3,1832.0,False,1110000.0,100400.0
2024-08-15,International City,Apartment,3,1687.0,True,793000.0,65800.0
2024-08-15,Jumeirah Village Circle,Apartment,0,380.0,False,342000.0,25700.0
2024-08-15,Jumeirah Village Circle,Apartment,0,406.0,True,446000.0,36000.0
2024-08-15,Jumeirah Village Circle,Apartment,2,1232.0,False,1563000.0,124100.0
2024-08-15,Jumeirah Village Circle,Townhouse,5,3199.0,False,4942000.0,326700.0
2024-08-15,Downtown Dubai,Apartment,0,536.0,False,1611000.0,75500.0
2024-08-15,Jumeirah Lake Towers,Apartment,1,708.0,False,932000.0,66500.0
2024-08-15,Business Bay,Apartment,3,2039.0,True,3613000.0,285500.0
2024-08-16,Jumeirah Village Circle,Apartment,1,841.0,False,1059000.0,78900.0
2024-08-16,Dubai South,Apartment,0,306.0,False,308000.0,21400.0
2024-08-16,Business Bay,Apartment,2,965.0,False,1546000.0,97300.0
2024-08-16,Jumeirah Lake Towers,Apartment,0,432.0,False,615000.0,44800.0
2024-08-16,Arabian Ranches,Apartment,3,1435.0,True,1725000.0,113700.0
2024-08-16,Dubai Hills Estate,Apartment,3,1983.0,False,4120000.0,237000.0
2024-08-16,International City,Apartment,1,824.0,True,375000.0,36700.0
2024-08-17,International City,Apartment,2,1369.0,False,795000.0,78300.0
2024-08-17,Palm Jumeirah,Villa,3,3455.0,False,13524000.0,590700.0
2024-08-17,Dubai South,Townhouse,5,3204.0,False,3266000.0,226800.0
2024-08-17,Jumeirah Lake Towers,Apartment,0,360.0,True,595000.0,36900.0
2024-08-17,Arabian Ranches,Apartment,2,1209.0,False,1757000.0,100600.0
2024-08-18,Dubai South,Townhouse,6,4173.0,True,3878000.0,316600.0
2024-08-18,Arabian Ranches,Villa,4,3621.0,True,5404000.0,270800.0
2024-08-19,Business Bay,Apartment,3,1661.0,False,3523000.0,231100.0
2024-08-19,Dubai Marina,Apartment,0,482.0,False,1032000.0,61700.0
2024-08-19,Jumeirah Lake Towers,Apartment,0,464.0,True,614000.0,46400.0
2024-08-19,Dubai South,Apartment,2,1226.0,False,1042000.0,87400.0
2024-08-19,Dubai Hills Estate,Villa,4,3720.0,False,10465000.0,653000.0
2024-08-20,Jumeirah Lake Towers,Apartment,3,1666.0,False,2414000.0,191800.0
2024-08-20,Dubai Marina,Apartment,1,995.0,False,1803000.0,134500.0
2024-08-20,Palm Jumeirah,Townhouse,5,3285.0,False,11917000.0,581400.0
2024-08-20,Downtown Dubai,Apartment,0,449.0,False,1370000.0,71100.0
2024-08-20,Jumeirah Village Circle,Apartment,1,996.0,True,1080000.0,84600.0
2024-08-21,Dubai Marina,Apartment,2,1512.0,False,3700000.0,213200.0
2024-08-21,International City,Apartment,1,960.0,True,481000.0,49500.0
2024-08-22,International City,Apartment,3,1849.0,True,809000.0,92600.0
2024-08-22,Dubai Hills Estate,Villa,5,4117.0,True,8760000.0,513900.0
2024-08-22,Jumeirah Village Circle,Apartment,0,378.0,False,434000.0,33100.0
2024-08-22,Jumeirah Village Circle,Apartment,3,1908.0,True,1841000.0,166800.0
2024-08-23,Dubai Hills Estate,Villa,4,3432.0,False,6905000.0,431400.0
2024-08-23,Business Bay,Apartment,0,440.0,True,872000.0,56200.0
2024-08-23,Business Bay,Apartment,3,1840.0,True,3462000.0,214800.0
2024-08-23,Jumeirah Village Circle,Apartment,3,1263.0,True,1368000.0,106800.0
2024-08-23,Downtown Dubai,Apartment,0,300.0,True,761000.0,44700.0
2024-08-23,Jumeirah Lake Towers,Apartment,0,414.0,False,586000.0,46600.0
2024-08-23,Jumeirah Lake Towers,Apartment,0,468.0,True,579000.0,43100.0
2024-08-23,Palm Jumeirah,Apartment,3,1718.0,True,5641000.0,296900.0
2024-08-24,Dubai South,Apartment,3,1739.0,False,1700000.0,137200.0
2024-08-24,Palm Jumeirah,Villa,5,3901.0,False,14520000.0,664700.0
2024-08-24,International City,Apartment,3,1783.0,True,918000.0,84700.0
2024-08-24,Jumeirah Lake Towers,Apartment,0,440.0,False,614000.0,44400.0
2024-08-25,Arabian Ranches,Villa,5,3564.0,False,6128000.0,341700.0
2024-08-25,International City,Apartment,0,487.0,False,271000.0,24200.0
2024-08-25,Business Bay,Apartment,1,939.0,True,1654000.0,103300.0
2024-08-26,Business Bay,Apartment,1,970.0,True,1984000.0,133100.0
2024-08-26,Jumeirah Lake Towers,Apartment,1,761.0,True,1192000.0,78000.0
2024-08-26,Dubai Hills Estate,Apartment,3,1431.0,False,2884000.0,169900.0
2024-08-26,International City,Apartment,2,1297.0,True,610000.0,48600.0
2024-08-26,Jumeirah Lake Towers,Apartment,1,829.0,True,1229000.0,85200.0
2024-08-27,Arabian Ranches,Apartment,2,1130.0,True,1757000.0,102700.0
2024-08-27,Dubai Marina,Apartment,0,572.0,False,1273000.0,85900.0
2024-08-28,Jumeirah Village Circle,Apartment,0,586.0,False,609000.0,47700.0
2024-08-28,Jumeirah Lake Towers,Apartment,0,503.0,False,740000.0,51600.0
2024-08-28,Arabian Ranches,Apartment,1,829.0,False,1201000.0,60000.0
2024-08-28,Arabian Ranches,Villa,3,3227.0,True,4777000.0,296200.0
2024-08-28,Dubai Marina,Apartment,0,331.0,True,669000.0,38100.0
2024-08-28,Palm Jumeirah,Apartment,2,1256.0,True,5422000.0,276600.0
2024-08-28,Dubai South,Apartment,0,441.0,True,416000.0,27900.0
2024-09-01,International City,Apartment,1,682.0,False,443000.0,34000.0
2024-09-01,International City,Apartment,2,1270.0,False,765000.0,72600.0
2024-09-01,Jumeirah Lake Towers,Apartment,0,409.0,True,565000.0,44900.0
2024-09-01,Dubai Marina,Apartment,0,498.0,True,987000.0,63900.0
2024-09-01,Downtown Dubai,Apartment,0,507.0,False,1656000.0,91800.0
2024-09-02,International City,Apartment,3,1904.0,True,945000.0,90000.0
2024-09-02,Arabian Ranches,Townhouse,4,2788.0,False,4670000.0,249900.0
2024-09-03,International City,Apartment,2,1205.0,False,706000.0,50700.0
2024-09-04,Dubai South,Apartment,2,1160.0,False,1146000.0,84000.0
2024-09-04,Downtown Dubai,Apartment,3,1750.0,True,4177000.0,223700.0
2024-09-05,Business Bay,Apartment,1,981.0,True,2594000.0,172700.0
2024-09-05,Downtown Dubai,Apartment,3,1689.0,False,5025000.0,304100.0
2024-09-05,Palm Jumeirah,Apartment,2,1085.0,False,4696000.0,244900.0
2024-09-05,Dubai South,Townhouse,5,3146.0,True,3406000.0,261600.0
2024-09-06,Arabian Ranches,Apartment,2,1292.0,True,1563000.0,80400.0
2024-09-06,Downtown Dubai,Apartment,3,1648.0,False,4369000.0,210600.0
2024-09-06,Downtown Dubai,Apartment,0,413.0,False,1146000.0,62000.0
2024-09-06,Dubai Marina,Apartment,0,382.0,True,905000.0,55800.0
2024-09-06,Downtown Dubai,Apartment,3,1289.0,True,4153000.0,241400.0
2024-09-06,Business Bay,Apartment,3,1843.0,False,3467000.0,220800.0
2024-09-06,Dubai South,Apartment,3,1754.0,False,1622000.0,117000.0
2024-09-06,Dubai Marina,Apartment,0,434.0,False,1011000.0,59700.0
2024-09-06,International City,Apartment,0,479.0,False,257000.0,21700.0
2024-09-06,Jumeirah Lake Towers,Apartment,2,1446.0,False,1782000.0,124500.0
2024-09-07,Dubai Hills Estate,Townhouse,6,3636.0,True,6592000.0,406400.0
2024-09-07,Palm Jumeirah,Apartment,3,1801.0,False,7205000.0,329300.0
2024-09-07,Dubai South,Villa,5,3665.0,False,3647000.0,260700.0
2024-09-07,Palm Jumeirah,Villa,5,3821.0,True,13231000.0,601900.0
2024-09-08,Dubai Hills Estate,Apartment,0,425.0,True,852000.0,44300.0
2024-09-08,International City,Apartment,1,757.0,False,423000.0,41600.0
2024-09-08,Dubai South,Apartment,0,534.0,True,572000.0,44700.0
2024-09-08,Downtown Dubai,Apartment,3,1915.0,False,5158000.0,268200.0
2024-09-08,Dubai South,Apartment,0,374.0,True,362000.0,35100.0
2024-09-08,Dubai Hills Estate,Apartment,2,1220.0,True,2809000.0,176300.0
2024-09-08,Business Bay,Apartment,0,628.0,True,1556000.0,95600.0
2024-09-08,Palm Jumeirah,Apartment,0,412.0,False,1984000.0,96500.0
2024-09-09,International City,Apartment,0,386.0,False,150000.0,13800.0
2024-09-09,Jumeirah Lake Towers,Apartment,1,1050.0,False,1383000.0,97100.0
2024-09-09,Dubai Marina,Apartment,2,1205.0,True,2443000.0,151900.0
2024-09-10,Dubai South,Apartment,1,1080.0,True,1065000.0,74000.0
2024-09-10,Arabian Ranches,Apartment,0,446.0,True,687000.0,37300.0
2024-09-10,Jumeirah Village Circle,Apartment,2,1218.0,False,1209000.0,96900.0
2024-09-11,International City,Apartment,2,1280.0,True,662000.0,59600.0
2024-09-12,Dubai Hills Estate,Apartment,3,1831.0,False,4434000.0,279200.0
2024-09-12,Downtown Dubai,Apartment,2,1383.0,True,4412000.0,241800.0
2024-09-12,Downtown Dubai,Apartment,3,1737.0,True,4606000.0,287100.0
2024-09-12,International City,Apartment,0,346.0,False,182000.0,16100.0
2024-09-13,International City,Apartment,1,779.0,True,389000.0,33500.0
2024-09-13,International City,Townhouse,6,3548.0,False,1731000.0,160000.0
2024-09-13,Business Bay,Apartment,3,2087.0,True,4040000.0,241600.0
2024-09-13,Dubai Hills Estate,Apartment,3,1694.0,True,3802000.0,230400.0
2024-09-13,Downtown Dubai,Apartment,2,1438.0,False,4531000.0,282700.0
2024-09-14,Jumeirah Lake Towers,Apartment,2,1044.0,False,1545000.0,106600.0
2024-09-14,Dubai Hills Estate,Apartment,3,1624.0,False,2623000.0,165000.0
2024-09-15,Jumeirah Lake Towers,Apartment,1,820.0,True,1071000.0,70200.0
2024-09-15,Palm Jumeirah,Apartment,0,490.0,True,2164000.0,101800.0
2024-09-15,Jumeirah Village Circle,Apartment,3,1686.0,True,1748000.0,137200.0
2024-09-15,Palm Jumeirah,Apartment,1,666.0,True,1955000.0,90800.0
2024-09-16,Dubai Hills Estate,Apartment,1,892.0,False,1667000.0,107600.0
2024-09-16,Business Bay,Apartment,3,1843.0,False,4212000.0,254900.0
2024-09-16,Dubai Hills Estate,Apartment,3,1665.0,False,2844000.0,182200.0
2024-09-17,Jumeirah Lake Towers,Apartment,1,626.0,True,730000.0,59400.0
2024-09-17,Dubai Hills Estate,Apartment,1,901.0,True,1626000.0,94500.0
2024-09-17,Business Bay,Apartment,3,1548.0,True,2600000.0,193600.0
2024-09-17,Downtown Dubai,Apartment,1,792.0,True,2418000.0,144100.0
2024-09-17,Jumeirah Village Circle,Apartment,0,349.0,False,350000.0,29200.0
2024-09-17,Arabian Ranches,Townhouse,5,3432.0,True,4265000.0,223700.0
2024-09-17,Dubai South,Apartment,0,578.0,True,604000.0,46400.0
2024-09-18,Downtown Dubai,Apartment,3,1804.0,False,7208000.0,434300.0
2024-09-18,Dubai Hills Estate,Apartment,3,1959.0,True,3149000.0,203000.0
2024-09-18,Dubai Hills Estate,Apartment,2,1335.0,True,2630000.0,150500.0
2024-09-18,Arabian Ranches,Apartment,1,898.0,False,1421000.0,78000.0
2024-09-18,International City,Apartment,1,941.0,False,509000.0,48700.0
2024-09-19,Arabian Ranches,Apartment,1,803.0,True,1015000.0,50300.0
2024-09-19,Dubai Hills Estate,Apartment,1,797.0,True,1165000.0,67200.0
2024-09-19,Dubai Hills Estate,Villa,5,3980.0,True,7810000.0,443600.0
2024-09-19,Dubai South,Apartment,3,1552.0,False,1646000.0,117600.0
2024-09-19,Jumeirah Village Circle,Apartment,2,1044.0,True,1212000.0,89700.0
2024-09-20,Arabian Ranches,Apartment,3,1616.0,False,2490000.0,147700.0
2024-09-20,International City,Apartment,0,485.0,False,277000.0,28500.0
2024-09-20,Downtown Dubai,Apartment,0,369.0,False,1066000.0,60400.0
2024-09-20,Dubai South,Apartment,0,606.0,False,581000.0,47000.0
2024-09-21,Downtown Dubai,Apartment,1,787.0,True,2185000.0,132800.0
2024-09-21,Jumeirah Lake Towers,Apartment,1,881.0,True,1201000.0,96000.0
2024-09-21,Jumeirah Lake Towers,Apartment,2,1055.0,False,1470000.0,106400.0
2024-09-21,Jumeirah Lake Towers,Apartment,0,486.0,True,602000.0,40800.0
2024-09-21,International City,Apartment,3,1791.0,False,955000.0,79300.0
2024-09-21,Palm Jumeirah,Apartment,0,474.0,False,1620000.0,75100.0
2024-09-21,Jumeirah Lake Towers,Apartment,2,1408.0,False,1928000.0,140200.0
2024-09-22,Jumeirah Village Circle,Apartment,3,1786.0,True,2800000.0,192600.0
2024-09-22,Arabian Ranches,Apartment,0,527.0,False,785000.0,41400.0
2024-09-22,Arabian Ranches,Apartment,2,1212.0,False,1835000.0,90700.0
2024-09-23,Downtown Dubai,Apartment,1,994.0,True,2859000.0,195700.0
2024-09-23,Dubai Marina,Apartment,0,503.0,True,856000.0,59200.0
2024-09-23,Dubai Hills Estate,Villa,3,3070.0,True,6909000.0,396100.0
2024-09-24,Dubai Hills Estate,Apartment,1,857.0,False,1652000.0,97100.0
2024-09-24,Business Bay,Apartment,3,1924.0,False,4426000.0,302000.0
2024-09-24,Jumeirah Lake Towers,Apartment,1,834.0,False,1417000.0,108400.0
2024-09-24,International City,Apartment,0,410.0,False,212000.0,17500.0
2024-09-24,Business Bay,Apartment,1,831.0,False,1754000.0,135700.0
2024-09-24,Dubai Marina,Apartment,2,1189.0,False,2448000.0,173200.0
2024-09-24,Palm Jumeirah,Apartment,1,758.0,False,2732000.0,158400.0
2024-09-26,Dubai South,Apartment,3,1793.0,True,1878000.0,127100.0
2024-09-26,Dubai Marina,Apartment,0,503.0,False,958000.0,61500.0
2024-09-26,Arabian Ranches,Apartment,0,396.0,True,542000.0,29800.0
2024-09-26,Dubai Hills Estate,Townhouse,3,2726.0,False,6331000.0,368400.0
2024-09-26,Arabian Ranches,Apartment,3,1865.0,False,2359000.0,112000.0
2024-09-26,Arabian Ranches,Apartment,1,686.0,True,862000.0,51400.0
2024-09-28,Dubai South,Apartment,2,1060.0,True,1042000.0,67600.0
2024-09-28,Jumeirah Lake Towers,Townhouse,4,3110.0,True,3994000.0,335000.0
2024-09-28,Dubai South,Apartment,0,445.0,True,468000.0,35200.0
2024-09-28,Business Bay,Apartment,1,982.0,False,2463000.0,144800.0
2024-10-01,Jumeirah Village Circle,Apartment,1,927.0,False,1204000.0,94200.0
2024-10-01,Dubai Hills Estate,Apartment,1,798.0,False,1652000.0,88600.0
2024-10-01,Dubai Hills Estate,Apartment,2,1431.0,True,2705000.0,163900.0
2024-10-01,Dubai South,Apartment,0,377.0,False,353000.0,27200.0
2024-10-02,Jumeirah Lake Towers,Apartment,1,827.0,False,968000.0,65300.0
2024-10-02,Business Bay,Apartment,3,1881.0,False,3576000.0,241600.0
2024-10-03,Palm Jumeirah,Townhouse,6,4224.0,True,14725000.0,801500.0
2024-10-03,Dubai Hills Estate,Villa,3,3260.0,False,5588000.0,356700.0
2024-10-03,Downtown Dubai,Apartment,3,1608.0,True,3962000.0,234300.0
2024-10-05,International City,Apartment,2,1115.0,False,575000.0,55700.0
2024-10-05,Downtown Dubai,Apartment,1,1082.0,False,2957000.0,157700.0
2024-10-05,Arabian Ranches,Townhouse,5,3285.0,False,5289000.0,322500.0
2024-10-05,Dubai South,Apartment,0,589.0,False,655000.0,62200.0
2024-10-05,Jumeirah Lake Towers,Apartment,0,669.0,True,752000.0,51600.0
2024-10-06,Business Bay,Apartment,0,491.0,False,897000.0,65500.0
2024-10-06,Business Bay,Apartment,1,1008.0,False,2371000.0,140700.0
2024-10-06,Downtown Dubai,Apartment,0,471.0,False,1552000.0,84200.0
2024-10-07,Dubai Hills Estate,Villa,5,3868.0,False,8253000.0,505100.0
2024-10-07,Dubai Marina,Apartment,1,1049.0,True,1775000.0,91300.0
2024-10-08,Business Bay,Apartment,2,1242.0,True,2545000.0,150100.0
2024-10-08,Business Bay,Apartment,1,864.0,True,1590000.0,104900.0
2024-10-09,Arabian Ranches,Apartment,0,383.0,False,498000.0,26000.0
2024-10-09,Dubai South,Apartment,3,1630.0,False,1484000.0,113800.0
2024-10-09,Downtown Dubai,Townhouse,5,3968.0,True,10857000.0,712700.0
2024-10-09,International City,Townhouse,6,4631.0,False,2703000.0,248600.0
2024-10-10,Downtown Dubai,Apartment,0,342.0,True,987000.0,52500.0
2024-10-10,International City,Apartment,0,533.0,True,279000.0,20600.0
2024-10-10,Business Bay,Apartment,0,480.0,False,1085000.0,60900.0
2024-10-10,Arabian Ranches,Apartment,3,1487.0,False,1829000.0,111300.0
2024-10-10,Dubai Marina,Apartment,0,384.0,False,957000.0,56600.0
2024-10-10,Arabian Ranches,Apartment,1,762.0,False,1117000.0,50600.0
2024-10-11,Business Bay,Apartment,1,745.0,False,1428000.0,95700.0
2024-10-11,International City,Apartment,1,735.0,False,352000.0,27700.0
2024-10-11,Dubai Marina,Apartment,1,827.0,False,2481000.0,163900.0
2024-10-12,Dubai Hills Estate,Apartment,1,691.0,False,1573000.0,97400.0
2024-10-12,Palm Jumeirah,Apartment,3,1695.0,False,6672000.0,391200.0
2024-10-12,Business Bay,Apartment,0,466.0,True,848000.0,56400.0
2024-10-13,Dubai Marina,Apartment,0,449.0,False,1017000.0,64500.0
2024-10-14,Business Bay,Apartment,2,1007.0,True,2193000.0,153200.0
2024-10-15,Dubai Hills Estate,Apartment,0,398.0,False,736000.0,42800.0
2024-10-15,Dubai Marina,Apartment,3,1778.0,True,2755000.0,163300.0
2024-10-15,Palm Jumeirah,Apartment,0,398.0,True,1420000.0,83600.0
2024-10-15,Business Bay,Apartment,3,1582.0,True,3667000.0,218100.0
2024-10-16,Dubai South,Apartment,3,1813.0,True,1583000.0,96900.0
2024-10-16,Business Bay,Apartment,0,516.0,False,1120000.0,72500.0
2024-10-16,Dubai Hills Estate,Apartment,0,398.0,False,1003000.0,60900.0
2024-10-16,Dubai South,Villa,4,3597.0,False,3727000.0,280900.0
2024-10-17,Jumeirah Lake Towers,Apartment,2,1586.0,True,2401000.0,170300.0
2024-10-17,Downtown Dubai,Apartment,0,432.0,False,1276000.0,75000.0
2024-10-17,International City,Apartment,1,969.0,True,530000.0,48000.0
2024-10-17,Dubai Hills Estate,Apartment,3,1839.0,True,3240000.0,190600.0
2024-10-18,Business Bay,Apartment,2,1483.0,True,3157000.0,226500.0
2024-10-18,Dubai Marina,Apartment,0,550.0,True,1152000.0,66100.0
2024-10-19,Dubai Hills Estate,Villa,5,4185.0,True,8040000.0,511700.0
2024-10-19,Dubai South,Apartment,0,526.0,False,605000.0,46200.0
2024-10-19,Dubai South,Apartment,3,1564.0,True,1488000.0,133500.0
2024-10-19,Business Bay,Apartment,1,1019.0,False,1876000.0,112400.0
2024-10-20,Arabian Ranches,Apartment,0,558.0,True,705000.0,34500.0
2024-10-20,Palm Jumeirah,Apartment,0,420.0,False,1729000.0,84800.0
2024-10-20,Jumeirah Lake Towers,Apartment,2,1161.0,False,1617000.0,119300.0
2024-10-20,Dubai Hills Estate,Apartment,3,1619.0,False,3249000.0,190200.0
2024-10-20,Jumeirah Village Circle,Apartment,0,446.0,True,481000.0,39500.0
2024-10-20,Jumeirah Lake Towers,Apartment,0,420.0,False,635000.0,48700.0
2024-10-21,International City,Apartment,2,1528.0,True,708000.0,70200.0
2024-10-21,Arabian Ranches,Apartment,3,1450.0,True,1917000.0,118500.0
2024-10-22,Dubai Marina,Apartment,0,413.0,True,821000.0,66500.0
2024-10-22,Dubai Hills Estate,Villa,4,3273.0,True,7072000.0,400500.0
2024-10-22,Downtown Dubai,Apartment,2,1333.0,True,3797000.0,198900.0
2024-10-22,Dubai South,Apartment,1,1082.0,False,1080000.0,74600.0
2024-10-22,Jumeirah Village Circle,Apartment,2,1321.0,False,1424000.0,103400.0
2024-10-23,Business Bay,Apartment,0,516.0,True,1168000.0,73200.0
2024-10-23,Dubai South,Apartment,0,343.0,False,390000.0,31100.0
2024-10-23,Arabian Ranches,Apartment,2,1142.0,True,1897000.0,98000.0
2024-10-23,Business Bay,Apartment,2,1566.0,True,3481000.0,220300.0
2024-10-24,International City,Apartment,2,1162.0,True,589000.0,60100.0
2024-10-24,Palm Jumeirah,Apartment,2,1152.0,True,4275000.0,210000.0
2024-10-25,Jumeirah Village Circle,Apartment,3,1782.0,False,1894000.0,146500.0
2024-10-26,Palm Jumeirah,Apartment,2,1442.0,False,5345000.0,277200.0
2024-10-26,Jumeirah Village Circle,Apartment,1,1012.0,False,1234000.0,88100.0
2024-10-26,Downtown Dubai,Apartment,0,452.0,False,1275000.0,68900.0
2024-10-26,Business Bay,Apartment,3,1613.0,False,3702000.0,246200.0
2024-10-26,Palm Jumeirah,Apartment,2,1313.0,True,4996000.0,260700.0
2024-10-26,Jumeirah Lake Towers,Apartment,2,1510.0,False,2217000.0,135000.0
2024-10-27,Dubai Marina,Apartment,2,1506.0,False,3141000.0,188200.0
2024-10-27,Dubai Marina,Apartment,2,1164.0,False,2611000.0,179800.0
2024-11-01,Jumeirah Lake Towers,Apartment,0,547.0,False,804000.0,51900.0
2024-11-01,Jumeirah Village Circle,Apartment,1,826.0,False,826000.0,69200.0
2024-11-02,International City,Apartment,0,499.0,False,236000.0,22600.0
2024-11-02,Palm Jumeirah,Apartment,1,1035.0,True,2539000.0,136600.0
2024-11-02,Dubai Hills Estate,Apartment,2,919.0,False,1731000.0,88200.0
2024-11-03,Dubai South,Apartment,1,790.0,True,577000.0,46600.0
2024-11-03,International City,Apartment,0,428.0,False,262000.0,26800.0
2024-11-04,International City,Apartment,3,1889.0,False,1294000.0,100700.0
2024-11-04,International City,Apartment,2,997.0,False,617000.0,61200.0
2024-11-04,Arabian Ranches,Apartment,3,1306.0,True,2043000.0,134500.0
2024-11-05,Arabian Ranches,Apartment,2,1581.0,False,2232000.0,136100.0
2024-11-05,Dubai South,Townhouse,5,3454.0,True,2826000.0,270700.0
2024-11-05,Dubai Hills Estate,Apartment,0,441.0,True,641000.0,31200.0
2024-11-06,Arabian Ranches,Apartment,0,368.0,True,444000.0,26800.0
2024-11-06,Dubai Hills Estate,Apartment,2,1275.0,False,2629000.0,168600.0
2024-11-07,Dubai South,Villa,4,3392.0,False,3477000.0,280600.0
2024-11-07,Dubai Marina,Apartment,2,1385.0,False,3439000.0,249200.0
2024-11-07,Dubai South,Villa,3,2955.0,False,3735000.0,289200.0
2024-11-07,Business Bay,Apartment,1,673.0,True,1327000.0,70300.0
2024-11-07,Dubai Marina,Apartment,2,1377.0,False,3164000.0,201300.0
2024-11-07,Dubai Marina,Apartment,3,1798.0,True,4303000.0,309000.0
2024-11-08,Dubai Marina,Apartment,2,1457.0,True,3004000.0,189700.0
2024-11-08,Dubai Marina,Apartment,3,1664.0,False,3341000.0,204200.0
2024-11-08,Downtown Dubai,Apartment,1,781.0,True,2009000.0,107500.0
2024-11-09,Jumeirah Village Circle,Apartment,2,1183.0,False,1466000.0,117800.0
2024-11-09,Dubai South,Apartment,1,836.0,True,655000.0,52100.0
2024-11-09,International City,Apartment,3,1387.0,True,732000.0,81700.0
2024-11-09,Jumeirah Lake Towers,Apartment,0,427.0,True,589000.0,43100.0
2024-11-09,Dubai South,Apartment,1,803.0,True,713000.0,47900.0
2024-11-09,Dubai Hills Estate,Apartment,3,1416.0,True,2818000.0,170000.0
2024-11-09,Business Bay,Apartment,0,418.0,False,830000.0,54900.0
2024-11-10,Dubai South,Apartment,0,567.0,True,486000.0,38100.0
2024-11-11,Jumeirah Village Circle,Apartment,1,850.0,False,1035000.0,83800.0
2024-11-11,Arabian Ranches,Apartment,2,1324.0,True,1840000.0,99000.0
2024-11-11,Palm Jumeirah,Apartment,1,932.0,False,3775000.0,185400.0
2024-11-11,Dubai South,Apartment,1,851.0,False,681000.0,51800.0
2024-11-11,Jumeirah Village Circle,Apartment,2,1185.0,False,1650000.0,134600.0
2024-11-12,Jumeirah Village Circle,Apartment,3,2021.0,False,2731000.0,217100.0
2024-11-12,Jumeirah Village Circle,Apartment,1,873.0,False,1082000.0,95200.0
2024-11-12,Palm Jumeirah,Apartment,0,470.0,False,1554000.0,69900.0
2024-11-12,International City,Apartment,3,1610.0,False,877000.0,77300.0
2024-11-13,Dubai Hills Estate,Apartment,3,1788.0,True,4096000.0,240400.0
2024-11-13,Palm Jumeirah,Apartment,3,1931.0,True,6619000.0,394600.0
2024-11-13,Dubai Hills Estate,Apartment,3,1462.0,True,2502000.0,154500.0
2024-11-14,Jumeirah Village Circle,Apartment,2,1338.0,True,1357000.0,107100.0
2024-11-14,Dubai Marina,Apartment,2,1108.0,True,2435000.0,143100.0
2024-11-15,Downtown Dubai,Apartment,3,1606.0,True,3545000.0,184700.0
2024-11-16,Downtown Dubai,Apartment,1,824.0,True,2382000.0,133900.0
2024-11-17,Jumeirah Lake Towers,Apartment,1,1217.0,True,1763000.0,140600.0
2024-11-17,Business Bay,Apartment,3,1719.0,False,3358000.0,213700.0
2024-11-17,Downtown Dubai,Apartment,3,1672.0,False,5132000.0,315900.0
2024-11-17,Dubai Hills Estate,Apartment,1,981.0,False,2154000.0,113200.0
2024-11-17,Dubai South,Townhouse,4,3006.0,True,2770000.0,193800.0
2024-11-18,Dubai South,Apartment,3,1761.0,False,1532000.0,114700.0
2024-11-18,Dubai Hills Estate,Apartment,1,869.0,True,1985000.0,123300.0
2024-11-18,Dubai Hills Estate,Apartment,2,1343.0,True,2578000.0,162400.0
2024-11-19,Dubai Hills Estate,Apartment,0,433.0,True,799000.0,43700.0
2024-11-19,Dubai Marina,Apartment,1,858.0,False,2122000.0,154000.0
2024-11-19,International City,Apartment,2,995.0,False,638000.0,56600.0
2024-11-19,Jumeirah Lake Towers,Apartment,0,514.0,False,777000.0,58100.0
2024-11-20,Business Bay,Apartment,1,865.0,False,1873000.0,106800.0
2024-11-20,Palm Jumeirah,Apartment,0,444.0,True,1370000.0,79100.0
2024-11-21,Dubai Marina,Apartment,1,907.0,True,1603000.0,94600.0
2024-11-21,Dubai South,Apartment,3,1561.0,False,1666000.0,127100.0
2024-11-21,Jumeirah Village Circle,Apartment,0,440.0,False,396000.0,31100.0
2024-11-21,International City,Apartment,3,1639.0,False,846000.0,64800.0
2024-11-22,Jumeirah Village Circle,Apartment,3,1689.0,False,2333000.0,156400.0
2024-11-22,Palm Jumeirah,Townhouse,6,3332.0,False,13646000.0,692700.0
2024-11-23,Jumeirah Lake Towers,Apartment,0,545.0,True,649000.0,38900.0
2024-11-23,Jumeirah Village Circle,Apartment,2,1120.0,False,1074000.0,87000.0
2024-11-23,Dubai Hills Estate,Apartment,1,812.0,False,1465000.0,91400.0
2024-11-23,Dubai South,Apartment,1,1006.0,False,871000.0,64800.0
2024-11-23,Dubai South,Apartment,1,810.0,False,712000.0,45100.0
2024-11-24,International City,Apartment,0,454.0,True,224000.0,24300.0
2024-11-24,Dubai South,Apartment,1,767.0,True,611000.0,51200.0
2024-11-25,Dubai Marina,Apartment,0,489.0,False,868000.0,54100.0
2024-11-25,International City,Apartment,3,1401.0,True,608000.0,54700.0
2024-11-25,Downtown Dubai,Apartment,2,1083.0,True,2447000.0,135500.0
2024-11-25,Palm Jumeirah,Apartment,3,1711.0,True,7112000.0,345200.0
2024-11-25,Arabian Ranches,Apartment,0,542.0,True,719000.0,40600.0
2024-11-25,International City,Apartment,2,1178.0,True,745000.0,64200.0
2024-11-26,Dubai South,Apartment,2,1638.0,False,1198000.0,76900.0
2024-11-27,Palm Jumeirah,Apartment,3,2160.0,False,8747000.0,473400.0
2024-11-27,Downtown Dubai,Apartment,3,1456.0,False,4778000.0,249100.0
2024-11-27,Palm Jumeirah,Apartment,0,378.0,False,1560000.0,80000.0
2024-11-27,Downtown Dubai,Apartment,2,1214.0,False,4160000.0,274600.0
2024-11-28,Palm Jumeirah,Villa,3,2578.0,True,10138000.0,419800.0
2024-11-28,Jumeirah Lake Towers,Apartment,2,1400.0,True,1839000.0,134200.0
2024-12-01,Dubai South,Townhouse,6,3515.0,True,3151000.0,254400.0
2024-12-01,Dubai Marina,Apartment,0,481.0,False,1001000.0,51000.0
2024-12-01,Dubai South,Apartment,0,392.0,False,367000.0,28000.0
2024-12-02,Dubai Marina,Apartment,1,600.0,False,1712000.0,114500.0
2024-12-02,Downtown Dubai,Apartment,1,764.0,False,2331000.0,111300.0
2024-12-03,Jumeirah Lake Towers,Apartment,0,454.0,True,583000.0,47000.0
2024-12-03,Jumeirah Lake Towers,Apartment,1,818.0,False,1224000.0,101300.0
2024-12-03,Jumeirah Lake Towers,Apartment,2,1532.0,False,1927000.0,129200.0
2024-12-03,Business Bay,Apartment,0,630.0,False,1369000.0,94200.0
2024-12-04,Jumeirah Village Circle,Apartment,2,1383.0,False,1584000.0,123300.0
2024-12-04,Dubai South,Apartment,3,1633.0,False,1689000.0,121100.0
2024-12-05,Arabian Ranches,Apartment,0,611.0,True,795000.0,40100.0
2024-12-05,Dubai South,Apartment,0,461.0,True,369000.0,26300.0
2024-12-05,Dubai South,Apartment,3,1287.0,True,1184000.0,75200.0
2024-12-05,Jumeirah Village Circle,Apartment,2,1206.0,False,1370000.0,89600.0
2024-12-05,Downtown Dubai,Apartment,3,1529.0,True,4305000.0,232000.0
2024-12-06,Jumeirah Village Circle,Apartment,3,1603.0,True,1722000.0,126100.0
2024-12-06,Jumeirah Lake Towers,Apartment,0,461.0,True,574000.0,32700.0
2024-12-06,Dubai South,Apartment,0,353.0,False,300000.0,26100.0
2024-12-06,Jumeirah Lake Towers,Apartment,1,767.0,False,1273000.0,97400.0
2024-12-06,Palm Jumeirah,Villa,5,4034.0,False,16272000.0,832500.0
2024-12-06,Jumeirah Lake Towers,Apartment,1,832.0,True,867000.0,60600.0
2024-12-07,Downtown Dubai,Apartment,2,1390.0,False,4165000.0,248000.0
2024-12-07,Jumeirah Lake Towers,Apartment,2,1359.0,False,2306000.0,170500.0
2024-12-08,International City,Apartment,0,429.0,True,195000.0,16200.0
2024-12-08,International City,Apartment,3,2039.0,False,1397000.0,131300.0
2024-12-08,Palm Jumeirah,Apartment,2,1276.0,False,5117000.0,229700.0
2024-12-09,Palm Jumeirah,Townhouse,4,2915.0,False,8988000.0,363300.0
2024-12-09,Business Bay,Apartment,0,593.0,True,1313000.0,92400.0
2024-12-10,Dubai Hills Estate,Apartment,0,300.0,False,720000.0,38900.0
2024-12-10,International City,Apartment,0,300.0,False,152000.0,14300.0
2024-12-11,Downtown Dubai,Apartment,1,1077.0,False,4532000.0,227500.0
2024-12-11,Dubai South,Apartment,1,888.0,True,769000.0,48200.0
2024-12-11,Dubai Hills Estate,Villa,5,3625.0,True,7247000.0,380900.0
2024-12-12,Jumeirah Lake Towers,Apartment,3,1589.0,True,2117000.0,172300.0
2024-12-12,Jumeirah Village Circle,Apartment,0,610.0,False,762000.0,60500.0
2024-12-12,Business Bay,Apartment,1,826.0,True,1674000.0,112300.0
2024-12-12,Arabian Ranches,Apartment,0,475.0,True,596000.0,32400.0
2024-12-12,Arabian Ranches,Villa,3,3366.0,True,4761000.0,243500.0
2024-12-12,Jumeirah Village Circle,Apartment,0,366.0,False,309000.0,26900.0
2024-12-12,Dubai Hills Estate,Villa,3,2903.0,False,6313000.0,416100.0
2024-12-13,Downtown Dubai,Apartment,0,513.0,True,1257000.0,66000.0
2024-12-13,Dubai South,Apartment,3,1698.0,True,1400000.0,117200.0
2024-12-13,Business Bay,Apartment,3,1609.0,True,2949000.0,220100.0
2024-12-14,Arabian Ranches,Apartment,1,1044.0,True,1648000.0,93100.0
2024-12-14,Dubai Hills Estate,Villa,6,4195.0,True,7789000.0,433100.0
2024-12-15,International City,Apartment,2,1308.0,False,685000.0,57100.0
2024-12-15,Dubai Marina,Apartment,0,536.0,False,1090000.0,71000.0
2024-12-15,Dubai Marina,Apartment,0,465.0,False,1111000.0,74900.0
2024-12-15,Jumeirah Village Circle,Apartment,0,491.0,False,590000.0,45400.0
2024-12-16,Palm Jumeirah,Apartment,2,1457.0,True,4157000.0,188700.0
2024-12-16,Dubai Hills Estate,Apartment,1,814.0,True,1550000.0,94200.0
2024-12-16,Jumeirah Village Circle,Apartment,3,1461.0,True,1287000.0,80000.0
2024-12-17,Downtown Dubai,Apartment,0,513.0,False,1605000.0,91000.0
2024-12-17,Downtown Dubai,Apartment,3,1899.0,True,6539000.0,374600.0
2024-12-17,Dubai Hills Estate,Villa,5,3725.0,True,5993000.0,366600.0
2024-12-17,Jumeirah Lake Towers,Apartment,2,1643.0,False,2225000.0,154300.0
2024-12-17,Dubai South,Apartment,3,2079.0,True,1932000.0,159400.0
2024-12-18,International City,Apartment,1,868.0,True,466000.0,42200.0
2024-12-18,Palm Jumeirah,Apartment,1,868.0,True,3050000.0,155400.0
2024-12-18,Dubai Hills Estate,Townhouse,6,2752.0,False,4961000.0,330200.0
2024-12-18,Downtown Dubai,Apartment,3,1828.0,True,4997000.0,296500.0
2024-12-19,Arabian Ranches,Apartment,2,1304.0,True,2264000.0,105000.0
2024-12-19,Jumeirah Lake Towers,Apartment,2,1461.0,False,2156000.0,172700.0
2024-12-20,Dubai Hills Estate,Apartment,2,1299.0,True,2551000.0,136500.0
2024-12-20,Jumeirah Village Circle,Apartment,0,492.0,True,550000.0,38200.0
2024-12-20,Downtown Dubai,Apartment,1,836.0,False,2347000.0,115400.0
2024-12-21,Dubai South,Apartment,2,1176.0,True,1178000.0,80400.0
2024-12-21,Business Bay,Apartment,2,1361.0,False,2961000.0,190600.0
2024-12-21,Dubai Marina,Apartment,3,1870.0,True,3778000.0,280700.0
2024-12-21,Jumeirah Lake Towers,Apartment,1,764.0,False,908000.0,69300.0
2024-12-21,Palm Jumeirah,Apartment,1,941.0,False,3243000.0,160600.0
2024-12-21,Downtown Dubai,Apartment,0,497.0,False,1948000.0,99500.0
2024-12-21,Arabian Ranches,Apartment,0,438.0,True,607000.0,28700.0
2024-12-21,International City,Townhouse,4,3071.0,True,1502000.0,123600.0
2024-12-21,International City,Apartment,3,1874.0,False,991000.0,87600.0
2024-12-22,Palm Jumeirah,Apartment,1,978.0,True,4120000.0,173100.0
2024-12-22,Dubai Marina,Apartment,3,1927.0,False,3826000.0,253900.0
2024-12-22,Palm Jumeirah,Apartment,2,975.0,True,4541000.0,244200.0
2024-12-22,Jumeirah Lake Towers,Townhouse,5,2902.0,True,3544000.0,239500.0
2024-12-22,Downtown Dubai,Apartment,1,728.0,True,2421000.0,128900.0
2024-12-22,Palm Jumeirah,Apartment,0,546.0,False,1699000.0,84500.0
2024-12-23,Downtown Dubai,Apartment,2,1214.0,True,3507000.0,160000.0
2024-12-23,Jumeirah Village Circle,Apartment,2,1208.0,True,1117000.0,84300.0
2024-12-23,Dubai South,Apartment,0,425.0,False,344000.0,21500.0
2024-12-24,International City,Townhouse,4,3295.0,False,1539000.0,116800.0
2024-12-24,International City,Apartment,3,1760.0,False,1015000.0,93600.0
2024-12-24,Business Bay,Apartment,1,1039.0,False,2435000.0,139200.0
2024-12-25,Downtown Dubai,Apartment,0,315.0,True,786000.0,39600.0
2024-12-25,Downtown Dubai,Apartment,0,399.0,False,975000.0,52900.0
2024-12-25,Dubai South,Villa,3,2896.0,False,2563000.0,180500.0
2024-12-25,Jumeirah Lake Towers,Apartment,2,1131.0,False,1722000.0,130600.0
2024-12-25,Downtown Dubai,Apartment,3,1566.0,False,4017000.0,211700.0
2024-12-25,Dubai Hills Estate,Apartment,1,1004.0,False,2213000.0,154500.0
2024-12-25,Arabian Ranches,Apartment,3,1789.0,False,2904000.0,172100.0
2024-12-25,Downtown Dubai,Apartment,3,2007.0,True,4712000.0,288000.0
2024-12-25,Palm Jumeirah,Apartment,1,670.0,False,2612000.0,138200.0
2024-12-26,Dubai South,Apartment,2,997.0,False,1116000.0,79600.0
2024-12-26,Downtown Dubai,Apartment,0,487.0,False,1306000.0,64300.0
2024-12-26,Jumeirah Lake Towers,Apartment,0,507.0,True,631000.0,49000.0
2024-12-26,Arabian Ranches,Villa,3,2966.0,False,4728000.0,275000.0
2024-12-27,Dubai Hills Estate,Apartment,0,482.0,False,1114000.0,73700.0
2024-12-27,Dubai Marina,Apartment,1,808.0,True,1337000.0,78500.0
2024-12-28,Arabian Ranches,Apartment,0,381.0,True,598000.0,27500.0
2024-12-28,Business Bay,Apartment,3,1496.0,True,3331000.0,175100.0
2024-12-28,Arabian Ranches,Apartment,2,1204.0,False,1755000.0,94100.0
2024-12-28,Dubai Hills Estate,Townhouse,6,3801.0,False,7875000.0,493600.0
2025-01-01,Dubai Hills Estate,Apartment,3,1943.0,True,2676000.0,135900.0
2025-01-01,Dubai Hills Estate,Villa,3,3067.0,True,6036000.0,475000.0
2025-01-01,Jumeirah Lake Towers,Apartment,0,539.0,False,778000.0,59100.0
2025-01-02,Palm Jumeirah,Villa,4,3535.0,True,15217000.0,741000.0
2025-01-02,International City,Apartment,2,1380.0,False,649000.0,54500.0
2025-01-02,Business Bay,Apartment,1,1035.0,True,2167000.0,139300.0
2025-01-02,Dubai Marina,Apartment,1,752.0,True,1405000.0,75900.0
2025-01-02,Jumeirah Lake Towers,Apartment,1,884.0,True,975000.0,66700.0
2025-01-02,Downtown Dubai,Apartment,1,858.0,True,2371000.0,119800.0
2025-01-02,International City,Apartment,0,467.0,True,268000.0,25000.0
2025-01-02,Dubai Marina,Apartment,1,904.0,True,1761000.0,97400.0
2025-01-03,Jumeirah Lake Towers,Apartment,2,1510.0,False,2420000.0,178600.0
2025-01-04,Arabian Ranches,Apartment,0,536.0,False,819000.0,39400.0
2025-01-04,Dubai South,Villa,4,3504.0,True,3794000.0,324300.0
2025-01-04,Palm Jumeirah,Apartment,1,726.0,True,2721000.0,146000.0
2025-01-04,Dubai Hills Estate,Apartment,0,487.0,True,801000.0,43000.0
2025-01-05,Jumeirah Lake Towers,Apartment,2,1176.0,True,1436000.0,105100.0
2025-01-05,Dubai Marina,Apartment,1,999.0,False,1988000.0,135100.0
2025-01-05,Dubai Hills Estate,Townhouse,5,3338.0,True,7172000.0,467700.0
2025-01-06,Palm Jumeirah,Apartment,0,391.0,True,1340000.0,63700.0
2025-01-06,Downtown Dubai,Apartment,2,1290.0,False,3837000.0,219300.0
2025-01-06,Dubai Marina,Apartment,2,1200.0,True,3291000.0,221500.0
2025-01-07,Business Bay,Apartment,1,650.0,False,1216000.0,83900.0
2025-01-07,Dubai Marina,Apartment,3,1467.0,True,2912000.0,162800.0
2025-01-07,Business Bay,Apartment,0,349.0,False,800000.0,45400.0
2025-01-08,Jumeirah Village Circle,Apartment,0,669.0,True,647000.0,53500.0
2025-01-08,Palm Jumeirah,Apartment,0,578.0,True,1830000.0,84200.0
2025-01-08,Dubai South,Apartment,1,891.0,True,738000.0,46800.0
2025-01-08,Jumeirah Village Circle,Apartment,1,862.0,True,972000.0,71400.0
2025-01-09,Palm Jumeirah,Apartment,1,992.0,False,3548000.0,156400.0
2025-01-09,Jumeirah Village Circle,Apartment,2,1279.0,False,1745000.0,147600.0
2025-01-09,Downtown Dubai,Apartment,2,1290.0,True,4267000.0,287200.0
2025-01-09,Dubai South,Apartment,1,827.0,False,703000.0,62900.0
2025-01-10,Dubai Hills Estate,Apartment,3,1693.0,True,3562000.0,176400.0
2025-01-10,Dubai Hills Estate,Apartment,0,508.0,False,1160000.0,61200.0
2025-01-10,Dubai Marina,Apartment,1,969.0,False,2545000.0,202400.0
2025-01-11,Arabian Ranches,Villa,4,3878.0,True,5417000.0,333600.0
2025-01-13,Dubai Hills Estate,Apartment,1,1027.0,True,2022000.0,117200.0
2025-01-13,Arabian Ranches,Villa,5,4039.0,True,7536000.0,393300.0
2025-01-13,International City,Apartment,0,410.0,False,281000.0,26100.0
2025-01-13,International City,Apartment,3,1898.0,False,1336000.0,116900.0
2025-01-14,International City,Apartment,3,1510.0,False,742000.0,64400.0
2025-01-14,Business Bay,Apartment,2,1053.0,True,2542000.0,173100.0
2025-01-14,Dubai Hills Estate,Apartment,2,1245.0,True,2338000.0,144300.0
2025-01-14,Business Bay,Apartment,3,1269.0,False,3166000.0,170000.0
2025-01-14,International City,Apartment,2,1453.0,True,761000.0,71100.0
2025-01-15,Arabian Ranches,Villa,5,3922.0,True,5205000.0,261800.0
2025-01-15,Business Bay,Apartment,0,414.0,True,915000.0,67400.0
2025-01-15,Dubai Hills Estate,Villa,3,3417.0,False,7858000.0,467600.0
2025-01-15,Jumeirah Village Circle,Apartment,0,479.0,True,517000.0,41900.0
2025-01-15,Jumeirah Lake Towers,Apartment,0,460.0,True,686000.0,50700.0
2025-01-16,Jumeirah Village Circle,Apartment,1,791.0,True,1063000.0,77300.0
2025-01-16,Dubai South,Apartment,3,1787.0,True,1861000.0,146200.0
2025-01-16,Dubai Marina,Apartment,2,1167.0,True,2211000.0,153800.0
2025-01-17,Downtown Dubai,Apartment,0,338.0,False,866000.0,50400.0
2025-01-17,Dubai Hills Estate,Villa,5,3772.0,False,8363000.0,435600.0
2025-01-18,Arabian Ranches,Apartment,3,1793.0,True,2830000.0,158300.0
2025-01-18,Business Bay,Apartment,2,1353.0,False,3120000.0,184900.0
2025-01-18,Palm Jumeirah,Apartment,0,506.0,True,1805000.0,94200.0
2025-01-18,Business Bay,Apartment,3,1596.0,False,3259000.0,220900.0
2025-01-19,International City,Apartment,1,790.0,True,368000.0,34300.0
2025-01-19,Dubai South,Apartment,0,505.0,False,457000.0,39500.0
2025-01-19,Downtown Dubai,Apartment,0,451.0,True,1571000.0,98200.0
2025-01-20,Arabian Ranches,Townhouse,5,3064.0,True,5523000.0,327100.0
2025-01-21,Downtown Dubai,Apartment,1,728.0,False,2176000.0,139900.0
2025-01-21,Dubai South,Apartment,3,1665.0,False,1610000.0,116600.0
2025-01-21,Jumeirah Lake Towers,Apartment,1,929.0,True,1167000.0,76600.0
2025-01-21,Dubai Hills Estate,Apartment,0,503.0,False,1299000.0,82800.0
2025-01-22,Arabian Ranches,Apartment,2,1136.0,True,1547000.0,82900.0
2025-01-22,Dubai Hills Estate,Apartment,0,514.0,False,1169000.0,65900.0
2025-01-22,International City,Apartment,2,1457.0,True,642000.0,71200.0
2025-01-22,Downtown Dubai,Apartment,1,1034.0,True,2537000.0,140500.0
2025-01-23,Jumeirah Lake Towers,Apartment,3,1638.0,False,2461000.0,191100.0
2025-01-23,Dubai South,Apartment,3,1462.0,False,1462000.0,108900.0
2025-01-23,Dubai Marina,Apartment,0,432.0,True,816000.0,41100.0
2025-01-24,Jumeirah Lake Towers,Apartment,3,1642.0,True,2505000.0,159800.0
2025-01-24,Dubai Marina,Apartment,1,769.0,False,1887000.0,125700.0
2025-01-24,Arabian Ranches,Apartment,1,971.0,True,1467000.0,87300.0
2025-01-24,Dubai Marina,Apartment,2,1416.0,False,3309000.0,175100.0
2025-01-24,Dubai Hills Estate,Apartment,2,1424.0,True,3039000.0,186300.0
2025-01-25,Jumeirah Lake Towers,Apartment,1,766.0,False,1265000.0,73100.0
2025-01-25,Palm Jumeirah,Apartment,1,903.0,False,3758000.0,190500.0
2025-01-25,Dubai Marina,Apartment,0,492.0,False,980000.0,62400.0
2025-01-25,Jumeirah Lake Towers,Apartment,3,1473.0,True,2278000.0,174600.0
2025-01-25,Jumeirah Village Circle,Apartment,1,918.0,True,986000.0,68400.0
2025-01-26,Jumeirah Village Circle,Apartment,2,1270.0,False,1796000.0,144100.0
2025-01-26,Arabian Ranches,Villa,4,3056.0,False,5153000.0,229700.0
2025-01-26,Dubai South,Apartment,2,1426.0,True,1300000.0,106200.0
2025-01-26,Palm Jumeirah,Apartment,3,1735.0,False,8425000.0,448800.0
2025-01-26,Dubai South,Apartment,0,427.0,True,389000.0,30300.0
2025-01-27,Dubai Hills Estate,Villa,3,3241.0,False,5843000.0,395100.0
2025-01-28,International City,Apartment,0,310.0,False,181000.0,16600.0
2025-01-28,Dubai Hills Estate,Apartment,1,947.0,True,1583000.0,82800.0
2025-02-01,Jumeirah Village Circle,Apartment,3,1668.0,True,2139000.0,186100.0
2025-02-01,Business Bay,Apartment,0,633.0,False,1463000.0,110900.0
2025-02-01,Dubai South,Villa,4,3146.0,True,3571000.0,297700.0
2025-02-03,Jumeirah Lake Towers,Apartment,3,1732.0,True,2446000.0,196900.0
2025-02-03,Dubai Hills Estate,Apartment,2,1262.0,False,2505000.0,128600.0
2025-02-03,Business Bay,Apartment,2,1248.0,True,2113000.0,134300.0
2025-02-03,International City,Apartment,3,1531.0,True,995000.0,94800.0
2025-02-04,Dubai Marina,Apartment,3,1937.0,False,3739000.0,233300.0
2025-02-04,International City,Apartment,0,507.0,False,345000.0,26000.0
2025-02-04,Palm Jumeirah,Villa,6,4149.0,True,16369000.0,800000.0
2025-02-04,Business Bay,Apartment,1,710.0,True,1349000.0,77600.0
2025-02-04,Business Bay,Apartment,3,1674.0,True,3824000.0,241200.0
2025-02-04,Dubai South,Apartment,3,1849.0,True,2007000.0,142900.0
2025-02-05,Dubai Hills Estate,Apartment,1,790.0,False,1748000.0,92700.0
2025-02-05,Jumeirah Lake Towers,Apartment,2,1186.0,True,1569000.0,99800.0
2025-02-05,Downtown Dubai,Apartment,0,300.0,False,892000.0,51900.0
2025-02-05,Arabian Ranches,Apartment,1,711.0,True,1119000.0,73500.0
2025-02-05,International City,Apartment,0,382.0,True,208000.0,21200.0
2025-02-06,Jumeirah Village Circle,Apartment,3,2047.0,True,2459000.0,184100.0
2025-02-06,Arabian Ranches,Apartment,3,1777.0,True,2525000.0,144800.0
2025-02-06,Business Bay,Apartment,2,1617.0,True,2770000.0,175900.0
2025-02-07,Jumeirah Lake Towers,Apartment,2,1186.0,False,1967000.0,113100.0
2025-02-07,International City,Apartment,3,1874.0,True,1014000.0,87800.0
2025-02-07,Downtown Dubai,Apartment,1,1097.0,False,3335000.0,184500.0
2025-02-08,Arabian Ranches,Villa,4,3735.0,True,6334000.0,326700.0
2025-02-08,Dubai Marina,Apartment,0,484.0,True,843000.0,58100.0
2025-02-08,Jumeirah Village Circle,Apartment,3,2109.0,False,2608000.0,215100.0
2025-02-08,Arabian Ranches,Apartment,3,1698.0,False,2593000.0,150700.0
2025-02-08,Downtown Dubai,Apartment,1,892.0,True,2398000.0,122000.0
2025-02-08,Dubai Hills Estate,Townhouse,4,2804.0,False,6676000.0,422400.0
2025-02-08,Dubai South,Apartment,3,1619.0,False,1404000.0,110700.0
2025-02-09,Arabian Ranches,Apartment,2,1083.0,True,1367000.0,67600.0
2025-02-09,Palm Jumeirah,Apartment,2,1138.0,True,4267000.0,176600.0
2025-02-09,Jumeirah Lake Towers,Apartment,1,960.0,True,1446000.0,95400.0
2025-02-09,Dubai Marina,Apartment,2,1377.0,True,2832000.0,181000.0
2025-02-10,Dubai South,Townhouse,3,2760.0,False,2468000.0,198600.0
2025-02-10,Jumeirah Lake Towers,Apartment,0,305.0,False,373000.0,26400.0
2025-02-10,Dubai Marina,Apartment,1,984.0,True,1903000.0,109900.0
2025-02-11,Jumeirah Village Circle,Apartment,1,1016.0,True,974000.0,68500.0
2025-02-11,Palm Jumeirah,Apartment,1,841.0,True,2846000.0,115500.0
2025-02-11,Downtown Dubai,Apartment,2,1099.0,True,3221000.0,163800.0
2025-02-11,Jumeirah Village Circle,Apartment,3,1916.0,True,2393000.0,184700.0
2025-02-12,Dubai South,Apartment,2,1291.0,False,1033000.0,79500.0
2025-02-12,Arabian Ranches,Apartment,2,1247.0,False,2689000.0,162900.0
2025-02-12,Jumeirah Village Circle,Apartment,2,1227.0,True,1380000.0,110700.0
2025-02-12,International City,Apartment,3,1899.0,True,1273000.0,107500.0
2025-02-12,Arabian Ranches,Apartment,0,411.0,True,571000.0,30900.0
2025-02-12,Arabian Ranches,Apartment,3,1578.0,True,2268000.0,108600.0
2025-02-13,Business Bay,Apartment,1,609.0,True,1293000.0,76000.0
2025-02-13,Palm Jumeirah,Apartment,2,1225.0,False,5074000.0,292300.0
2025-02-13,International City,Apartment,0,302.0,True,128000.0,9800.0
2025-02-13,Arabian Ranches,Villa,5,4030.0,True,6625000.0,403000.0
2025-02-14,Palm Jumeirah,Apartment,0,300.0,True,1036000.0,63600.0
2025-02-14,Jumeirah Lake Towers,Apartment,1,862.0,False,1182000.0,65600.0
2025-02-15,Palm Jumeirah,Villa,6,4670.0,True,15946000.0,739800.0
2025-02-16,Jumeirah Village Circle,Apartment,1,728.0,True,591000.0,44300.0
2025-02-16,International City,Apartment,3,1633.0,False,1174000.0,83500.0
2025-02-16,International City,Apartment,1,882.0,True,388000.0,30700.0
2025-02-16,International City,Apartment,1,740.0,False,404000.0,35800.0
2025-02-17,Dubai Hills Estate,Apartment,0,450.0,True,760000.0,40900.0
2025-02-17,Downtown Dubai,Apartment,3,2082.0,True,5820000.0,302500.0
2025-02-17,Dubai Marina,Apartment,0,399.0,False,1100000.0,68600.0
2025-02-17,Business Bay,Apartment,2,1150.0,True,3026000.0,193000.0
2025-02-17,Palm Jumeirah,Villa,3,3175.0,True,11974000.0,556400.0
2025-02-18,Palm Jumeirah,Townhouse,6,3597.0,True,16779000.0,886100.0
2025-02-18,Palm Jumeirah,Apartment,1,860.0,True,3794000.0,167400.0
2025-02-18,Dubai South,Apartment,3,1866.0,True,1520000.0,118100.0
2025-02-18,Arabian Ranches,Apartment,2,1147.0,True,1782000.0,92100.0
2025-02-19,Jumeirah Lake Towers,Apartment,0,383.0,False,613000.0,43500.0
2025-02-19,Jumeirah Village Circle,Apartment,1,831.0,True,915000.0,70600.0
2025-02-20,Downtown Dubai,Apartment,0,510.0,False,1331000.0,77200.0
2025-02-20,Downtown Dubai,Apartment,2,1142.0,True,3524000.0,196300.0
2025-02-20,Jumeirah Lake Towers,Apartment,3,1581.0,False,2269000.0,179800.0
2025-02-20,Dubai Hills Estate,Apartment,0,500.0,False,1372000.0,83200.0
2025-02-21,Dubai Hills Estate,Villa,4,3445.0,False,8664000.0,507300.0
2025-02-21,Jumeirah Village Circle,Townhouse,6,3764.0,False,4151000.0,323000.0
2025-02-22,International City,Townhouse,3,2565.0,True,1113000.0,104100.0
2025-02-22,Jumeirah Village Circle,Apartment,3,1750.0,False,2196000.0,154600.0
2025-02-22,Arabian Ranches,Apartment,1,1060.0,True,1467000.0,85300.0
2025-02-23,Dubai South,Townhouse,6,3504.0,True,3364000.0,234600.0
2025-02-23,Dubai Marina,Apartment,1,858.0,True,1894000.0,124400.0
2025-02-23,Dubai South,Townhouse,3,2719.0,True,2374000.0,170100.0
2025-02-23,Downtown Dubai,Apartment,1,688.0,True,1710000.0,106000.0
2025-02-23,International City,Apartment,2,1510.0,True,792000.0,76800.0
2025-02-24,Dubai South,Villa,6,3519.0,True,3589000.0,275900.0
2025-02-25,Arabian Ranches,Apartment,0,382.0,False,576000.0,31600.0
2025-02-25,Dubai South,Villa,4,3436.0,False,2999000.0,205600.0
2025-02-25,Palm Jumeirah,Apartment,2,1122.0,False,5310000.0,217600.0
2025-02-25,Dubai South,Apartment,0,354.0,True,411000.0,28700.0
2025-02-25,Jumeirah Village Circle,Apartment,2,1411.0,False,2407000.0,160100.0
2025-02-26,Dubai Marina,Apartment,1,689.0,False,1451000.0,88400.0
2025-02-26,Arabian Ranches,Apartment,1,868.0,True,1154000.0,73700.0
2025-02-26,International City,Apartment,2,1465.0,True,743000.0,75900.0
2025-02-27,Dubai Marina,Apartment,2,1215.0,True,2113000.0,125400.0
2025-02-27,Jumeirah Lake Towers,Apartment,2,1340.0,False,2073000.0,177700.0
2025-02-27,Arabian Ranches,Apartment,0,412.0,True,597000.0,34100.0
2025-02-28,Jumeirah Village Circle,Apartment,1,686.0,False,845000.0,66200.0
2025-02-28,Jumeirah Village Circle,Apartment,2,1490.0,True,1323000.0,90400.0
2025-03-01,Business Bay,Apartment,3,1655.0,True,3634000.0,270200.0
2025-03-01,Dubai South,Apartment,3,1559.0,True,1308000.0,122300.0
2025-03-02,Dubai Hills Estate,Apartment,0,406.0,False,729000.0,45700.0
2025-03-02,Jumeirah Village Circle,Apartment,3,1785.0,False,2043000.0,171700.0
2025-03-02,Downtown Dubai,Apartment,3,1776.0,False,4075000.0,237800.0
2025-03-02,International City,Apartment,0,393.0,True,207000.0,19900.0
2025-03-02,Dubai South,Apartment,3,1990.0,False,1982000.0,143600.0
2025-03-02,Jumeirah Village Circle,Apartment,0,300.0,True,376000.0,28400.0
2025-03-03,Palm Jumeirah,Villa,3,3033.0,False,13213000.0,763900.0
2025-03-03,Dubai Hills Estate,Apartment,0,312.0,False,574000.0,35200.0
2025-03-03,Downtown Dubai,Apartment,0,465.0,False,1139000.0,69000.0
2025-03-03,Dubai Hills Estate,Apartment,1,896.0,False,2468000.0,146300.0
2025-03-03,Downtown Dubai,Apartment,0,413.0,True,1224000.0,64700.0
2025-03-04,International City,Apartment,2,1641.0,True,873000.0,67800.0
2025-03-04,Dubai Marina,Apartment,3,1810.0,True,3645000.0,270700.0
2025-03-04,Arabian Ranches,Apartment,3,1586.0,False,2839000.0,161900.0
2025-03-04,Business Bay,Apartment,1,893.0,False,2177000.0,132100.0
2025-03-04,International City,Apartment,2,1434.0,True,694000.0,57200.0
2025-03-06,Arabian Ranches,Villa,3,3307.0,False,5401000.0,303100.0
2025-03-06,Jumeirah Village Circle,Apartment,1,855.0,False,1088000.0,93000.0
2025-03-06,Arabian Ranches,Apartment,3,1725.0,False,3035000.0,168700.0
2025-03-06,Palm Jumeirah,Apartment,0,383.0,False,1573000.0,76100.0
2025-03-06,Jumeirah Lake Towers,Apartment,0,459.0,True,735000.0,49500.0
2025-03-07,Jumeirah Village Circle,Apartment,3,1425.0,True,1402000.0,99900.0
2025-03-07,Downtown Dubai,Apartment,3,1955.0,True,5165000.0,321300.0
2025-03-07,Dubai Marina,Apartment,0,494.0,True,1135000.0,70700.0
2025-03-08,Dubai South,Apartment,2,1430.0,False,1759000.0,141300.0
2025-03-09,International City,Apartment,0,385.0,True,204000.0,17100.0
2025-03-09,Arabian Ranches,Apartment,0,442.0,True,658000.0,35900.0
2025-03-09,Downtown Dubai,Apartment,2,1250.0,True,3681000.0,172100.0
2025-03-09,Dubai Marina,Apartment,2,1120.0,False,2469000.0,162400.0
2025-03-09,Dubai Hills Estate,Apartment,1,919.0,True,2139000.0,113500.0
2025-03-09,International City,Apartment,3,1639.0,True,761000.0,77900.0
2025-03-10,Jumeirah Lake Towers,Apartment,2,1470.0,False,2049000.0,142200.0
2025-03-10,Dubai Marina,Apartment,1,862.0,False,1782000.0,118500.0
2025-03-11,Arabian Ranches,Villa,3,3147.0,True,3561000.0,197900.0
2025-03-11,Dubai South,Apartment,0,470.0,True,390000.0,28400.0
2025-03-11,Jumeirah Lake Towers,Apartment,2,1284.0,False,1765000.0,134600.0
2025-03-11,Jumeirah Village Circle,Apartment,3,1656.0,True,1705000.0,138400.0
2025-03-11,Palm Jumeirah,Apartment,0,407.0,False,1724000.0,88000.0
2025-03-12,Dubai Marina,Apartment,0,532.0,False,1132000.0,66900.0
2025-03-12,Arabian Ranches,Apartment,0,473.0,False,628000.0,33300.0
2025-03-13,Arabian Ranches,Apartment,3,1685.0,False,2860000.0,153800.0
2025-03-13,Arabian Ranches,Villa,5,3733.0,False,6459000.0,335400.0
2025-03-14,Dubai Hills Estate,Apartment,3,1655.0,False,3477000.0,190200.0
2025-03-14,Downtown Dubai,Apartment,1,929.0,False,2180000.0,123500.0
2025-03-14,Dubai Marina,Apartment,0,415.0,True,787000.0,50800.0
2025-03-14,Business Bay,Apartment,2,1395.0,True,2742000.0,214700.0
2025-03-14,Dubai Hills Estate,Apartment,0,374.0,False,836000.0,51400.0
2025-03-14,Jumeirah Village Circle,Apartment,2,1229.0,True,1342000.0,116900.0
2025-03-14,Business Bay,Townhouse,6,4523.0,False,9902000.0,589500.0
2025-03-15,Jumeirah Lake Towers,Apartment,2,1416.0,True,1848000.0,120300.0
2025-03-15,Arabian Ranches,Apartment,2,1087.0,False,1668000.0,95200.0
2025-03-15,Business Bay,Apartment,1,856.0,False,1808000.0,123900.0
2025-03-15,Business Bay,Apartment,0,491.0,True,1201000.0,87000.0
2025-03-16,Dubai Marina,Apartment,2,1349.0,False,3221000.0,190700.0
2025-03-16,Business Bay,Apartment,2,1093.0,True,2590000.0,172300.0
2025-03-16,Jumeirah Lake Towers,Apartment,1,811.0,True,1076000.0,72100.0
2025-03-16,Dubai Hills Estate,Apartment,1,779.0,False,2047000.0,107100.0
2025-03-16,Palm Jumeirah,Apartment,3,1723.0,False,8793000.0,396600.0
2025-03-17,Jumeirah Lake Towers,Apartment,2,1500.0,False,2094000.0,130700.0
2025-03-17,Jumeirah Lake Towers,Apartment,1,900.0,True,1265000.0,90800.0
2025-03-17,Dubai Hills Estate,Apartment,2,1217.0,True,2424000.0,157600.0
2025-03-17,Business Bay,Apartment,1,899.0,True,2097000.0,130100.0
2025-03-17,International City,Apartment,0,354.0,True,217000.0,21700.0
2025-03-17,International City,Apartment,1,753.0,True,390000.0,29500.0
2025-03-18,Dubai Hills Estate,Apartment,2,1329.0,False,2821000.0,179900.0
2025-03-18,Dubai South,Apartment,3,1675.0,False,1412000.0,88400.0
2025-03-19,International City,Apartment,3,1636.0,False,1010000.0,83200.0
2025-03-19,Dubai South,Villa,4,2856.0,True,2204000.0,196600.0
2025-03-19,Business Bay,Apartment,3,1382.0,True,2736000.0,151100.0
2025-03-20,Dubai Marina,Apartment,2,1342.0,True,3075000.0,206400.0
2025-03-20,Downtown Dubai,Apartment,2,1283.0,False,4510000.0,248100.0
2025-03-21,Jumeirah Village Circle,Apartment,2,1378.0,False,1693000.0,159500.0
2025-03-21,Business Bay,Apartment,1,751.0,True,1384000.0,91000.0
2025-03-22,Dubai Marina,Apartment,0,541.0,True,1213000.0,64200.0
2025-03-22,International City,Apartment,0,516.0,False,302000.0,26500.0
2025-03-22,Jumeirah Lake Towers,Apartment,1,865.0,False,1348000.0,112400.0
2025-03-22,Jumeirah Lake Towers,Apartment,0,437.0,False,636000.0,40300.0
2025-03-22,International City,Apartment,0,435.0,False,251000.0,21700.0
2025-03-23,Dubai Hills Estate,Apartment,1,686.0,True,1551000.0,93500.0
2025-03-23,Downtown Dubai,Apartment,1,775.0,True,1944000.0,113100.0
2025-03-23,Business Bay,Apartment,3,1790.0,True,4217000.0,296700.0
2025-03-24,Dubai Hills Estate,Apartment,1,700.0,True,1481000.0,83700.0
2025-03-24,Jumeirah Lake Towers,Apartment,2,1334.0,True,1921000.0,145400.0
2025-03-25,Jumeirah Lake Towers,Apartment,3,1695.0,True,2040000.0,136500.0
2025-03-25,Jumeirah Village Circle,Apartment,0,329.0,False,330000.0,24200.0
2025-03-25,Jumeirah Village Circle,Apartment,1,630.0,True,748000.0,57700.0
2025-03-26,Dubai Hills Estate,Villa,5,3844.0,True,10997000.0,548800.0
2025-03-27,Dubai South,Villa,3,3149.0,True,2856000.0,221200.0
2025-03-27,Business Bay,Apartment,1,852.0,True,1727000.0,144400.0
2025-03-27,Palm Jumeirah,Apartment,3,2151.0,True,8184000.0,414200.0
2025-03-27,Dubai Hills Estate,Apartment,2,1285.0,False,2797000.0,186500.0
2025-03-27,Dubai South,Apartment,0,377.0,False,335000.0,29000.0
2025-04-01,Business Bay,Apartment,2,1148.0,False,2706000.0,179100.0
2025-04-01,Dubai Marina,Apartment,0,408.0,True,848000.0,59900.0
2025-04-01,Dubai South,Apartment,3,1775.0,True,1224000.0,86000.0
2025-04-01,International City,Apartment,0,418.0,True,208000.0,20600.0
2025-04-02,Downtown Dubai,Apartment,1,1047.0,True,2877000.0,152000.0
2025-04-02,International City,Apartment,0,393.0,True,198000.0,16600.0
2025-04-02,Downtown Dubai,Apartment,2,1304.0,False,3425000.0,192400.0
2025-04-02,International City,Apartment,0,511.0,False,283000.0,24600.0
2025-04-02,Jumeirah Lake Towers,Apartment,3,1444.0,True,2244000.0,152100.0
2025-04-02,International City,Apartment,1,785.0,True,435000.0,44200.0
2025-04-02,Palm Jumeirah,Apartment,0,486.0,False,1830000.0,96300.0
2025-04-03,Arabian Ranches,Apartment,3,1565.0,True,2142000.0,115200.0
2025-04-03,Business Bay,Apartment,2,1155.0,False,2473000.0,179900.0
2025-04-04,Downtown Dubai,Apartment,0,537.0,False,2073000.0,117700.0
2025-04-04,Jumeirah Lake Towers,Apartment,2,1241.0,False,2147000.0,152900.0
2025-04-04,Dubai South,Apartment,2,1317.0,True,1061000.0,92200.0
2025-04-04,Dubai Marina,Apartment,3,1732.0,False,4024000.0,252900.0
2025-04-05,Dubai Marina,Apartment,0,304.0,True,681000.0,51700.0
2025-04-05,Palm Jumeirah,Apartment,0,442.0,True,1832000.0,97700.0
2025-04-05,Jumeirah Village Circle,Apartment,0,505.0,True,603000.0,52900.0
2025-04-05,Dubai South,Apartment,1,854.0,True,810000.0,67800.0
2025-04-07,Jumeirah Lake Towers,Apartment,0,444.0,False,617000.0,41400.0
2025-04-07,Downtown Dubai,Apartment,1,729.0,False,1993000.0,97100.0
2025-04-07,Business Bay,Apartment,0,300.0,False,878000.0,56100.0
2025-04-07,Business Bay,Apartment,3,1707.0,False,3706000.0,217700.0
2025-04-07,Jumeirah Village Circle,Apartment,1,922.0,True,785000.0,53100.0
2025-04-08,International City,Apartment,3,1626.0,True,907000.0,87600.0
2025-04-08,Dubai Hills Estate,Villa,4,3423.0,True,6060000.0,379800.0
2025-04-08,Dubai South,Apartment,0,384.0,False,338000.0,23900.0
2025-04-08,Jumeirah Lake Towers,Apartment,1,970.0,True,1395000.0,104400.0
2025-04-08,Dubai Hills Estate,Apartment,1,827.0,True,1984000.0,108400.0
2025-04-09,Jumeirah Village Circle,Apartment,2,1423.0,False,1675000.0,158700.0
2025-04-09,Dubai Marina,Apartment,1,878.0,True,1933000.0,113600.0
2025-04-09,Dubai Hills Estate,Townhouse,3,2712.0,True,5445000.0,351700.0
2025-04-10,Palm Jumeirah,Apartment,3,1442.0,True,5347000.0,250800.0
2025-04-10,Dubai Hills Estate,Apartment,3,1292.0,False,2692000.0,180300.0
2025-04-10,Business Bay,Apartment,1,930.0,True,1873000.0,96800.0
2025-04-11,Jumeirah Lake Towers,Apartment,3,1855.0,True,2520000.0,201100.0
2025-04-11,Dubai Marina,Apartment,3,1754.0,True,2821000.0,152900.0
2025-04-12,Palm Jumeirah,Villa,6,4602.0,False,18321000.0,985600.0
2025-04-12,Dubai Hills Estate,Apartment,2,1359.0,True,2569000.0,128800.0
2025-04-12,Jumeirah Village Circle,Apartment,1,789.0,False,1294000.0,109700.0
2025-04-12,International City,Apartment,2,1477.0,True,728000.0,60000.0
2025-04-12,Dubai South,Apartment,1,775.0,False,926000.0,75300.0
2025-04-12,Jumeirah Lake Towers,Apartment,3,1834.0,True,2526000.0,212600.0
2025-04-13,Arabian Ranches,Apartment,3,1577.0,False,2466000.0,135000.0
2025-04-14,International City,Apartment,0,552.0,True,276000.0,22000.0
2025-04-14,Jumeirah Village Circle,Apartment,0,571.0,False,683000.0,63700.0
2025-04-14,Downtown Dubai,Apartment,3,1805.0,True,5159000.0,286700.0
2025-04-14,Dubai South,Villa,4,3328.0,True,3668000.0,289200.0
2025-04-14,Arabian Ranches,Townhouse,5,2782.0,False,4434000.0,240000.0
2025-04-15,Dubai Hills Estate,Apartment,3,1919.0,False,5057000.0,218500.0
2025-04-15,Downtown Dubai,Apartment,0,622.0,False,1401000.0,72700.0
2025-04-16,International City,Apartment,2,1229.0,True,579000.0,56400.0
2025-04-16,Palm Jumeirah,Apartment,3,2037.0,False,9212000.0,475000.0
2025-04-17,Downtown Dubai,Apartment,2,1331.0,True,3967000.0,224700.0
2025-04-17,Arabian Ranches,Apartment,1,808.0,False,1297000.0,65100.0
2025-04-18,Dubai Marina,Apartment,0,348.0,False,894000.0,57300.0
2025-04-18,Palm Jumeirah,Apartment,0,332.0,True,1551000.0,79100.0
2025-04-18,Jumeirah Village Circle,Apartment,0,492.0,False,623000.0,54000.0
2025-04-18,Jumeirah Lake Towers,Apartment,3,1570.0,True,2228000.0,154900.0
2025-04-18,Jumeirah Village Circle,Apartment,1,814.0,True,736000.0,67400.0
2025-04-19,Dubai South,Apartment,1,721.0,True,690000.0,57500.0
2025-04-20,Arabian Ranches,Apartment,3,1856.0,False,2862000.0,140300.0
2025-04-20,Dubai South,Apartment,0,448.0,False,439000.0,35800.0
2025-04-20,Dubai South,Apartment,2,1411.0,True,1569000.0,134700.0
2025-04-20,International City,Apartment,0,543.0,False,285000.0,28800.0
2025-04-20,International City,Apartment,2,1452.0,True,904000.0,74300.0
2025-04-20,Jumeirah Village Circle,Apartment,0,460.0,False,558000.0,41200.0
2025-04-21,Downtown Dubai,Apartment,1,794.0,False,2228000.0,121200.0
2025-04-21,Jumeirah Lake Towers,Apartment,1,756.0,True,1086000.0,80400.0
2025-04-21,Dubai Marina,Apartment,0,499.0,True,859000.0,63000.0
2025-04-21,International City,Apartment,3,1751.0,True,1130000.0,98300.0
2025-04-21,Business Bay,Apartment,3,1895.0,False,3950000.0,234700.0
2025-04-22,Jumeirah Lake Towers,Apartment,3,1529.0,False,1530000.0,109200.0
2025-04-22,Palm Jumeirah,Apartment,3,1502.0,False,6675000.0,295900.0
2025-04-22,Palm Jumeirah,Townhouse,3,2883.0,True,10939000.0,541300.0
2025-04-23,Palm Jumeirah,Apartment,3,2040.0,False,8387000.0,461300.0
2025-04-24,Palm Jumeirah,Apartment,2,1407.0,True,4429000.0,213800.0
2025-04-24,Business Bay,Apartment,0,547.0,True,1033000.0,65400.0
2025-04-24,Dubai Hills Estate,Townhouse,6,3898.0,True,7726000.0,480600.0
2025-04-25,International City,Apartment,3,1842.0,True,1014000.0,105000.0
2025-04-25,Business Bay,Apartment,2,1134.0,True,2360000.0,156200.0
2025-04-25,International City,Apartment,1,863.0,True,433000.0,38400.0
2025-04-26,Jumeirah Lake Towers,Apartment,2,1081.0,False,1638000.0,113200.0
2025-04-26,Dubai South,Apartment,1,884.0,True,1117000.0,78600.0
2025-04-26,Jumeirah Lake Towers,Apartment,3,1561.0,True,1995000.0,135800.0
2025-04-27,Business Bay,Apartment,1,993.0,True,2968000.0,193800.0
2025-04-27,Dubai South,Apartment,0,487.0,True,459000.0,36500.0
2025-04-27,Palm Jumeirah,Apartment,1,763.0,True,3216000.0,161500.0
2025-04-28,International City,Apartment,2,1448.0,True,746000.0,61700.0
2025-04-28,Downtown Dubai,Apartment,0,566.0,False,1891000.0,125200.0
2025-05-01,Arabian Ranches,Apartment,1,1047.0,True,1362000.0,81200.0
2025-05-01,Dubai Marina,Apartment,2,1145.0,True,2663000.0,189200.0
2025-05-01,Dubai Hills Estate,Apartment,3,1856.0,False,4162000.0,250600.0
2025-05-02,Jumeirah Village Circle,Apartment,3,1782.0,False,2187000.0,187900.0
2025-05-02,Palm Jumeirah,Apartment,2,1212.0,False,5980000.0,310300.0
2025-05-02,Dubai Hills Estate,Apartment,2,1490.0,True,2562000.0,175100.0
2025-05-03,Palm Jumeirah,Apartment,0,555.0,False,2652000.0,119500.0
2025-05-03,Jumeirah Village Circle,Apartment,0,393.0,False,557000.0,49800.0
2025-05-04,Jumeirah Lake Towers,Apartment,1,718.0,False,1130000.0,94500.0
2025-05-04,Business Bay,Apartment,1,958.0,False,2142000.0,139900.0
2025-05-04,Business Bay,Apartment,3,1924.0,True,3735000.0,293500.0
2025-05-04,Arabian Ranches,Villa,4,3458.0,True,5302000.0,290300.0
2025-05-05,Jumeirah Lake Towers,Apartment,3,1689.0,True,2845000.0,198600.0
2025-05-05,International City,Apartment,3,1541.0,False,908000.0,72400.0
2025-05-05,Jumeirah Village Circle,Apartment,3,1793.0,False,1742000.0,134700.0
2025-05-05,Business Bay,Apartment,3,1781.0,False,4531000.0,262300.0
2025-05-06,International City,Apartment,2,1177.0,True,769000.0,75300.0
2025-05-06,Jumeirah Village Circle,Apartment,0,305.0,True,311000.0,22800.0
2025-05-06,Jumeirah Lake Towers,Apartment,1,920.0,True,1320000.0,73600.0
2025-05-07,Downtown Dubai,Apartment,1,638.0,True,2162000.0,111400.0
2025-05-08,Jumeirah Lake Towers,Apartment,0,526.0,True,773000.0,46200.0
2025-05-08,Arabian Ranches,Apartment,0,527.0,False,852000.0,42900.0
2025-05-08,Palm Jumeirah,Apartment,1,827.0,True,2789000.0,140000.0
2025-05-08,Arabian Ranches,Apartment,0,469.0,False,824000.0,41900.0
2025-05-08,Downtown Dubai,Apartment,0,495.0,False,1509000.0,100700.0
2025-05-09,Dubai Hills Estate,Apartment,0,315.0,True,639000.0,31700.0
2025-05-09,Jumeirah Lake Towers,Apartment,0,604.0,True,1054000.0,84100.0
2025-05-09,Dubai Marina,Apartment,2,1273.0,False,2638000.0,163800.0
2025-05-10,Business Bay,Apartment,2,1343.0,True,2286000.0,149300.0
2025-05-10,Downtown Dubai,Apartment,0,489.0,False,1550000.0,74600.0
2025-05-10,Dubai Marina,Apartment,1,888.0,False,2484000.0,165400.0
2025-05-10,Business Bay,Apartment,0,446.0,False,993000.0,64000.0
2025-05-10,Dubai Marina,Apartment,1,917.0,False,2313000.0,143500.0
2025-05-11,Dubai South,Apartment,2,1419.0,False,1321000.0,98100.0
2025-05-11,Arabian Ranches,Apartment,1,761.0,False,1087000.0,51600.0
2025-05-11,Dubai Marina,Apartment,0,368.0,False,1042000.0,65500.0
2025-05-12,Arabian Ranches,Apartment,2,1509.0,False,2815000.0,145400.0
2025-05-12,Jumeirah Lake Towers,Apartment,2,1407.0,False,2148000.0,144600.0
2025-05-12,Arabian Ranches,Apartment,0,391.0,True,555000.0,27900.0
2025-05-12,Jumeirah Lake Towers,Apartment,2,1300.0,True,1682000.0,103000.0
2025-05-13,Palm Jumeirah,Apartment,1,928.0,False,3942000.0,198400.0
2025-05-13,Jumeirah Village Circle,Apartment,0,439.0,True,419000.0,37000.0
2025-05-13,Jumeirah Lake Towers,Apartment,1,915.0,False,1193000.0,89100.0
2025-05-14,Jumeirah Village Circle,Apartment,1,860.0,True,1066000.0,73900.0
2025-05-14,Dubai Marina,Apartment,1,840.0,False,1961000.0,130200.0
2025-05-15,Downtown Dubai,Apartment,0,460.0,True,1145000.0,69000.0
2025-05-15,Downtown Dubai,Apartment,2,1343.0,False,3903000.0,188300.0
2025-05-15,Jumeirah Lake Towers,Apartment,2,1299.0,False,1549000.0,96400.0
2025-05-15,Dubai Marina,Apartment,2,1327.0,True,2781000.0,206500.0
2025-05-15,Dubai South,Apartment,1,952.0,True,1028000.0,76500.0
2025-05-15,Dubai Marina,Apartment,2,1334.0,False,3475000.0,223500.0
2025-05-15,Business Bay,Apartment,0,376.0,True,817000.0,65000.0
2025-05-15,Palm Jumeirah,Apartment,3,2096.0,True,7233000.0,433500.0
2025-05-16,Dubai Hills Estate,Apartment,2,1063.0,False,2479000.0,162800.0
2025-05-16,Jumeirah Lake Towers,Apartment,0,378.0,True,401000.0,33700.0
2025-05-16,Arabian Ranches,Apartment,1,865.0,True,880000.0,53600.0
2025-05-16,International City,Apartment,1,968.0,False,530000.0,47600.0
2025-05-16,Dubai Hills Estate,Apartment,3,1714.0,False,3157000.0,187900.0
2025-05-17,Arabian Ranches,Villa,6,4989.0,False,7958000.0,518000.0
2025-05-17,Dubai Marina,Apartment,0,300.0,True,679000.0,48400.0
2025-05-17,Dubai Hills Estate,Apartment,0,558.0,False,1597000.0,96100.0
2025-05-17,Jumeirah Lake Towers,Apartment,3,1915.0,True,2491000.0,161300.0
2025-05-18,Palm Jumeirah,Apartment,2,1292.0,True,4083000.0,235100.0
2025-05-18,Dubai Marina,Apartment,2,967.0,False,2007000.0,129500.0
2025-05-18,Business Bay,Apartment,0,509.0,True,1013000.0,61900.0
2025-05-19,International City,Apartment,0,448.0,True,221000.0,20100.0
2025-05-19,Jumeirah Village Circle,Apartment,3,1993.0,True,2152000.0,195900.0
2025-05-19,Dubai Hills Estate,Apartment,0,531.0,False,1452000.0,90200.0
2025-05-19,International City,Apartment,1,866.0,False,396000.0,37000.0
2025-05-19,Downtown Dubai,Apartment,2,1154.0,True,3150000.0,176800.0
2025-05-20,Dubai Hills Estate,Apartment,0,397.0,True,891000.0,57900.0
2025-05-20,Palm Jumeirah,Apartment,1,902.0,False,5002000.0,285000.0
2025-05-21,Business Bay,Apartment,2,1321.0,True,2683000.0,155800.0
2025-05-22,Arabian Ranches,Villa,4,3337.0,True,5140000.0,301800.0
2025-05-22,Palm Jumeirah,Apartment,0,401.0,True,1490000.0,85100.0
2025-05-22,Jumeirah Lake Towers,Apartment,0,499.0,False,854000.0,60100.0
2025-05-22,Dubai Hills Estate,Villa,3,2906.0,False,6764000.0,363400.0
2025-05-23,Dubai South,Apartment,2,1106.0,True,1166000.0,93800.0
2025-05-23,Palm Jumeirah,Apartment,3,1931.0,True,7667000.0,373200.0
2025-05-23,Dubai South,Apartment,1,761.0,True,757000.0,48100.0
2025-05-23,Jumeirah Village Circle,Apartment,3,1710.0,True,2270000.0,176500.0
2025-05-23,Jumeirah Village Circle,Apartment,2,1166.0,False,1329000.0,102900.0
2025-05-24,Business Bay,Apartment,1,840.0,False,2092000.0,118100.0
2025-05-24,Downtown Dubai,Apartment,3,1567.0,True,3405000.0,212700.0
2025-05-24,Dubai Marina,Apartment,0,543.0,False,1220000.0,71900.0
2025-05-25,Palm Jumeirah,Apartment,3,1883.0,False,7609000.0,356600.0
2025-05-25,Arabian Ranches,Villa,5,3984.0,False,8050000.0,433300.0
2025-05-25,Dubai South,Apartment,2,1428.0,False,1244000.0,86600.0
2025-05-26,Business Bay,Apartment,2,1341.0,False,2630000.0,190100.0
2025-05-26,Dubai South,Apartment,3,1645.0,False,1804000.0,157300.0
2025-05-26,Dubai South,Apartment,2,1211.0,False,1166000.0,82300.0
2025-05-26,Palm Jumeirah,Apartment,1,894.0,False,3766000.0,197900.0
2025-05-27,Jumeirah Lake Towers,Apartment,1,929.0,True,1272000.0,90300.0
2025-05-27,Business Bay,Apartment,0,515.0,True,1192000.0,78200.0
2025-05-27,Dubai Hills Estate,Townhouse,5,3122.0,False,6676000.0,376200.0
2025-05-27,Arabian Ranches,Townhouse,5,3719.0,True,5181000.0,308900.0
2025-05-27,Arabian Ranches,Apartment,0,459.0,True,645000.0,34600.0
2025-05-27,International City,Apartment,1,687.0,True,368000.0,27500.0
2025-05-28,Dubai South,Villa,3,3209.0,True,2843000.0,222900.0
2025-05-28,Dubai South,Apartment,3,1633.0,True,1341000.0,95600.0
2025-05-28,International City,Apartment,3,1791.0,True,1034000.0,85300.0
2025-05-28,Dubai Hills Estate,Apartment,3,1616.0,False,3209000.0,162800.0
2025-05-28,Downtown Dubai,Apartment,2,1268.0,False,3356000.0,213400.0
2025-05-28,Downtown Dubai,Apartment,2,1645.0,False,5472000.0,357300.0
2025-06-01,Arabian Ranches,Apartment,1,833.0,True,1475000.0,79200.0
2025-06-01,Jumeirah Village Circle,Apartment,2,1538.0,True,1743000.0,133900.0
2025-06-01,Palm Jumeirah,Apartment,0,384.0,True,1637000.0,67500.0
2025-06-01,Jumeirah Village Circle,Apartment,2,1318.0,False,1634000.0,132000.0
2025-06-01,Dubai Marina,Apartment,0,314.0,True,687000.0,42400.0
2025-06-01,Downtown Dubai,Apartment,2,1194.0,False,3477000.0,206000.0
2025-06-02,Dubai Marina,Apartment,0,398.0,True,809000.0,40500.0
2025-06-02,Dubai Marina,Apartment,1,734.0,False,1423000.0,95900.0
2025-06-02,International City,Apartment,0,429.0,False,216000.0,17600.0
2025-06-03,Business Bay,Apartment,3,1733.0,False,4120000.0,270300.0
2025-06-03,Jumeirah Lake Towers,Apartment,2,1335.0,False,2158000.0,165600.0
2025-06-03,International City,Apartment,1,999.0,True,593000.0,58700.0
2025-06-03,Jumeirah Lake Towers,Apartment,1,664.0,True,1079000.0,85800.0
2025-06-03,Dubai South,Apartment,0,512.0,False,527000.0,49000.0
2025-06-03,Business Bay,Apartment,3,1697.0,False,3883000.0,299300.0
2025-06-04,Palm Jumeirah,Apartment,3,1690.0,True,7233000.0,338500.0
2025-06-04,Dubai South,Townhouse,3,2185.0,False,2109000.0,164900.0
2025-06-04,Business Bay,Apartment,2,1412.0,True,2950000.0,208100.0
2025-06-05,Palm Jumeirah,Apartment,3,1825.0,False,7246000.0,300900.0
2025-06-05,Downtown Dubai,Apartment,2,1317.0,False,2796000.0,137300.0
2025-06-05,Dubai South,Apartment,0,481.0,True,445000.0,35100.0
2025-06-06,Dubai South,Apartment,1,887.0,False,874000.0,56000.0
2025-06-07,Arabian Ranches,Apartment,3,1787.0,False,2765000.0,156600.0
2025-06-07,Palm Jumeirah,Apartment,0,511.0,False,2266000.0,121000.0
2025-06-07,Business Bay,Apartment,2,1511.0,True,3139000.0,208000.0
2025-06-08,Jumeirah Lake Towers,Apartment,0,499.0,False,657000.0,40400.0
2025-06-08,Arabian Ranches,Townhouse,3,2918.0,False,4184000.0,229200.0
2025-06-08,Business Bay,Apartment,0,380.0,True,843000.0,53300.0
2025-06-08,Dubai South,Apartment,2,1341.0,True,1116000.0,78600.0
2025-06-09,Jumeirah Lake Towers,Apartment,1,989.0,False,1493000.0,104900.0
2025-06-09,International City,Apartment,0,356.0,False,251000.0,23200.0
2025-06-09,Dubai Marina,Apartment,0,381.0,True,822000.0,60300.0
2025-06-09,Dubai South,Apartment,1,894.0,True,917000.0,71700.0
2025-06-10,International City,Apartment,0,431.0,True,219000.0,21800.0
2025-06-10,Downtown Dubai,Apartment,3,1569.0,False,4492000.0,314700.0
2025-06-10,Arabian Ranches,Apartment,2,1083.0,True,1489000.0,80900.0
2025-06-11,Business Bay,Apartment,3,1576.0,True,3028000.0,208800.0
2025-06-11,Jumeirah Village Circle,Apartment,0,435.0,True,476000.0,35500.0
2025-06-12,Dubai Marina,Apartment,0,502.0,True,1047000.0,68300.0
2025-06-12,Jumeirah Village Circle,Apartment,0,383.0,True,437000.0,33700.0
2025-06-12,Dubai Hills Estate,Apartment,0,373.0,False,764000.0,38400.0
2025-06-12,Jumeirah Village Circle,Apartment,3,2014.0,True,3032000.0,245200.0
2025-06-13,International City,Apartment,0,332.0,True,159000.0,18100.0
2025-06-13,Dubai South,Apartment,0,457.0,True,438000.0,33500.0
2025-06-14,Arabian Ranches,Apartment,3,1650.0,False,3171000.0,199100.0
2025-06-14,Jumeirah Lake Towers,Apartment,0,453.0,False,674000.0,44400.0
2025-06-14,Jumeirah Lake Towers,Apartment,2,1231.0,True,1521000.0,98900.0
2025-06-14,Jumeirah Lake Towers,Apartment,2,1497.0,True,1989000.0,141100.0
2025-06-14,Dubai Hills Estate,Apartment,1,780.0,True,1334000.0,81500.0
2025-06-14,Business Bay,Apartment,3,1668.0,False,3326000.0,225800.0
2025-06-14,International City,Apartment,3,1506.0,True,761000.0,88600.0
2025-06-15,International City,Apartment,1,887.0,True,542000.0,57200.0
2025-06-15,Jumeirah Lake Towers,Apartment,1,751.0,True,1194000.0,75700.0
2025-06-15,Business Bay,Apartment,1,1007.0,True,2275000.0,138000.0
2025-06-15,Palm Jumeirah,Apartment,2,1425.0,True,4909000.0,228200.0
2025-06-15,Jumeirah Lake Towers,Apartment,3,1438.0,False,1982000.0,149200.0
2025-06-15,Jumeirah Village Circle,Apartment,3,1560.0,True,1334000.0,97900.0
2025-06-15,Downtown Dubai,Apartment,2,1461.0,True,3860000.0,208000.0
2025-06-16,Palm Jumeirah,Apartment,3,1672.0,False,7311000.0,371200.0
2025-06-16,International City,Apartment,2,1190.0,True,591000.0,53400.0
2025-06-16,Dubai Marina,Apartment,2,1034.0,True,2133000.0,163900.0
2025-06-16,Business Bay,Apartment,2,1289.0,False,3054000.0,178700.0
2025-06-16,Business Bay,Apartment,0,494.0,True,1226000.0,70900.0
2025-06-17,Arabian Ranches,Apartment,3,1712.0,True,2601000.0,130800.0
2025-06-17,Dubai South,Apartment,1,786.0,False,923000.0,71100.0
2025-06-17,International City,Apartment,1,790.0,False,408000.0,32600.0
2025-06-17,Dubai Marina,Apartment,3,1757.0,False,3980000.0,254700.0
2025-06-18,Dubai Hills Estate,Apartment,2,1334.0,False,2923000.0,173600.0
2025-06-18,International City,Apartment,1,1080.0,True,544000.0,47700.0
2025-06-18,Business Bay,Apartment,1,984.0,True,1859000.0,112000.0
2025-06-18,International City,Apartment,3,2022.0,False,1031000.0,84900.0
2025-06-18,Dubai South,Apartment,1,864.0,True,785000.0,51100.0
2025-06-18,Jumeirah Village Circle,Apartment,2,1364.0,True,1444000.0,126100.0
2025-06-19,Jumeirah Lake Towers,Apartment,1,933.0,False,1219000.0,97600.0
2025-06-19,Dubai Hills Estate,Apartment,2,1086.0,True,2091000.0,119300.0
2025-06-20,Jumeirah Village Circle,Apartment,1,1002.0,True,1056000.0,82900.0
2025-06-20,Dubai Marina,Apartment,2,1457.0,False,3682000.0,218700.0
2025-06-20,International City,Apartment,3,1979.0,True,1015000.0,95700.0
2025-06-20,Arabian Ranches,Townhouse,3,2550.0,True,2734000.0,163500.0
2025-06-20,Dubai Hills Estate,Apartment,2,1450.0,True,2533000.0,157200.0
2025-06-21,Dubai South,Apartment,3,1818.0,True,1549000.0,134000.0
2025-06-21,Dubai Hills Estate,Apartment,2,1315.0,False,2452000.0,154600.0
2025-06-21,Downtown Dubai,Apartment,1,1030.0,True,2697000.0,145100.0
2025-06-22,Jumeirah Village Circle,Apartment,0,368.0,True,368000.0,30300.0
2025-06-22,Business Bay,Apartment,0,454.0,True,899000.0,68100.0
2025-06-22,Business Bay,Apartment,2,1232.0,False,2575000.0,175400.0
2025-06-23,International City,Apartment,3,1830.0,False,1224000.0,104300.0
2025-06-23,Dubai South,Apartment,3,1544.0,True,1187000.0,86000.0
2025-06-23,Dubai Hills Estate,Apartment,2,1151.0,True,2444000.0,148400.0
2025-06-23,Dubai Hills Estate,Apartment,2,1394.0,True,2870000.0,170900.0
2025-06-23,Business Bay,Apartment,3,1464.0,False,3378000.0,218600.0
2025-06-23,Business Bay,Apartment,1,775.0,True,1742000.0,99100.0
2025-06-24,Dubai Marina,Apartment,1,797.0,True,1529000.0,100800.0
2025-06-24,Palm Jumeirah,Apartment,1,847.0,False,3275000.0,161100.0
2025-06-24,International City,Apartment,1,864.0,False,504000.0,42900.0
2025-06-25,International City,Apartment,1,845.0,False,407000.0,28500.0
2025-06-25,Arabian Ranches,Apartment,3,1661.0,False,2095000.0,132500.0
2025-06-25,Dubai Hills Estate,Apartment,0,494.0,True,924000.0,56000.0
2025-06-26,Palm Jumeirah,Apartment,2,1493.0,False,6597000.0,324600.0
2025-06-26,Jumeirah Lake Towers,Apartment,3,1675.0,False,2767000.0,154400.0
2025-06-26,Palm Jumeirah,Apartment,0,536.0,True,1730000.0,79500.0
2025-06-27,Jumeirah Village Circle,Apartment,3,1675.0,True,1687000.0,112700.0
2025-06-28,Dubai South,Apartment,3,2040.0,True,1512000.0,119300.0
2025-06-28,Dubai Hills Estate,Apartment,0,427.0,False,879000.0,56200.0
2025-06-28,Dubai Hills Estate,Apartment,1,833.0,False,1630000.0,95000.0
2025-06-28,International City,Apartment,0,452.0,True,216000.0,18100.0
2025-07-01,Dubai Marina,Apartment,0,470.0,True,821000.0,50100.0
2025-07-01,Dubai Marina,Apartment,3,1613.0,False,3452000.0,215100.0
2025-07-01,International City,Apartment,3,1545.0,False,850000.0,83200.0
2025-07-01,Dubai Marina,Apartment,2,1384.0,False,3261000.0,210200.0
2025-07-01,Jumeirah Village Circle,Apartment,0,389.0,True,439000.0,34600.0
2025-07-01,International City,Apartment,1,832.0,False,449000.0,41800.0
2025-07-02,Jumeirah Lake Towers,Apartment,1,731.0,True,1019000.0,69200.0
2025-07-03,Business Bay,Apartment,3,1447.0,True,3791000.0,202600.0
2025-07-03,Dubai South,Apartment,3,2009.0,True,2042000.0,161100.0
2025-07-03,Dubai South,Villa,6,4398.0,True,4339000.0,377500.0
2025-07-03,Arabian Ranches,Apartment,0,456.0,False,721000.0,37700.0
2025-07-04,International City,Apartment,1,907.0,True,422000.0,39700.0
2025-07-04,Jumeirah Lake Towers,Apartment,3,1712.0,True,2071000.0,142500.0
2025-07-04,Dubai South,Apartment,0,458.0,True,466000.0,32800.0
2025-07-05,Jumeirah Village Circle,Apartment,3,1853.0,False,2778000.0,261800.0
2025-07-05,Downtown Dubai,Apartment,3,1443.0,False,4194000.0,210900.0
2025-07-06,Jumeirah Village Circle,Apartment,0,382.0,True,463000.0,39300.0
2025-07-06,Business Bay,Apartment,3,1358.0,False,3254000.0,216700.0
2025-07-06,Dubai Hills Estate,Apartment,3,1872.0,True,4255000.0,245100.0
2025-07-06,Dubai South,Apartment,2,1552.0,False,1359000.0,107600.0
2025-07-06,Downtown Dubai,Apartment,1,1053.0,False,3323000.0,186900.0
2025-07-07,Palm Jumeirah,Apartment,2,1268.0,False,4988000.0,216800.0
2025-07-07,Business Bay,Apartment,1,938.0,False,2617000.0,165500.0
2025-07-07,Jumeirah Lake Towers,Apartment,0,435.0,False,647000.0,47700.0
2025-07-07,Arabian Ranches,Villa,4,3028.0,False,4403000.0,240300.0
2025-07-08,Downtown Dubai,Apartment,3,1751.0,True,4250000.0,203200.0
2025-07-08,International City,Apartment,1,872.0,False,531000.0,44200.0
2025-07-08,Arabian Ranches,Apartment,2,1243.0,True,2004000.0,99600.0
2025-07-08,International City,Apartment,2,1127.0,True,748000.0,64000.0
2025-07-09,Dubai Hills Estate,Apartment,3,1499.0,True,4089000.0,235000.0
2025-07-09,Dubai Hills Estate,Apartment,1,830.0,False,1699000.0,98100.0
2025-07-11,Downtown Dubai,Apartment,0,348.0,False,1009000.0,56100.0
2025-07-11,Downtown Dubai,Apartment,1,883.0,False,2325000.0,120600.0
2025-07-11,Jumeirah Lake Towers,Apartment,0,382.0,False,609000.0,45100.0
2025-07-11,Palm Jumeirah,Apartment,2,1168.0,True,4196000.0,189600.0
2025-07-11,Arabian Ranches,Apartment,1,942.0,False,1267000.0,69100.0
2025-07-11,Dubai Marina,Apartment,3,1527.0,True,3878000.0,256400.0
2025-07-12,Dubai Marina,Apartment,1,981.0,True,2299000.0,151500.0
2025-07-12,Business Bay,Townhouse,6,3855.0,False,9234000.0,667300.0
2025-07-13,Jumeirah Lake Towers,Apartment,1,882.0,True,1263000.0,91600.0
2025-07-13,Business Bay,Apartment,3,1771.0,True,4160000.0,269000.0
2025-07-13,International City,Apartment,1,961.0,True,478000.0,40000.0
2025-07-14,Dubai Hills Estate,Apartment,1,844.0,False,1793000.0,105400.0
2025-07-14,Arabian Ranches,Apartment,2,1442.0,True,2504000.0,155600.0
2025-07-14,Downtown Dubai,Apartment,0,512.0,False,1490000.0,79500.0
2025-07-15,Dubai Hills Estate,Apartment,1,894.0,False,1997000.0,112900.0
2025-07-15,Arabian Ranches,Apartment,2,1193.0,True,1688000.0,102400.0
2025-07-16,Dubai South,Townhouse,6,4362.0,False,4198000.0,278800.0
2025-07-16,Downtown Dubai,Apartment,1,771.0,True,1886000.0,112600.0
2025-07-16,Palm Jumeirah,Apartment,3,1911.0,True,8246000.0,476400.0
2025-07-16,Jumeirah Village Circle,Apartment,2,1273.0,True,1737000.0,121700.0
2025-07-17,Downtown Dubai,Apartment,0,451.0,False,1335000.0,74300.0
2025-07-17,Dubai Marina,Apartment,0,598.0,True,1231000.0,72400.0
2025-07-17,Jumeirah Village Circle,Townhouse,5,3236.0,True,4141000.0,296100.0
2025-07-18,Palm Jumeirah,Apartment,0,483.0,False,1688000.0,90500.0
2025-07-18,Arabian Ranches,Apartment,2,1603.0,True,2450000.0,114000.0
2025-07-19,Downtown Dubai,Apartment,3,1837.0,True,5321000.0,259100.0
2025-07-19,Palm Jumeirah,Apartment,2,1029.0,False,4342000.0,225500.0
2025-07-19,International City,Apartment,0,427.0,True,218000.0,16800.0
2025-07-19,Jumeirah Village Circle,Apartment,3,1655.0,False,2345000.0,203000.0
2025-07-19,Jumeirah Lake Towers,Apartment,1,936.0,True,1490000.0,90500.0
2025-07-19,Jumeirah Lake Towers,Apartment,2,1408.0,True,1731000.0,128600.0
2025-07-20,Business Bay,Apartment,1,955.0,False,2435000.0,172600.0
2025-07-20,Dubai Hills Estate,Apartment,2,1249.0,True,3050000.0,220500.0
2025-07-20,Downtown Dubai,Apartment,0,512.0,True,1412000.0,73200.0
2025-07-20,International City,Apartment,2,1112.0,True,526000.0,45100.0
2025-07-20,Dubai South,Townhouse,6,3549.0,False,3355000.0,231000.0
2025-07-20,Dubai Marina,Apartment,1,867.0,False,1755000.0,112500.0
2025-07-20,Dubai Marina,Apartment,0,300.0,True,722000.0,49300.0
2025-07-20,Dubai Marina,Apartment,0,487.0,True,1132000.0,66800.0
2025-07-21,Business Bay,Apartment,3,1518.0,False,2902000.0,177300.0
2025-07-21,Palm Jumeirah,Apartment,0,535.0,False,2186000.0,92200.0
2025-07-21,Palm Jumeirah,Villa,5,4018.0,True,14847000.0,705600.0
2025-07-21,Jumeirah Village Circle,Apartment,3,1627.0,True,2068000.0,123300.0
2025-07-21,Dubai South,Apartment,2,1643.0,True,1741000.0,141100.0
2025-07-22,Dubai Hills Estate,Apartment,1,868.0,True,1850000.0,90700.0
2025-07-22,Downtown Dubai,Apartment,2,1310.0,False,3783000.0,227400.0
2025-07-23,Downtown Dubai,Apartment,3,1509.0,False,4503000.0,226300.0
2025-07-23,Dubai South,Apartment,1,907.0,False,801000.0,61300.0
2025-07-23,Arabian Ranches,Apartment,0,468.0,True,612000.0,31200.0
2025-07-24,Business Bay,Apartment,3,1709.0,True,4085000.0,262700.0
2025-07-24,International City,Apartment,3,1788.0,False,1090000.0,100600.0
2025-07-24,Dubai Hills Estate,Apartment,2,1388.0,False,3409000.0,181300.0
2025-07-24,Dubai Marina,Apartment,0,518.0,False,998000.0,54000.0
2025-07-24,Palm Jumeirah,Apartment,0,463.0,True,1889000.0,89100.0
2025-07-24,Dubai Marina,Apartment,3,1688.0,True,3277000.0,191500.0
2025-07-25,International City,Apartment,2,1478.0,True,635000.0,48200.0
2025-07-26,Downtown Dubai,Apartment,3,1694.0,False,5641000.0,341900.0
2025-07-26,Dubai Marina,Apartment,1,946.0,False,2380000.0,178100.0
2025-07-27,Dubai Hills Estate,Apartment,1,754.0,True,1529000.0,86800.0
2025-07-27,Dubai Hills Estate,Apartment,2,1196.0,True,2744000.0,163500.0
2025-07-28,Jumeirah Lake Towers,Apartment,1,861.0,True,1166000.0,95300.0
2025-07-28,Dubai Marina,Apartment,0,507.0,False,1101000.0,62300.0
2025-08-01,Business Bay,Apartment,1,924.0,True,1405000.0,92100.0
2025-08-01,International City,Apartment,1,887.0,True,448000.0,40100.0
2025-08-01,Downtown Dubai,Apartment,0,485.0,True,1216000.0,68100.0
2025-08-02,Arabian Ranches,Apartment,2,1323.0,True,1824000.0,91100.0
2025-08-02,Dubai Marina,Apartment,3,1807.0,False,5186000.0,367500.0
2025-08-02,International City,Apartment,2,1273.0,True,857000.0,78500.0
2025-08-03,Arabian Ranches,Apartment,0,312.0,True,486000.0,29200.0
2025-08-03,Palm Jumeirah,Apartment,2,1061.0,True,4200000.0,223200.0
2025-08-03,Dubai Marina,Apartment,1,794.0,True,2052000.0,110900.0
2025-08-03,Dubai Hills Estate,Apartment,3,1750.0,True,3772000.0,194500.0
2025-08-04,Palm Jumeirah,Apartment,1,912.0,False,3095000.0,164500.0
2025-08-04,Business Bay,Apartment,1,947.0,False,2320000.0,169000.0
2025-08-05,International City,Apartment,0,426.0,True,222000.0,16400.0
2025-08-05,Jumeirah Lake Towers,Apartment,0,383.0,True,456000.0,30200.0
2025-08-06,International City,Apartment,2,1096.0,True,554000.0,56900.0
2025-08-06,Jumeirah Village Circle,Apartment,1,981.0,False,1117000.0,89600.0
2025-08-06,Downtown Dubai,Apartment,2,1495.0,True,4219000.0,307900.0
2025-08-06,Dubai South,Villa,5,3799.0,False,3214000.0,247800.0
2025-08-06,Palm Jumeirah,Apartment,1,783.0,False,3644000.0,186100.0
2025-08-06,Jumeirah Village Circle,Apartment,1,926.0,True,1007000.0,71800.0
2025-08-07,Palm Jumeirah,Apartment,1,934.0,True,3388000.0,191600.0
2025-08-07,Jumeirah Village Circle,Apartment,0,547.0,True,560000.0,41800.0
2025-08-07,Palm Jumeirah,Villa,6,4295.0,False,15755000.0,819200.0
2025-08-07,Dubai Hills Estate,Apartment,1,792.0,False,1713000.0,77900.0
2025-08-08,Arabian Ranches,Townhouse,5,3315.0,True,5111000.0,278100.0
2025-08-08,Jumeirah Lake Towers,Apartment,1,941.0,True,1428000.0,112600.0
2025-08-08,Jumeirah Village Circle,Apartment,2,1234.0,False,1428000.0,110700.0
2025-08-08,Business Bay,Apartment,3,1935.0,True,4002000.0,267900.0
2025-08-08,Jumeirah Village Circle,Apartment,1,827.0,False,1114000.0,78700.0
2025-08-09,Dubai Marina,Apartment,3,1706.0,False,3146000.0,193100.0
2025-08-09,International City,Apartment,0,389.0,False,179000.0,14800.0
2025-08-09,Jumeirah Village Circle,Apartment,1,973.0,True,1173000.0,88800.0
2025-08-09,Business Bay,Apartment,1,1201.0,True,2195000.0,139000.0
2025-08-09,Jumeirah Lake Towers,Apartment,0,586.0,True,687000.0,50400.0
2025-08-10,Jumeirah Lake Towers,Apartment,2,1147.0,False,1966000.0,142700.0
2025-08-10,Palm Jumeirah,Apartment,3,1743.0,True,8435000.0,345400.0
2025-08-10,International City,Apartment,0,444.0,True,210000.0,18100.0
2025-08-10,Dubai Hills Estate,Villa,6,4175.0,True,8003000.0,438600.0
2025-08-10,Dubai Marina,Townhouse,6,3919.0,False,9128000.0,542500.0
2025-08-11,Business Bay,Apartment,3,1590.0,False,2588000.0,160000.0
2025-08-11,Business Bay,Apartment,2,1283.0,False,2672000.0,156000.0
2025-08-11,Dubai Hills Estate,Apartment,3,1656.0,False,3544000.0,220400.0
2025-08-11,Dubai Hills Estate,Apartment,1,953.0,True,2034000.0,139100.0
2025-08-11,Dubai South,Apartment,2,1490.0,True,1429000.0,97700.0
2025-08-11,Dubai Marina,Apartment,2,1086.0,False,2468000.0,145400.0
2025-08-11,Arabian Ranches,Apartment,1,749.0,True,1093000.0,67700.0
2025-08-11,Palm Jumeirah,Apartment,1,895.0,False,3464000.0,194300.0
2025-08-11,Jumeirah Village Circle,Townhouse,4,2978.0,False,3679000.0,269400.0
2025-08-11,Jumeirah Lake Towers,Apartment,2,1386.0,False,2796000.0,213700.0
2025-08-12,Downtown Dubai,Apartment,1,790.0,True,1986000.0,99000.0
2025-08-12,Palm Jumeirah,Villa,4,2980.0,True,10071000.0,439000.0
2025-08-12,Dubai Marina,Apartment,3,1792.0,True,3827000.0,298700.0
2025-08-12,Dubai Hills Estate,Villa,4,3097.0,False,5851000.0,323700.0
2025-08-13,Dubai Hills Estate,Apartment,3,1729.0,True,3317000.0,174700.0
2025-08-13,Downtown Dubai,Apartment,0,450.0,False,1274000.0,66000.0
2025-08-14,Dubai Marina,Apartment,1,769.0,True,1280000.0,80200.0
2025-08-14,Business Bay,Apartment,0,512.0,True,1037000.0,70400.0
2025-08-14,Dubai Hills Estate,Apartment,2,1385.0,True,2589000.0,145500.0
2025-08-14,Arabian Ranches,Villa,4,3262.0,True,4354000.0,223600.0
2025-08-14,Dubai South,Villa,5,4177.0,True,4162000.0,324700.0
2025-08-15,Arabian Ranches,Villa,3,2931.0,True,4047000.0,208600.0
2025-08-15,International City,Apartment,2,1321.0,False,948000.0,77600.0
2025-08-15,Arabian Ranches,Apartment,1,932.0,False,1443000.0,75300.0
2025-08-15,Downtown Dubai,Apartment,3,1978.0,False,7019000.0,372100.0
2025-08-15,Arabian Ranches,Apartment,1,864.0,False,1473000.0,95300.0
2025-08-16,Palm Jumeirah,Apartment,3,1964.0,True,6699000.0,342600.0
2025-08-16,Palm Jumeirah,Villa,6,4498.0,True,17350000.0,778300.0
2025-08-17,Dubai Hills Estate,Apartment,3,1648.0,True,3675000.0,241300.0
2025-08-17,Downtown Dubai,Apartment,2,1347.0,True,3097000.0,151300.0
2025-08-17,International City,Apartment,0,402.0,True,197000.0,22600.0
2025-08-18,Dubai South,Apartment,1,998.0,True,952000.0,73000.0
2025-08-18,Palm Jumeirah,Apartment,3,1758.0,True,7202000.0,352200.0
2025-08-18,Dubai South,Apartment,3,1527.0,True,1557000.0,132800.0
2025-08-18,Arabian Ranches,Apartment,2,1347.0,False,1685000.0,74800.0
2025-08-19,Palm Jumeirah,Apartment,1,856.0,True,2549000.0,139700.0
2025-08-19,Arabian Ranches,Apartment,0,373.0,True,532000.0,36700.0
2025-08-20,Dubai Hills Estate,Apartment,3,1896.0,False,4869000.0,267800.0
2025-08-21,International City,Apartment,2,1289.0,True,731000.0,52800.0
2025-08-21,International City,Apartment,1,816.0,False,439000.0,36100.0
2025-08-21,Downtown Dubai,Townhouse,4,3163.0,False,11652000.0,590100.0
2025-08-22,Business Bay,Apartment,3,1757.0,True,3619000.0,259700.0
2025-08-22,Downtown Dubai,Apartment,0,416.0,True,1147000.0,74700.0
2025-08-22,Business Bay,Apartment,1,895.0,False,2116000.0,162800.0
2025-08-22,International City,Apartment,2,1154.0,True,528000.0,44900.0
2025-08-23,Jumeirah Lake Towers,Apartment,1,817.0,True,1068000.0,78000.0
2025-08-23,Downtown Dubai,Apartment,0,353.0,True,902000.0,51300.0
2025-08-24,Jumeirah Lake Towers,Apartment,2,1480.0,True,1729000.0,115800.0
2025-08-24,Business Bay,Apartment,0,417.0,False,1025000.0,55000.0
2025-08-24,Business Bay,Apartment,3,1711.0,True,3929000.0,294300.0
2025-08-24,Dubai South,Apartment,2,1198.0,True,1024000.0,71500.0
2025-08-25,Dubai Marina,Apartment,0,433.0,False,995000.0,62700.0
2025-08-25,Palm Jumeirah,Villa,3,3383.0,False,13388000.0,666000.0
2025-08-25,Jumeirah Lake Towers,Apartment,0,418.0,True,515000.0,40200.0
2025-08-25,International City,Apartment,2,1348.0,False,949000.0,81800.0
2025-08-25,Downtown Dubai,Apartment,1,979.0,True,2132000.0,103200.0
2025-08-26,Business Bay,Apartment,2,1280.0,False,2538000.0,157500.0
2025-08-26,International City,Apartment,3,1450.0,True,743000.0,57600.0
2025-08-26,Jumeirah Village Circle,Apartment,2,1042.0,False,1094000.0,76500.0
2025-08-26,International City,Apartment,3,1564.0,True,734000.0,63200.0
2025-08-26,Downtown Dubai,Apartment,1,860.0,True,1937000.0,107400.0
2025-08-26,Palm Jumeirah,Villa,6,3988.0,True,14866000.0,587400.0
2025-08-27,Downtown Dubai,Apartment,2,1348.0,False,3809000.0,211200.0
2025-08-27,Jumeirah Lake Towers,Apartment,0,405.0,True,546000.0,36500.0
2025-08-27,Dubai Hills Estate,Apartment,1,870.0,True,1696000.0,99600.0
2025-08-27,Jumeirah Village Circle,Apartment,2,1336.0,True,1441000.0,109600.0
2025-08-27,Jumeirah Lake Towers,Apartment,3,1676.0,True,2438000.0,159700.0
2025-08-27,Dubai Marina,Apartment,0,389.0,False,969000.0,55400.0
2025-08-27,Arabian Ranches,Apartment,1,938.0,True,1488000.0,81800.0
2025-08-28,Downtown Dubai,Apartment,3,1775.0,False,4324000.0,237800.0
2025-09-01,Dubai South,Townhouse,5,3085.0,False,2611000.0,161200.0
2025-09-01,Dubai South,Apartment,1,839.0,False,853000.0,69800.0
2025-09-01,International City,Townhouse,4,2830.0,True,1470000.0,135600.0
2025-09-01,Palm Jumeirah,Apartment,0,458.0,False,2003000.0,109800.0
2025-09-01,Jumeirah Lake Towers,Apartment,2,1234.0,True,2146000.0,135300.0
2025-09-03,Dubai Hills Estate,Apartment,3,1823.0,False,3559000.0,207900.0
2025-09-03,Jumeirah Lake Towers,Apartment,2,1588.0,True,1786000.0,152000.0
2025-09-03,Jumeirah Village Circle,Apartment,2,1204.0,False,1532000.0,136700.0
2025-09-03,Jumeirah Lake Towers,Apartment,3,1546.0,True,1821000.0,130800.0
2025-09-04,Business Bay,Apartment,0,467.0,False,976000.0,64600.0
2025-09-04,Palm Jumeirah,Apartment,0,481.0,False,2184000.0,116000.0
2025-09-04,Arabian Ranches,Apartment,2,1524.0,False,3363000.0,177500.0
2025-09-04,Jumeirah Lake Towers,Apartment,2,1252.0,False,1657000.0,120800.0
2025-09-05,Jumeirah Village Circle,Apartment,2,1330.0,True,1703000.0,117400.0
2025-09-05,Dubai Hills Estate,Apartment,3,1640.0,True,3374000.0,219300.0
2025-09-05,International City,Apartment,3,2098.0,False,1249000.0,118800.0
2025-09-05,Downtown Dubai,Apartment,3,1463.0,False,4401000.0,242300.0
2025-09-05,Jumeirah Village Circle,Townhouse,4,2803.0,False,2990000.0,250500.0
2025-09-05,Dubai Hills Estate,Apartment,0,456.0,False,942000.0,57000.0
2025-09-06,Arabian Ranches,Apartment,0,420.0,True,632000.0,37300.0
2025-09-06,Palm Jumeirah,Apartment,0,478.0,True,1973000.0,106000.0
2025-09-06,Business Bay,Apartment,1,748.0,False,1973000.0,124600.0
2025-09-06,Jumeirah Lake Towers,Apartment,2,1188.0,False,1631000.0,109900.0
2025-09-06,Arabian Ranches,Apartment,0,359.0,False,571000.0,26300.0
2025-09-07,Palm Jumeirah,Apartment,1,950.0,False,3825000.0,202600.0
2025-09-08,Palm Jumeirah,Apartment,0,489.0,False,2124000.0,104000.0
2025-09-08,Dubai Hills Estate,Apartment,0,542.0,False,1329000.0,78200.0
2025-09-08,International City,Apartment,2,1219.0,True,707000.0,60600.0
2025-09-08,Dubai Marina,Apartment,0,461.0,False,1156000.0,73100.0
2025-09-08,Jumeirah Village Circle,Apartment,2,1186.0,False,1167000.0,95400.0
2025-09-09,Business Bay,Apartment,1,807.0,True,1701000.0,108400.0
2025-09-09,Jumeirah Village Circle,Apartment,1,634.0,True,754000.0,54800.0
2025-09-09,Jumeirah Village Circle,Apartment,2,1257.0,False,1514000.0,121300.0
2025-09-10,Business Bay,Apartment,2,948.0,True,2315000.0,149000.0
2025-09-10,Jumeirah Village Circle,Apartment,2,1314.0,True,1368000.0,116200.0
2025-09-10,Dubai South,Apartment,0,439.0,True,478000.0,39600.0
2025-09-10,Dubai South,Apartment,2,1337.0,False,1525000.0,101200.0
2025-09-10,Dubai Marina,Apartment,1,831.0,False,1709000.0,106700.0
2025-09-10,Downtown Dubai,Apartment,1,1054.0,False,2609000.0,163500.0
2025-09-10,Arabian Ranches,Villa,6,4116.0,False,6318000.0,285100.0
2025-09-11,Jumeirah Lake Towers,Townhouse,6,3419.0,True,5413000.0,379500.0
2025-09-11,Dubai Hills Estate,Apartment,2,1403.0,False,3096000.0,196400.0
2025-09-11,Jumeirah Village Circle,Apartment,2,1153.0,False,1168000.0,94300.0
2025-09-11,Downtown Dubai,Apartment,0,306.0,False,867000.0,40700.0
2025-09-11,Palm Jumeirah,Townhouse,5,4001.0,True,14831000.0,695900.0
2025-09-11,Downtown Dubai,Apartment,0,497.0,True,1617000.0,94600.0
2025-09-12,Dubai Hills Estate,Villa,3,2790.0,True,7071000.0,447400.0
2025-09-12,International City,Apartment,2,923.0,True,481000.0,50500.0
2025-09-12,Dubai Marina,Apartment,2,1381.0,False,3059000.0,169600.0
2025-09-12,Business Bay,Apartment,3,2023.0,True,3976000.0,271500.0
2025-09-13,Arabian Ranches,Apartment,3,1904.0,True,2859000.0,111400.0
2025-09-13,Dubai South,Apartment,1,1083.0,False,1145000.0,90300.0
2025-09-13,Downtown Dubai,Townhouse,5,3507.0,False,11222000.0,539100.0
2025-09-15,Dubai Marina,Apartment,2,1217.0,False,2382000.0,125500.0
2025-09-15,Dubai Hills Estate,Apartment,1,958.0,True,1998000.0,110400.0
2025-09-16,Dubai South,Apartment,3,1751.0,False,1988000.0,145200.0
2025-09-16,Dubai Marina,Apartment,1,941.0,True,1798000.0,102000.0
2025-09-16,Downtown Dubai,Apartment,3,1618.0,True,4209000.0,204400.0
2025-09-16,Downtown Dubai,Apartment,0,405.0,False,1228000.0,70100.0
2025-09-16,Arabian Ranches,Apartment,3,1623.0,False,2544000.0,156900.0
2025-09-17,Downtown Dubai,Apartment,1,791.0,True,2076000.0,104300.0
2025-09-17,Dubai Hills Estate,Apartment,0,402.0,False,731000.0,43800.0
2025-09-17,Business Bay,Apartment,2,1165.0,True,2304000.0,144000.0
2025-09-17,Palm Jumeirah,Apartment,3,1715.0,False,6173000.0,282200.0
2025-09-18,Downtown Dubai,Apartment,3,1518.0,False,4031000.0,211300.0
2025-09-18,Dubai Marina,Apartment,2,1450.0,True,3436000.0,214600.0
2025-09-18,Business Bay,Apartment,2,1453.0,True,2993000.0,192100.0
2025-09-18,Jumeirah Lake Towers,Apartment,2,1178.0,True,1587000.0,115600.0
2025-09-19,Dubai Marina,Apartment,0,367.0,True,669000.0,37600.0
2025-09-19,Dubai South,Apartment,3,1827.0,True,1880000.0,145200.0
2025-09-19,Dubai Hills Estate,Villa,3,3154.0,True,7928000.0,454900.0
2025-09-19,Dubai Marina,Apartment,3,1406.0,False,3311000.0,192300.0
2025-09-19,Arabian Ranches,Apartment,2,1113.0,True,1664000.0,95700.0
2025-09-19,Downtown Dubai,Apartment,2,1137.0,True,3403000.0,189900.0
2025-09-19,Dubai South,Apartment,3,1580.0,False,1748000.0,171800.0
2025-09-20,Dubai South,Apartment,0,468.0,True,398000.0,34200.0
2025-09-20,Arabian Ranches,Apartment,3,1797.0,True,3218000.0,190800.0
2025-09-20,Dubai Marina,Apartment,2,1391.0,False,3190000.0,185800.0
2025-09-21,Jumeirah Lake Towers,Apartment,2,1253.0,False,2446000.0,167300.0
2025-09-21,Dubai Marina,Apartment,1,840.0,False,1868000.0,104100.0
2025-09-21,Dubai Marina,Apartment,0,476.0,True,937000.0,55500.0
2025-09-22,Arabian Ranches,Villa,4,3457.0,False,5983000.0,344100.0
2025-09-22,International City,Apartment,3,1770.0,True,794000.0,75700.0
2025-09-23,Jumeirah Lake Towers,Apartment,1,864.0,True,1172000.0,97500.0
2025-09-23,International City,Apartment,1,642.0,False,349000.0,36100.0
2025-09-23,Jumeirah Village Circle,Apartment,0,487.0,False,666000.0,47200.0
2025-09-23,Dubai South,Apartment,0,401.0,True,381000.0,26100.0
2025-09-24,Dubai South,Apartment,0,390.0,True,331000.0,26900.0
2025-09-24,Palm Jumeirah,Villa,3,2613.0,True,9886000.0,513900.0
2025-09-24,Jumeirah Village Circle,Apartment,3,1916.0,False,2013000.0,133600.0
2025-09-24,Dubai South,Apartment,2,1419.0,True,1085000.0,91400.0
2025-09-25,Business Bay,Apartment,2,1193.0,True,2577000.0,163600.0
2025-09-25,Jumeirah Village Circle,Apartment,3,1722.0,True,2136000.0,181900.0
2025-09-25,Downtown Dubai,Apartment,1,830.0,True,2058000.0,108700.0
2025-09-25,Palm Jumeirah,Townhouse,6,3396.0,False,13116000.0,709200.0
2025-09-26,Dubai Marina,Apartment,0,516.0,False,1186000.0,76100.0
2025-09-26,Palm Jumeirah,Apartment,1,956.0,True,3068000.0,158300.0
2025-09-26,Arabian Ranches,Apartment,2,1383.0,True,1872000.0,95800.0
2025-09-26,Palm Jumeirah,Villa,4,3814.0,False,15030000.0,706900.0
2025-09-27,Jumeirah Village Circle,Apartment,2,1235.0,False,1506000.0,148100.0
2025-09-27,International City,Apartment,0,601.0,True,338000.0,28500.0
2025-09-27,Arabian Ranches,Townhouse,6,4281.0,True,7255000.0,443100.0
2025-09-27,Business Bay,Apartment,0,403.0,True,742000.0,49800.0
2025-09-28,International City,Apartment,2,1476.0,True,881000.0,82700.0
2025-09-28,Arabian Ranches,Apartment,2,1447.0,False,2545000.0,133700.0
2025-09-28,Arabian Ranches,Apartment,0,509.0,True,662000.0,32500.0
2025-09-28,Dubai South,Apartment,1,817.0,False,707000.0,52300.0
2025-10-01,International City,Apartment,0,468.0,False,255000.0,27900.0
2025-10-01,Business Bay,Apartment,0,342.0,True,768000.0,52800.0
2025-10-01,Palm Jumeirah,Apartment,3,1487.0,True,5664000.0,292500.0
2025-10-01,Downtown Dubai,Apartment,1,805.0,False,2333000.0,102300.0
2025-10-02,Jumeirah Village Circle,Apartment,1,793.0,True,752000.0,64300.0
2025-10-02,Palm Jumeirah,Apartment,2,1055.0,True,4485000.0,205200.0
2025-10-02,International City,Apartment,2,1207.0,True,625000.0,58300.0
2025-10-02,Palm Jumeirah,Apartment,0,466.0,True,1718000.0,73400.0
2025-10-02,Jumeirah Village Circle,Apartment,3,1888.0,True,2370000.0,176600.0
2025-10-03,Downtown Dubai,Apartment,1,865.0,True,2247000.0,130300.0
2025-10-03,Arabian Ranches,Apartment,1,623.0,False,827000.0,51800.0
2025-10-03,Dubai Marina,Apartment,3,1434.0,True,3310000.0,236600.0
2025-10-03,Dubai Marina,Apartment,3,1789.0,False,4447000.0,282300.0
2025-10-03,Business Bay,Apartment,1,889.0,True,2080000.0,114200.0
2025-10-03,International City,Apartment,1,887.0,False,479000.0,46300.0
2025-10-04,Jumeirah Lake Towers,Townhouse,3,2492.0,True,3353000.0,266500.0
2025-10-04,Arabian Ranches,Apartment,3,1547.0,False,2172000.0,142500.0
2025-10-04,Jumeirah Village Circle,Apartment,3,1889.0,True,2329000.0,178400.0
2025-10-04,Jumeirah Village Circle,Apartment,0,385.0,True,411000.0,34000.0
2025-10-04,Dubai Hills Estate,Villa,6,5063.0,False,10048000.0,590500.0
2025-10-05,Arabian Ranches,Apartment,3,1532.0,False,2596000.0,126700.0
2025-10-05,Dubai South,Apartment,1,866.0,True,723000.0,57700.0
2025-10-05,Downtown Dubai,Apartment,3,1650.0,False,5042000.0,313300.0
2025-10-05,Business Bay,Apartment,2,1263.0,True,2379000.0,157600.0
2025-10-05,Dubai Marina,Apartment,3,1572.0,True,3080000.0,196800.0
2025-10-05,Dubai Marina,Apartment,2,1149.0,True,2254000.0,151800.0
2025-10-06,Downtown Dubai,Apartment,3,1531.0,False,5138000.0,307400.0
2025-10-06,Palm Jumeirah,Apartment,1,970.0,False,4282000.0,193600.0
2025-10-07,Downtown Dubai,Apartment,3,1580.0,True,4947000.0,283100.0
2025-10-07,Palm Jumeirah,Apartment,1,860.0,True,3602000.0,206400.0
2025-10-08,Business Bay,Apartment,1,1003.0,False,2091000.0,105800.0
2025-10-08,Dubai Hills Estate,Villa,6,4151.0,True,9675000.0,617600.0
2025-10-09,Arabian Ranches,Apartment,2,1563.0,False,2322000.0,126600.0
2025-10-09,Jumeirah Village Circle,Apartment,3,1473.0,True,1854000.0,134500.0
2025-10-09,Palm Jumeirah,Apartment,2,1349.0,True,4956000.0,227000.0
2025-10-09,Dubai Marina,Apartment,2,1331.0,True,2613000.0,201200.0
2025-10-09,Downtown Dubai,Apartment,1,830.0,True,2361000.0,149200.0
2025-10-09,Arabian Ranches,Villa,4,3404.0,False,4364000.0,247300.0
2025-10-09,Dubai Hills Estate,Apartment,3,1701.0,True,3640000.0,169700.0
2025-10-10,Downtown Dubai,Apartment,3,1717.0,True,4210000.0,225600.0
2025-10-10,Jumeirah Lake Towers,Apartment,0,539.0,True,762000.0,46400.0
2025-10-10,Jumeirah Lake Towers,Apartment,1,979.0,True,1487000.0,110700.0
2025-10-10,Dubai Hills Estate,Apartment,2,1428.0,False,2707000.0,156200.0
2025-10-10,Jumeirah Village Circle,Apartment,0,346.0,True,419000.0,29600.0
2025-10-10,Dubai South,Apartment,1,833.0,True,745000.0,61100.0
2025-10-10,Dubai South,Apartment,0,501.0,False,359000.0,26500.0
2025-10-11,Jumeirah Lake Towers,Apartment,0,477.0,True,596000.0,33600.0
2025-10-11,International City,Apartment,3,1567.0,True,783000.0,75900.0
2025-10-11,Arabian Ranches,Apartment,2,1388.0,False,2389000.0,137200.0
2025-10-11,Dubai Hills Estate,Apartment,2,1390.0,False,2760000.0,172100.0
2025-10-12,International City,Townhouse,6,4040.0,True,1918000.0,182600.0
2025-10-12,Palm Jumeirah,Apartment,1,800.0,True,3107000.0,145700.0
2025-10-13,Arabian Ranches,Apartment,1,762.0,True,1013000.0,63100.0
2025-10-13,Downtown Dubai,Apartment,0,448.0,False,1204000.0,65000.0
2025-10-14,Dubai Hills Estate,Apartment,2,1395.0,False,2273000.0,137500.0
2025-10-14,Dubai South,Apartment,1,739.0,True,649000.0,43700.0
2025-10-14,Dubai Hills Estate,Apartment,3,1547.0,False,3378000.0,204000.0
2025-10-15,Dubai Marina,Apartment,2,1357.0,False,2837000.0,169200.0
2025-10-15,Palm Jumeirah,Apartment,0,446.0,False,1844000.0,88600.0
2025-10-15,Jumeirah Village Circle,Apartment,2,1152.0,False,1416000.0,121100.0
2025-10-15,Jumeirah Village Circle,Apartment,0,426.0,True,490000.0,40700.0
2025-10-15,Jumeirah Lake Towers,Apartment,0,483.0,False,669000.0,47400.0
2025-10-15,Palm Jumeirah,Apartment,2,1301.0,False,6080000.0,316000.0
2025-10-16,Downtown Dubai,Apartment,0,494.0,True,1239000.0,59600.0
2025-10-16,Dubai South,Apartment,1,773.0,True,777000.0,63600.0
2025-10-17,International City,Apartment,1,936.0,True,568000.0,53400.0
2025-10-17,Jumeirah Village Circle,Apartment,0,339.0,True,403000.0,26500.0
2025-10-17,Dubai Marina,Apartment,1,694.0,False,1667000.0,108700.0
2025-10-17,Arabian Ranches,Villa,5,3759.0,True,5942000.0,400300.0
2025-10-18,Dubai Marina,Apartment,1,949.0,True,2225000.0,129900.0
2025-10-18,Palm Jumeirah,Apartment,3,1625.0,False,6667000.0,291400.0
2025-10-19,Dubai Marina,Apartment,2,1345.0,False,2426000.0,125900.0
2025-10-19,Arabian Ranches,Townhouse,3,2714.0,False,4634000.0,293100.0
2025-10-20,Business Bay,Apartment,0,449.0,True,1115000.0,63600.0
2025-10-20,Palm Jumeirah,Apartment,3,1520.0,True,6709000.0,347900.0
2025-10-21,Downtown Dubai,Apartment,3,1319.0,True,3600000.0,194100.0
2025-10-21,Dubai Marina,Apartment,3,1934.0,True,4079000.0,295000.0
2025-10-21,Dubai South,Villa,3,3244.0,True,3193000.0,288100.0
2025-10-22,Jumeirah Lake Towers,Apartment,1,917.0,False,1666000.0,136300.0
2025-10-22,Jumeirah Village Circle,Apartment,0,423.0,True,430000.0,27300.0
2025-10-22,Downtown Dubai,Apartment,2,1162.0,False,3124000.0,162300.0
2025-10-22,Jumeirah Lake Towers,Apartment,3,1444.0,True,2194000.0,151100.0
2025-10-22,Business Bay,Apartment,1,747.0,True,1608000.0,107200.0
2025-10-23,Business Bay,Apartment,2,1281.0,True,2709000.0,188300.0
2025-10-23,Downtown Dubai,Apartment,2,1247.0,False,3830000.0,194000.0
2025-10-23,Dubai South,Townhouse,3,2314.0,True,1746000.0,123200.0
2025-10-23,Dubai Hills Estate,Apartment,3,1827.0,True,3924000.0,212000.0
2025-10-23,Palm Jumeirah,Villa,3,3114.0,False,12345000.0,625500.0
2025-10-24,Downtown Dubai,Apartment,0,426.0,True,1114000.0,59800.0
2025-10-25,Palm Jumeirah,Apartment,0,464.0,False,1783000.0,86700.0
2025-10-25,Business Bay,Apartment,1,878.0,True,2229000.0,154300.0
2025-10-25,Business Bay,Apartment,2,1498.0,False,4825000.0,331600.0
2025-10-26,Arabian Ranches,Apartment,3,1869.0,True,2024000.0,92900.0
2025-10-26,Dubai Hills Estate,Apartment,2,1281.0,True,2429000.0,130300.0
2025-10-26,Downtown Dubai,Apartment,3,1688.0,True,5293000.0,280700.0
2025-10-26,Jumeirah Village Circle,Apartment,0,485.0,True,477000.0,40300.0
2025-10-26,Downtown Dubai,Apartment,2,1368.0,False,3608000.0,177100.0
2025-10-26,Downtown Dubai,Apartment,1,844.0,True,2748000.0,142400.0
2025-10-27,Jumeirah Lake Towers,Apartment,3,1411.0,True,2069000.0,141700.0
2025-10-27,Arabian Ranches,Apartment,1,885.0,False,1361000.0,81100.0
2025-10-27,Dubai South,Apartment,1,878.0,False,961000.0,64500.0
2025-10-28,Dubai Hills Estate,Villa,6,4895.0,False,11338000.0,593600.0
2025-10-28,Jumeirah Village Circle,Apartment,3,1468.0,False,1611000.0,129200.0
2025-10-28,Palm Jumeirah,Villa,4,4082.0,False,14468000.0,808400.0
2025-10-28,Jumeirah Lake Towers,Apartment,0,467.0,True,813000.0,58100.0
2025-10-28,Downtown Dubai,Apartment,2,1426.0,True,3488000.0,188500.0
2025-10-28,Dubai Marina,Apartment,2,1251.0,False,2532000.0,173500.0
2025-11-01,Downtown Dubai,Apartment,0,504.0,False,1781000.0,96000.0
2025-11-01,Jumeirah Village Circle,Apartment,3,1575.0,True,1707000.0,148900.0
2025-11-01,Dubai Marina,Apartment,0,601.0,False,1334000.0,77300.0
2025-11-01,Dubai South,Apartment,2,1264.0,True,1563000.0,114200.0
2025-11-01,Dubai Hills Estate,Townhouse,4,3690.0,False,8609000.0,504700.0
2025-11-02,Arabian Ranches,Apartment,3,1712.0,True,2126000.0,106100.0
2025-11-02,Jumeirah Lake Towers,Apartment,2,1157.0,True,1302000.0,93500.0
2025-11-02,Palm Jumeirah,Villa,3,3284.0,False,13196000.0,716800.0
2025-11-03,Dubai Hills Estate,Apartment,2,1452.0,True,2713000.0,153700.0
2025-11-03,Dubai Hills Estate,Apartment,1,848.0,False,1683000.0,88400.0
2025-11-03,Jumeirah Lake Towers,Apartment,1,982.0,False,1667000.0,117000.0
2025-11-03,Dubai South,Townhouse,4,3044.0,False,3319000.0,255100.0
2025-11-03,Jumeirah Lake Towers,Apartment,2,1192.0,False,1978000.0,150000.0
2025-11-04,Jumeirah Village Circle,Apartment,2,1380.0,True,1752000.0,130700.0
2025-11-04,International City,Apartment,0,517.0,True,235000.0,21300.0
2025-11-04,Palm Jumeirah,Apartment,0,468.0,True,1726000.0,81900.0
2025-11-05,Arabian Ranches,Apartment,3,1873.0,True,2222000.0,113500.0
2025-11-05,Jumeirah Village Circle,Apartment,1,1000.0,False,1019000.0,69600.0
2025-11-05,Jumeirah Village Circle,Apartment,0,453.0,False,633000.0,55700.0
2025-11-05,Jumeirah Lake Towers,Apartment,0,488.0,False,822000.0,61100.0
2025-11-05,Dubai South,Apartment,3,1968.0,False,2201000.0,159700.0
2025-11-05,Palm Jumeirah,Apartment,0,524.0,True,2006000.0,87000.0
2025-11-06,International City,Apartment,2,1451.0,True,719000.0,49400.0
2025-11-06,Arabian Ranches,Apartment,1,886.0,True,1197000.0,75200.0
2025-11-06,Downtown Dubai,Apartment,2,1350.0,True,3942000.0,212500.0
2025-11-07,Palm Jumeirah,Apartment,0,508.0,True,1738000.0,78000.0
2025-11-08,Jumeirah Village Circle,Apartment,1,1043.0,False,1247000.0,101500.0
2025-11-08,Dubai Hills Estate,Apartment,1,983.0,False,2106000.0,117300.0
2025-11-08,Dubai South,Apartment,2,1311.0,True,1203000.0,78200.0
2025-11-08,Dubai Marina,Apartment,1,950.0,True,1649000.0,118900.0
2025-11-09,Jumeirah Lake Towers,Apartment,3,1405.0,False,2257000.0,151400.0
2025-11-09,Business Bay,Apartment,2,1389.0,True,2821000.0,179800.0
2025-11-09,Palm Jumeirah,Villa,4,3563.0,True,12056000.0,551900.0
2025-11-09,Palm Jumeirah,Apartment,1,873.0,True,3284000.0,163500.0
2025-11-09,Dubai Hills Estate,Apartment,1,925.0,True,1532000.0,84300.0
2025-11-09,Downtown Dubai,Apartment,1,766.0,True,1656000.0,86000.0
2025-11-10,Jumeirah Lake Towers,Apartment,3,1795.0,False,2853000.0,226500.0
2025-11-10,Downtown Dubai,Apartment,2,1133.0,True,2688000.0,160000.0
2025-11-10,Jumeirah Village Circle,Apartment,1,1096.0,False,1317000.0,103000.0
2025-11-10,Arabian Ranches,Apartment,0,423.0,True,698000.0,35300.0
2025-11-11,Dubai Hills Estate,Apartment,3,1783.0,True,3374000.0,204800.0
2025-11-11,Dubai Hills Estate,Apartment,3,1531.0,True,2629000.0,160700.0
2025-11-12,Jumeirah Village Circle,Apartment,1,816.0,False,907000.0,63500.0
2025-11-12,Downtown Dubai,Apartment,1,933.0,False,2867000.0,150400.0
2025-11-12,Dubai Marina,Apartment,2,1419.0,True,2885000.0,148200.0
2025-11-12,Dubai South,Townhouse,4,3018.0,False,3193000.0,263000.0
2025-11-12,Jumeirah Village Circle,Apartment,2,1082.0,True,1307000.0,108400.0
2025-11-12,Business Bay,Apartment,2,1341.0,True,2725000.0,171000.0
2025-11-13,Arabian Ranches,Villa,5,3856.0,False,6487000.0,382800.0
2025-11-13,Downtown Dubai,Apartment,2,1347.0,True,3093000.0,184200.0
2025-11-13,Dubai South,Villa,6,4071.0,True,4400000.0,333900.0
2025-11-13,Palm Jumeirah,Apartment,2,1283.0,False,6337000.0,307000.0
2025-11-14,Arabian Ranches,Townhouse,5,3919.0,True,6339000.0,330000.0
2025-11-14,Business Bay,Apartment,3,1312.0,True,2897000.0,187400.0
2025-11-14,Jumeirah Lake Towers,Apartment,2,1279.0,False,1969000.0,132900.0
2025-11-14,Jumeirah Lake Towers,Apartment,2,1224.0,True,1326000.0,90200.0
2025-11-15,Dubai Marina,Apartment,2,1349.0,True,3093000.0,176100.0
2025-11-15,Dubai South,Apartment,2,1297.0,True,1034000.0,92100.0
2025-11-15,Arabian Ranches,Apartment,2,1372.0,False,1831000.0,95800.0
2025-11-16,Jumeirah Lake Towers,Apartment,0,454.0,False,718000.0,52900.0
2025-11-16,Palm Jumeirah,Apartment,1,975.0,True,3724000.0,208100.0
2025-11-16,Business Bay,Apartment,0,522.0,False,1206000.0,86800.0
2025-11-17,Jumeirah Village Circle,Apartment,1,823.0,True,1141000.0,88500.0
2025-11-17,Dubai Marina,Apartment,2,1249.0,True,2842000.0,210400.0
2025-11-17,Palm Jumeirah,Villa,6,4456.0,False,19464000.0,1004900.0
2025-11-17,Dubai Marina,Apartment,0,359.0,True,975000.0,61000.0
2025-11-17,Business Bay,Apartment,3,1781.0,True,3877000.0,233000.0
2025-11-17,International City,Apartment,0,436.0,True,245000.0,24200.0
2025-11-18,Business Bay,Apartment,3,2112.0,False,6409000.0,433700.0
2025-11-18,Dubai Marina,Apartment,0,468.0,True,1035000.0,67300.0
2025-11-18,Downtown Dubai,Apartment,1,940.0,True,2509000.0,148800.0
2025-11-19,Arabian Ranches,Apartment,1,935.0,True,1304000.0,86600.0
2025-11-19,Jumeirah Village Circle,Townhouse,6,3738.0,True,5102000.0,351900.0
2025-11-19,Dubai Marina,Apartment,3,1549.0,False,3695000.0,259900.0
2025-11-19,Jumeirah Village Circle,Apartment,1,687.0,False,817000.0,61300.0
2025-11-19,Palm Jumeirah,Villa,6,4232.0,True,20488000.0,991700.0
2025-11-19,International City,Apartment,2,861.0,False,521000.0,37900.0
2025-11-20,International City,Apartment,1,775.0,False,397000.0,39200.0
2025-11-20,Dubai South,Apartment,3,1765.0,True,1834000.0,143200.0
2025-11-20,Downtown Dubai,Apartment,3,1649.0,False,4368000.0,235900.0
2025-11-20,Palm Jumeirah,Apartment,3,2032.0,True,8471000.0,451500.0
2025-11-21,Dubai South,Apartment,1,978.0,True,775000.0,52400.0
2025-11-21,Jumeirah Village Circle,Townhouse,5,3674.0,True,3564000.0,284600.0
2025-11-21,Palm Jumeirah,Apartment,1,909.0,False,3452000.0,147100.0
2025-11-22,Business Bay,Apartment,3,1517.0,True,3428000.0,195000.0
2025-11-22,Arabian Ranches,Apartment,2,1395.0,True,2277000.0,144800.0
2025-11-22,Jumeirah Village Circle,Apartment,2,1098.0,False,1583000.0,134200.0
2025-11-22,Business Bay,Apartment,2,1491.0,True,3324000.0,180800.0
2025-11-22,Business Bay,Apartment,0,473.0,False,1143000.0,64100.0
2025-11-22,Dubai South,Apartment,1,976.0,False,1113000.0,94400.0
2025-11-22,Palm Jumeirah,Apartment,3,1915.0,False,8626000.0,424500.0
2025-11-22,International City,Apartment,0,351.0,False,159000.0,14200.0
2025-11-23,Dubai South,Apartment,2,1361.0,True,1139000.0,86000.0
2025-11-23,Dubai Marina,Apartment,1,847.0,True,1819000.0,118100.0
2025-11-23,Dubai Hills Estate,Apartment,1,825.0,False,2014000.0,97700.0
2025-11-23,Jumeirah Village Circle,Apartment,0,435.0,True,483000.0,43000.0
2025-11-23,Business Bay,Apartment,3,2063.0,False,4322000.0,254100.0
2025-11-23,Palm Jumeirah,Apartment,1,946.0,False,3765000.0,183600.0
2025-11-24,Jumeirah Lake Towers,Townhouse,3,2377.0,False,4030000.0,291400.0
2025-11-24,Jumeirah Lake Towers,Apartment,3,1502.0,True,2301000.0,153100.0
2025-11-24,Palm Jumeirah,Apartment,2,1449.0,True,4461000.0,216200.0
2025-11-24,Palm Jumeirah,Apartment,0,519.0,True,2090000.0,135100.0
2025-11-25,Jumeirah Village Circle,Apartment,0,516.0,True,617000.0,51000.0
2025-11-25,Dubai Marina,Apartment,0,390.0,True,722000.0,45100.0
2025-11-25,Dubai Marina,Apartment,3,1687.0,False,3483000.0,202400.0
2025-11-25,Dubai Hills Estate,Apartment,1,1003.0,False,1830000.0,96300.0
2025-11-26,International City,Apartment,0,435.0,True,224000.0,17700.0
2025-11-26,Dubai South,Apartment,2,1076.0,True,991000.0,80200.0
2025-11-26,Jumeirah Lake Towers,Apartment,0,300.0,False,439000.0,32300.0
2025-11-26,Dubai Hills Estate,Apartment,1,801.0,True,1400000.0,81200.0
2025-11-26,Jumeirah Village Circle,Apartment,0,353.0,True,377000.0,30100.0
2025-11-27,Dubai South,Villa,3,2837.0,True,2283000.0,149100.0
2025-11-27,Dubai South,Apartment,3,1823.0,True,1793000.0,142800.0
2025-11-27,Dubai Marina,Apartment,0,374.0,False,873000.0,60200.0
2025-11-28,Dubai Marina,Apartment,2,1010.0,True,2523000.0,165300.0
2025-11-28,Dubai Marina,Apartment,2,1378.0,True,3182000.0,230000.0
2025-12-01,International City,Apartment,0,489.0,False,295000.0,27300.0
2025-12-01,Downtown Dubai,Apartment,2,1382.0,True,3762000.0,210300.0
2025-12-02,Dubai South,Apartment,2,1514.0,True,1632000.0,113400.0
2025-12-03,Arabian Ranches,Apartment,0,391.0,True,638000.0,39900.0
2025-12-03,Dubai South,Apartment,3,1911.0,True,1802000.0,150000.0
2025-12-04,Business Bay,Apartment,2,1453.0,False,3750000.0,263500.0
2025-12-04,Jumeirah Village Circle,Apartment,0,319.0,False,409000.0,31300.0
2025-12-04,Business Bay,Apartment,0,385.0,True,868000.0,60500.0
2025-12-05,Arabian Ranches,Apartment,1,752.0,False,1369000.0,74000.0
2025-12-05,Dubai Hills Estate,Villa,5,3933.0,False,8628000.0,475800.0
2025-12-05,Dubai Marina,Apartment,3,1953.0,True,3841000.0,228200.0
2025-12-05,Dubai Hills Estate,Apartment,2,1449.0,True,2721000.0,135900.0
2025-12-05,Downtown Dubai,Apartment,2,1250.0,False,4080000.0,220400.0
2025-12-06,Arabian Ranches,Apartment,1,902.0,True,1291000.0,60900.0
2025-12-06,Arabian Ranches,Apartment,3,1757.0,True,2723000.0,145400.0
2025-12-06,Dubai Hills Estate,Apartment,1,915.0,False,1967000.0,120400.0
2025-12-06,Downtown Dubai,Apartment,2,1255.0,False,2983000.0,158500.0
2025-12-06,Jumeirah Lake Towers,Apartment,3,2041.0,False,2909000.0,207100.0
2025-12-07,Business Bay,Townhouse,3,2640.0,False,6086000.0,452700.0
2025-12-07,Downtown Dubai,Apartment,1,740.0,False,2098000.0,113400.0
2025-12-07,Dubai Hills Estate,Apartment,0,379.0,False,811000.0,50500.0
2025-12-09,Dubai South,Villa,4,3437.0,False,3244000.0,231000.0
2025-12-09,Palm Jumeirah,Apartment,0,469.0,False,1895000.0,97900.0
2025-12-10,Arabian Ranches,Apartment,2,1506.0,False,2549000.0,136600.0
2025-12-10,Jumeirah Lake Towers,Apartment,0,612.0,True,769000.0,58300.0
2025-12-10,Jumeirah Village Circle,Apartment,1,701.0,True,959000.0,68200.0
2025-12-10,Downtown Dubai,Apartment,2,1161.0,False,2758000.0,146500.0
2025-12-10,Jumeirah Village Circle,Apartment,1,873.0,False,796000.0,64000.0
2025-12-11,Dubai South,Apartment,1,868.0,True,700000.0,61100.0
2025-12-11,Downtown Dubai,Apartment,2,1247.0,True,3027000.0,186300.0
2025-12-11,Business Bay,Apartment,0,481.0,True,923000.0,58700.0
2025-12-11,Dubai South,Apartment,2,1278.0,False,1529000.0,112800.0
2025-12-11,Dubai Marina,Apartment,3,1536.0,True,2764000.0,159900.0
2025-12-12,Downtown Dubai,Apartment,3,1634.0,True,4710000.0,245400.0
2025-12-12,Downtown Dubai,Apartment,3,1391.0,True,3603000.0,243600.0
2025-12-13,Palm Jumeirah,Apartment,2,1373.0,True,4387000.0,206200.0
2025-12-13,Dubai Marina,Apartment,0,529.0,True,1200000.0,89300.0
2025-12-13,Jumeirah Village Circle,Apartment,2,1132.0,False,1270000.0,109900.0
2025-12-13,Dubai Marina,Apartment,1,952.0,False,2654000.0,159300.0
2025-12-13,Dubai South,Apartment,2,1438.0,True,1355000.0,97200.0
2025-12-14,Dubai Hills Estate,Apartment,2,1367.0,False,3542000.0,213900.0
2025-12-14,Downtown Dubai,Apartment,3,1726.0,True,4448000.0,249800.0
2025-12-14,Business Bay,Apartment,3,1870.0,False,4044000.0,298800.0
2025-12-15,Dubai Marina,Apartment,2,1446.0,True,3018000.0,170700.0
2025-12-15,Dubai South,Apartment,3,1822.0,False,1673000.0,135200.0
2025-12-16,Jumeirah Village Circle,Apartment,2,1338.0,True,1947000.0,150800.0
2025-12-16,International City,Apartment,0,383.0,False,189000.0,17700.0
2025-12-17,Dubai South,Apartment,2,1382.0,False,1560000.0,101600.0
2025-12-17,Arabian Ranches,Apartment,1,915.0,False,1442000.0,73600.0
2025-12-17,Business Bay,Apartment,0,433.0,False,1175000.0,62800.0
2025-12-18,International City,Apartment,0,551.0,False,268000.0,25000.0
2025-12-18,Dubai Hills Estate,Apartment,1,844.0,True,2287000.0,110700.0
2025-12-18,Business Bay,Apartment,3,1747.0,False,4034000.0,272900.0
2025-12-18,Downtown Dubai,Apartment,2,1314.0,True,2885000.0,145000.0
2025-12-19,Jumeirah Lake Towers,Apartment,0,397.0,True,519000.0,38300.0
2025-12-20,Jumeirah Village Circle,Apartment,3,1464.0,True,1834000.0,134900.0
2025-12-20,Jumeirah Village Circle,Apartment,0,451.0,True,463000.0,37900.0
2025-12-20,Palm Jumeirah,Apartment,1,919.0,True,3252000.0,158700.0
2025-12-21,Jumeirah Lake Towers,Apartment,2,1316.0,True,1438000.0,100000.0
2025-12-22,Dubai Hills Estate,Apartment,3,1516.0,False,3915000.0,181000.0
2025-12-22,Jumeirah Lake Towers,Apartment,2,1151.0,False,1824000.0,120900.0
2025-12-22,Jumeirah Lake Towers,Apartment,3,1870.0,False,2790000.0,183100.0
2025-12-23,Dubai South,Apartment,2,1289.0,True,1069000.0,88300.0
2025-12-23,International City,Apartment,1,894.0,False,483000.0,40200.0
2025-12-23,Arabian Ranches,Apartment,1,997.0,False,1305000.0,73500.0
2025-12-24,Jumeirah Village Circle,Apartment,3,1741.0,True,1803000.0,145600.0
2025-12-24,Downtown Dubai,Apartment,1,1215.0,False,3777000.0,190900.0
2025-12-24,Arabian Ranches,Apartment,3,1780.0,False,2267000.0,113400.0
2025-12-24,Business Bay,Townhouse,5,3468.0,True,7498000.0,616500.0
2025-12-24,Business Bay,Apartment,2,1147.0,True,2198000.0,144600.0
2025-12-25,International City,Apartment,0,404.0,True,269000.0,21800.0
2025-12-25,Dubai South,Apartment,0,443.0,True,438000.0,32500.0
2025-12-25,Arabian Ranches,Apartment,3,1374.0,True,2211000.0,113300.0
2025-12-25,Dubai South,Apartment,3,1663.0,True,1404000.0,114900.0
2025-12-26,International City,Apartment,1,1167.0,True,655000.0,63700.0
2025-12-26,Jumeirah Lake Towers,Apartment,1,951.0,True,1444000.0,102100.0
2025-12-27,Business Bay,Apartment,3,1662.0,False,4138000.0,287800.0
2025-12-27,International City,Apartment,3,1827.0,False,1126000.0,101900.0
2025-12-27,Dubai Marina,Apartment,1,737.0,True,1381000.0,76600.0
2025-12-28,Downtown Dubai,Apartment,3,1606.0,False,4583000.0,266700.0
2025-12-28,Arabian Ranches,Apartment,3,1654.0,False,2716000.0,134400.0
