TRANSACTION_NUMBER,INSTANCE_DATE,GROUP_EN,PROCEDURE_EN,IS_OFFPLAN_EN,IS_FREE_HOLD_EN,USAGE_EN,AREA_EN,PROP_TYPE_EN,PROP_SB_TYPE_EN,TRANS_VALUE,PROCEDURE_AREA,ACTUAL_AREA,ROOMS_EN,PARKING,NEAREST_METRO_EN,NEAREST_MALL_EN,NEAREST_LANDMARK_EN,TOTAL_BUYER,TOTAL_SELLER,MASTER_PROJECT_EN,PROJECT_EN
"102-74337-2026","2026-09-23 15:30:19","Sales","Sell - Pre registration","Off-Plan","Free Hold","Residential","DOWN TOWN JABAL ALI","Unit","Flat","499999","44.03","44.03","Studio","1","UAE Exchange Metro Station","Ibn-e-Battuta Mall","Expo 2020 Site","0","0","","PEACE AVENUE BY PEACE HOMES"
"102-77329-2026","2026-09-23 15:31:16","Sales","Sell - Pre registration","Off-Plan","Free Hold","Residential","Al Rowaiyah First","Building","Villa","7745000","216.15","216.15","5 B/R","","","","","0","0","","Greenz By Danube"
"102-77696-2026","2026-09-23 15:28:41","Sales","Sell - Pre registration","Off-Plan","Free Hold","Residential","Al Rowaiyah First","Building","Villa","6000000","215.99","215.99","5 B/R","","","","","0","0","","Greenz By Danube"
"102-77745-2026","2026-09-23 11:59:53","Sales","Sell - Pre registration","Off-Plan","Free Hold","Residential","AL FURJAN","Unit","Flat","2100000","215.54","215.54","3 B/R","2","Ibn Battuta Metro Station","Ibn-e-Battuta Mall","Expo 2020 Site","0","0","","Primero Residences by Main Realty"
"102-77845-2026","2026-09-23 15:29:16","Sales","Sell - Pre registration","Off-Plan","Free Hold","Residential","JUMEIRAH VILLAGE CIRCLE","Unit","Flat","920000","35.4","35.4","Studio","1","Nakheel Metro Station","Marina Mall","Sports City Swimming Academy","0","0","","Serenz by Danube"
"102-77854-2026","2026-09-23 15:30:39","Sales","Sell - Pre registration","Off-Plan","Free Hold","Residential","JUMEIRAH VILLAGE CIRCLE","Unit","Flat","1002000","39.15","39.15","Studio","1","Nakheel Metro Station","Marina Mall","Sports City Swimming Academy","0","0","","Serenz by Danube"
"102-77879-2026","2026-09-23 15:32:02","Sales","Sell - Pre registration","Off-Plan","Free Hold","Residential","JUMEIRAH VILLAGE CIRCLE","Unit","Flat","2000000","92.29","92.29","2 B/R","1","Nakheel Metro Station","Marina Mall","Sports City Swimming Academy","0","0","","Serenz by Danube"
"102-77889-2026","2026-09-23 15:31:58","Sales","Sell - Pre registration","Off-Plan","Free Hold","Residential","JUMEIRAH VILLAGE CIRCLE","Unit","Flat","1014000","40.04","40.04","Studio","1","Nakheel Metro Station","Marina Mall","Sports City Swimming Academy","0","0","","Serenz by Danube"
"102-78083-2026","2026-09-23 15:30:23","Sales","Sell - Pre registration","Off-Plan","Free Hold","Residential","Al Rowaiyah First","Building","Villa","3292960","120","120","3 B/R","","","","","0","0","","Greenz By Danube"
"102-78364-2026","2026-09-23 15:32:19","Sales","Sell - Pre registration","Off-Plan","Free Hold","Residential","DUBAI LAND RESIDENCE COMPLEX","Unit","Flat","907653.34","77.36","77.36","1 B/R","1","","","IMG World Adventures","0","0","","Samana Park Meadows"
"102-78809-2026","2026-09-23 15:30:15","Sales","Sell - Pre registration","Off-Plan","Free Hold","Residential","Al Rowaiyah First","Building","Villa","3430440","120","120","3 B/R","","","","","0","0","","Greenz By Danube"
"102-79069-2026","2026-09-23 10:21:18","Sales","Sell - Pre registration","Off-Plan","Free Hold","Residential","Al Wasl","Unit","Flat","2662000","78.99","78.99","1 B/R","1","","","","0","0","","Verve City Walk"
"102-79382-2026","2026-09-23 15:29:58","Sales","Sell - Pre registration","Off-Plan","Free Hold","Residential","SILICON OASIS","Unit","Flat","1187000","50.9","50.9","1 B/R","1","","","IMG World Adventures","0","0","","Timez By Danube"
"102-79462-2026","2026-09-23 15:32:36","Sales","Sell - Pre registration","Off-Plan","Free Hold","Residential","DUBAI LAND RESIDENCE COMPLEX","Unit","Flat","1104486","74.46","74.46","1 B/R","1","","","IMG World Adventures","0","0","","Peace Lagoons by Peace Homes"
"102-79473-2026","2026-09-23 15:31:35","Sales","Sell - Pre registration","Off-Plan","Free Hold","Residential","DUBAI LAND RESIDENCE COMPLEX","Unit","Flat","971666","72.32","72.32","1 B/R","1","","","IMG World Adventures","0","0","","Peace Lagoons by Peace Homes"
"102-79486-2026","2026-09-23 15:28:52","Sales","Sell - Pre registration","Off-Plan","Free Hold","Residential","DUBAI LAND RESIDENCE COMPLEX","Unit","Flat","1431061","115.76","115.76","2 B/R","1","","","IMG World Adventures","0","0","","Peace Lagoons by Peace Homes"
"102-79588-2026","2026-09-23 15:28:26","Sales","Sell - Pre registration","Off-Plan","Free Hold","Residential","DOWN TOWN JABAL ALI","Unit","Flat","485000","40.93","40.93","Studio","1","UAE Exchange Metro Station","Ibn-e-Battuta Mall","Expo 2020 Site","0","0","","PEACE AVENUE BY PEACE HOMES"
"102-79598-2026","2026-09-23 15:32:10","Sales","Sell - Pre registration","Off-Plan","Free Hold","Residential","DOWN TOWN JABAL ALI","Unit","Flat","1012000","65.22","65.22","1 B/R","1","UAE Exchange Metro Station","Ibn-e-Battuta Mall","Expo 2020 Site","0","0","","PEACE AVENUE BY PEACE HOMES"
"102-79706-2026","2026-09-23 15:28:46","Sales","Sell - Pre registration","Off-Plan","Free Hold","Residential","BUSINESS BAY","Unit","Office","6411300","113.4","113.4","NA","2","Buj Khalifa Dubai Mall Metro Station","Dubai Mall","Downtown Dubai","0","0","","HQ by ROVE"
"102-79728-2026","2026-09-23 15:30:44","Sales","Sell - Pre registration","Off-Plan","Free Hold","Residential","BUSINESS BAY","Unit","Office","3305075","63.6","63.6","NA","1","Buj Khalifa Dubai Mall Metro Station","Dubai Mall","Downtown Dubai","0","0","","HQ by ROVE"
"102-79809-2026","2026-09-23 15:30:02","Sales","Sell - Pre registration","Off-Plan","Free Hold","Residential","Palm Deira","Unit","Flat","1710385","66.22","66.22","1 B/R","1","","","","0","0","","Agua Residences by Citi Developers - Tower 1"
"102-79815-2026","2026-09-23 15:31:10","Sales","Sell - Pre registration","Off-Plan","Free Hold","Residential","DUBAI LAND RESIDENCE COMPLEX","Unit","Flat","688713","38.12","38.12","Studio","1","","","IMG World Adventures","0","0","","Peace Lagoons II by Peace Homes"
"102-79823-2026","2026-09-23 15:32:27","Sales","Sell - Pre registration","Off-Plan","Free Hold","Residential","Palm Deira","Unit","Flat","2904683","146.65","146.65","3 B/R","2","","","","0","0","","Agua Residences by Citi Developers - Tower 1"
"102-79828-2026","2026-09-23 15:29:42","Sales","Sell - Pre registration","Off-Plan","Free Hold","Residential","Palm Deira","Unit","Flat","2793135","136.64","136.64","3 B/R","2","","","","0","0","","Agua Residences by Citi Developers - Tower 1"
"102-79829-2026","2026-09-23 15:32:31","Sales","Sell - Pre registration","Off-Plan","Free Hold","Residential","Palm Deira","Unit","Flat","3373034","152.05","152.05","3 B/R","2","","","","0","0","","Agua Residences by Citi Developers - Tower 1"
"102-79843-2026","2026-09-23 15:29:06","Sales","Sell - Pre registration","Off-Plan","Free Hold","Residential","Palm Deira","Unit","Flat","1645000","65.27","65.27","1 B/R","1","","","","0","0","","Agua Residences by Citi Developers - Tower 1"
"102-79847-2026","2026-09-23 15:30:07","Sales","Sell - Pre registration","Off-Plan","Free Hold","Residential","Palm Deira","Unit","Flat","2591782","113.6","113.6","2 B/R","1","","","","0","0","","Agua Residences by Citi Developers - Tower 1"
"102-79856-2026","2026-09-24 08:35:43","Sales","Sell - Pre registration","Off-Plan","Free Hold","Residential","DUBAI LAND RESIDENCE COMPLEX","Unit","Flat","1000000","75.8","75.8","1 B/R","1","","","IMG World Adventures","0","0","","Peace Lagoons II by Peace Homes"
"102-79865-2026","2026-09-23 15:31:53","Sales","Sell - Pre registration","Off-Plan","Free Hold","Residential","Palm Deira","Unit","Flat","2691466","113.6","113.6","2 B/R","1","","","","0","0","","Agua Residences by Citi Developers - Tower 2"
"102-80088-2026","2026-09-23 15:29:11","Sales","Sell - Pre registration","Off-Plan","Free Hold","Residential","DUBAI SPORTS CITY","Unit","Flat","1465000","69.58","69.58","1 B/R","1","Nakheel Metro Station","Marina Mall","Sports City Swimming Academy","0","0","","ASPIRZ By Danube"
"102-80106-2026","2026-09-23 15:32:06","Sales","Sell - Pre registration","Off-Plan","Free Hold","Residential","TECOM SITE A","Unit","Office","2862000","52.88","52.88","NA","1","Dubai Internet City","Mall of the Emirates","Burj Al Arab","0","0","","Shahrukhz by Danube"
"102-80228-2026","2026-09-23 15:28:56","Sales","Sell - Pre registration","Off-Plan","Free Hold","Residential","AL FURJAN","Unit","Flat","2010000","104.4","104.4","3 B/R","2","Ibn Battuta Metro Station","Ibn-e-Battuta Mall","Sports City Swimming Academy","0","0","","SPARKLZ by Danube "
"102-80243-2026","2026-09-23 15:29:02","Sales","Sell - Pre registration","Off-Plan","Free Hold","Residential","ARJAN","Unit","Flat","547500","45.3","45.3","Studio","1","Sharaf Dg Metro Station","Mall of the Emirates","Motor City","0","0","","The central downtown "
"102-80252-2026","2026-09-23 15:29:48","Sales","Sell - Pre registration","Off-Plan","Free Hold","Residential","ARJAN","Unit","Flat","1674888","114.56","114.56","2 B/R","1","Sharaf Dg Metro Station","Mall of the Emirates","Motor City","0","0","","The central downtown "
"102-80261-2026","2026-09-23 15:29:36","Sales","Sell - Pre registration","Off-Plan","Free Hold","Residential","ARJAN","Unit","Flat","2425163","204.49","204.49","3 B/R","1","Sharaf Dg Metro Station","Mall of the Emirates","Motor City","0","0","","The central downtown "
"102-80324-2026","2026-09-23 15:29:20","Sales","Sell - Pre registration","Off-Plan","Free Hold","Residential","Palm Deira","Unit","Flat","4251828","119.36","119.36","2 B/R","1","","","","0","0","","THE MERIVA COLLECTION"
"102-80479-2026","2026-09-23 15:31:40","Sales","Sell - Pre registration","Off-Plan","Free Hold","Residential","DUBAI MARITIME CITY","Unit","Flat","2000000","69.35","69.35","1 B/R","1","","","","0","0","","Oceanz 2 By Danube "
"102-80651-2026","2026-09-23 21:00:45","Sales","Sell - Pre registration","Off-Plan","Free Hold","Residential","ARJAN","Unit","Flat","1188777","70.98","70.98","1 B/R","1","Sharaf Dg Metro Station","Mall of the Emirates","Motor City","0","0","","Bond Enclave"
"102-80764-2026","2026-09-23 15:29:31","Sales","Sell - Pre registration","Off-Plan","Free Hold","Residential","DUBAI INDUSTRIAL CITY","Unit","Flat","954000.01","60.35","60.35","1 B/R","1","","","Dubai Parks and Resorts","0","0","","Samana South Haven"
"102-80798-2026","2026-09-23 15:30:53","Sales","Sell - Pre registration","Off-Plan","Free Hold","Residential","DUBAI INDUSTRIAL CITY","Unit","Flat","974000.01","60.24","60.24","1 B/R","1","","","Dubai Parks and Resorts","0","0","","Samana South Haven"
"102-80810-2026","2026-09-23 15:31:49","Sales","Sell - Pre registration","Off-Plan","Free Hold","Residential","DUBAI INDUSTRIAL CITY","Unit","Flat","924000.01","59.14","59.14","1 B/R","1","","","Dubai Parks and Resorts","0","0","","Samana South Haven"
"102-80823-2026","2026-09-23 15:30:11","Sales","Sell - Pre registration","Off-Plan","Free Hold","Residential","DUBAI INDUSTRIAL CITY","Unit","Flat","944000","51.93","51.93","1 B/R","1","","","Dubai Parks and Resorts","0","0","","Samana South Haven"
"102-80836-2026","2026-09-23 15:32:14","Sales","Sell - Pre registration","Off-Plan","Free Hold","Residential","Warsan First","Unit","Flat","1111935.6","95.65","95.65","2 B/R","1  0","Rashidiya Metro Station","City Centre Mirdif","Dubai International Airport","0","0","","Crystal Tower"
"102-80954-2026","2026-09-23 15:28:37","Sales","Sell - Pre registration","Off-Plan","Free Hold","Residential","ARJAN","Unit","Flat","732888","44.17","44.17","Studio","1","Sharaf Dg Metro Station","Mall of the Emirates","Motor City","0","0","","The central downtown "
"102-80965-2026","2026-09-23 15:29:54","Sales","Sell - Pre registration","Off-Plan","Free Hold","Residential","ARJAN","Unit","Flat","762888","43.62","43.62","Studio","1","Sharaf Dg Metro Station","Mall of the Emirates","Motor City","0","0","","The central downtown "
"102-80989-2026","2026-09-23 15:30:35","Sales","Sell - Pre registration","Off-Plan","Free Hold","Residential","ARJAN","Unit","Flat","1379888","103.9","103.9","2 B/R","1","Sharaf Dg Metro Station","Mall of the Emirates","Motor City","0","0","","The central downtown "
"102-81005-2026","2026-09-23 21:00:41","Sales","Sell - Pre registration","Off-Plan","Free Hold","Residential","DUBAI LAND RESIDENCE COMPLEX","Unit","Flat","690000","42.89","42.89","Studio","1","","","IMG World Adventures","0","0","","Sky Line By Peace Homes"
"102-81007-2026","2026-09-23 13:04:20","Sales","Sell - Pre registration","Off-Plan","Free Hold","Residential","Wadi Al Safa 4","Unit","Flat","2888000","134.73","134.73","2 B/R","1","","","","0","0","","DISTRIKT"
"102-81011-2026","2026-09-23 21:00:37","Sales","Sell - Pre registration","Off-Plan","Free Hold","Residential","DUBAI LAND RESIDENCE COMPLEX","Unit","Flat","692985.6","42.44","42.44","Studio","1","","","IMG World Adventures","0","0","","Sky Line By Peace Homes"
"102-81017-2026","2026-09-23 21:01:03","Sales","Sell - Pre registration","Off-Plan","Free Hold","Residential","DUBAI LAND RESIDENCE COMPLEX","Unit","Flat","499000","43.02","43.02","Studio","1","","","IMG World Adventures","0","0","","Sky Line By Peace Homes"
"102-81020-2026","2026-09-23 15:31:22","Sales","Sell - Pre registration","Off-Plan","Free Hold","Residential","ARJAN","Unit","Flat","1135888","79.22","79.22","1 B/R","1","Sharaf Dg Metro Station","Mall of the Emirates","Motor City","0","0","","The central downtown "
"102-81021-2026","2026-09-23 21:00:50","Sales","Sell - Pre registration","Off-Plan","Free Hold","Residential","ARJAN","Unit","Flat","1483709.94","115.14","115.14","2 B/R","1","Sharaf Dg Metro Station","Mall of the Emirates","Motor City","0","0","","Samana Imperial Garden"
"102-81062-2026","2026-09-23 13:06:11","Sales","Sell - Pre registration","Off-Plan","Free Hold","Residential","BURJ KHALIFA","Unit","Flat","5600000","134.79","134.79","3 B/R","1","Buj Khalifa Dubai Mall Metro Station","Dubai Mall","Downtown Dubai","0","0","","City Center Residences"
"102-81084-2026","2026-09-23 15:28:31","Sales","Sell - Pre registration","Off-Plan","Non Free Hold","Residential","SILICON OASIS","Unit","Flat","1096000","51.83","51.83","1 B/R","1","","","IMG World Adventures","0","0","","Oasiz 2 by Danube"
"102-81091-2026","2026-09-23 15:29:26","Sales","Sell - Pre registration","Off-Plan","Free Hold","Residential","ARJAN","Unit","Flat","1141888","66.36","66.36","1 B/R","1","Sharaf Dg Metro Station","Mall of the Emirates","Motor City","0","0","","The central downtown "
"102-81106-2026","2026-09-23 15:30:48","Sales","Sell - Pre registration","Off-Plan","Free Hold","Residential","SILICON OASIS","Unit","Flat","1177000","50.61","50.61","1 B/R","1","","","IMG World Adventures","0","0","","Timez By Danube"
"102-81162-2026","2026-09-23 15:30:57","Sales","Sell - Pre registration","Off-Plan","Free Hold","Residential","DUBAI MARITIME CITY","Unit","Flat","1700000","38.47","38.47","Studio","1","Al Ghubaiba Metro Station","Dubai Mall","Burj Khalifa","0","0","","Breez by Danube"
"102-81226-2026","2026-09-22 15:42:13","Sales","Sell - Pre registration","Off-Plan","Free Hold","Residential","TOWN SQUARE","Unit","Flat","1400000","90.03","90.03","2 B/R","1","","","Dubai Cycling Course","0","0","","Symphony"
"102-81277-2026","2026-09-23 15:31:30","Sales","Sell - Pre registration","Off-Plan","Free Hold","Residential","Palm Deira","Unit","Flat","2844828","77.51","77.51","1 B/R","1","","","","0","0","","THE MERIVA COLLECTION"
"102-81296-2026","2026-09-23 10:00:12","Sales","Sell - Pre registration","Off-Plan","Free Hold","Residential","Wadi Al Safa 4","Unit","Flat","1447500","107.57","107.57","2 B/R","1","","","","0","0","","California Residences"
"102-81299-2026","2026-09-23 10:00:26","Sales","Sell - Pre registration","Off-Plan","Free Hold","Residential","Wadi Al Safa 4","Unit","Flat","1719975","125.28","125.28","2 B/R","1","","","","0","0","","California Residences"
"102-81332-2026","2026-09-22 15:21:34","Sales","Sell - Pre registration","Off-Plan","Free Hold","Residential","DUBAI SCIENCE PARK","Unit","Flat","750000","38.13","38.13","Studio","1","First Abu Dhabi Bank Metro Station","Mall of the Emirates","Motor City","0","0","","Binghatti Hillviews"
"102-81333-2026","2026-09-22 15:26:04","Sales","Sell - Pre registration","Off-Plan","Free Hold","Residential","CITY OF ARABIA","Unit","Flat","978000","61.39","61.39","1 B/R","1","","","IMG World Adventures","0","0","","Azizi Milan 20"
"102-81334-2026","2026-09-22 15:23:53","Sales","Sell - Pre registration","Off-Plan","Free Hold","Residential","Madinat Al Mataar","Unit","Flat","692998","32.6","32.6","Studio","1","","","","0","0","","AZIZI VENICE 7"
"102-81335-2026","2026-09-22 15:15:27","Sales","Sell - Pre registration","Off-Plan","Free Hold","Residential","DOWN TOWN JABAL ALI","Unit","Hotel Apartment","626000","31.93","31.93","Studio","1","","","","0","0","","Arian By Azizi "
"102-81341-2026","2026-09-23 21:00:32","Sales","Sell - Pre registration","Off-Plan","Free Hold","Residential","CITY OF ARABIA","Unit","Flat","1249000","80.15","80.15","1 B/R","1","","","","0","0","","Arancia Yards 2 By Beyond"
"102-81342-2026","2026-09-22 15:44:17","Sales","Sell - Pre registration","Off-Plan","Free Hold","Residential","Al Merkadh","Unit","Flat","1269910","56.83","56.83","1 B/R","1","","","","0","0","","Sobha Creek Vistas Heights"
"102-81343-2026","2026-09-22 15:46:47","Sales","Sell - Pre registration","Off-Plan","Free Hold","Residential","Al Merkadh","Unit","Flat","1269453","56.81","56.81","1 B/R","1","","","","0","0","","Sobha Creek Vistas Heights"
"102-81344-2026","2026-09-22 15:47:12","Sales","Sell - Pre registration","Off-Plan","Free Hold","Residential","Al Merkadh","Unit","Flat","1498955","67.08","67.08","1 B/R","1","","","","0","0","","Sobha Creek Vistas Heights"
"102-81345-2026","2026-09-22 15:48:07","Sales","Sell - Pre registration","Off-Plan","Free Hold","Residential","Al Merkadh","Unit","Flat","1269682","56.82","56.82","1 B/R","1","","","","0","0","","Sobha Creek Vistas Heights"
"102-81346-2026","2026-09-22 15:22:38","Sales","Sell - Pre registration","Off-Plan","Free Hold","Residential","Al Yufrah 1","Building","Villa","5000000","498.88","498.88","5 B/R","","","","","0","0","","The Valley - Rivana"
"102-81355-2026","2026-09-23 21:00:28","Sales","Sell - Pre registration","Off-Plan","Free Hold","Residential","CITY OF ARABIA","Unit","Flat","1246000","79.57","79.57","1 B/R","1","","","","0","0","","Arancia Yards 2 By Beyond"
"102-81369-2026","2026-09-23 13:58:09","Sales","Sell - Pre registration","Off-Plan","Non Free Hold","Residential","SILICON OASIS","Unit","Flat","1020000","71.62","71.62","1 B/R","1","","","IMG World Adventures","0","0","","TRIA BY DEYAAR"
"102-81372-2026","2026-09-23 13:42:08","Sales","Sell - Pre registration","Off-Plan","Free Hold","Residential","DUBAI MARINA","Unit","Flat","7200000","224.68","224.68","4 B/R","2","Marina Mall Metro Station","Marina Mall","Burj Al Arab","0","0","","Marina Cove"
"102-81373-2026","2026-09-22 15:15:25","Sales","Sell - Pre registration","Off-Plan","Free Hold","Residential","Al Hebiah Fifth","Unit","Flat","769000","38.18","38.18","Studio","1","","","","0","0","","DAMAC LAGOONS - LAGOON VIEWS 13"
"102-81374-2026","2026-09-22 15:23:19","Sales","Sell - Pre registration","Off-Plan","Free Hold","Residential","Palm Deira","Unit","Hotel Apartment","1182000","39.85","39.85","Studio","1","","","","0","0","","DO Residences"
"102-81375-2026","2026-09-22 15:24:30","Sales","Sell - Pre registration","Off-Plan","Free Hold","Residential","Al Hebiah Fifth","Unit","Flat","1237000","66.81","66.81","1 B/R","1","","","","0","0","","DAMAC LAGOONS - LAGOON VIEWS 13"
"102-81376-2026","2026-09-22 15:26:03","Sales","Sell - Pre registration","Off-Plan","Free Hold","Residential","Jabal Ali First","Unit","Flat","2354000","137.5","137.5","2 B/R","1","","","","0","0","","Boulevard Park 1"
"102-81377-2026","2026-09-22 17:12:30","Sales","Sell - Pre registration","Off-Plan","Free Hold","Residential","ARJAN","Unit","Flat","582350","35.01","35.01","Studio","1","Sharaf Dg Metro Station","Mall of the Emirates","Motor City","0","0","","KYOTO BY ORO24"
"102-81378-2026","2026-09-22 15:29:26","Sales","Sell - Pre registration","Off-Plan","Free Hold","Residential","CITY OF ARABIA","Unit","Flat","791350","42.29","42.29","Studio","1","","","IMG World Adventures","0","0","","Laguna Residence"
"102-81379-2026","2026-09-22 15:31:31","Sales","Sell - Pre registration","Off-Plan","Free Hold","Residential","DUBAI INDUSTRIAL CITY","Unit","Flat","375000","36.62","36.62","Studio","1","","","Dubai Parks and Resorts","0","0","","Coventry Centro"
"102-81380-2026","2026-09-22 15:33:26","Sales","Sell - Pre registration","Off-Plan","Free Hold","Residential","Al Hebiah Fifth","Unit","Flat","1184640","70.07","70.07","1 B/R","1","","","","0","0","","DAMAC LAGOONS - VALENCIA"
"102-81382-2026","2026-09-22 15:37:49","Sales","Sell - Pre registration","Off-Plan","Free Hold","Residential","DUBAI SPORTS CITY","Unit","Flat","1484577","117.62","117.62","2 B/R","1","Nakheel Metro Station","Marina Mall","Sports City Swimming Academy","0","0","","AURELIA RESIDENCE"
"102-81383-2026","2026-09-22 15:38:59","Sales","Sell - Pre registration","Off-Plan","Free Hold","Residential","Jabal Ali First","Unit","Flat","3354000","182.28","182.28","3 B/R","2","","","","0","0","","Boulevard Park 2"
"102-81384-2026","2026-09-22 15:41:01","Sales","Sell - Pre registration","Off-Plan","Free Hold","Residential","Palm Deira","Unit","Flat","3189828","109.05","109.05","2 B/R","1","","","","0","0","","ELLINGTON SANDS II"
"102-81385-2026","2026-09-22 15:43:06","Sales","Sell - Pre registration","Off-Plan","Free Hold","Residential","Palm Deira","Unit","Flat","7819828","204.35","204.35","3 B/R","2","","","","0","0","","THE MERIVA COLLECTION"
"102-81386-2026","2026-09-22 15:45:31","Sales","Sell - Pre registration","Off-Plan","Free Hold","Residential","INTERNATIONAL CITY PH 2 & 3","Unit","Flat","540628","44.86","44.86","Studio","1","","","","0","0","","Stellar Axis by Ajmal Estate Developers"
"102-81387-2026","2026-09-22 15:58:38","Sales","Sell - Pre registration","Off-Plan","Free Hold","Residential","CITY OF ARABIA","Unit","Flat","571000","31.95","31.95","Studio","1","","","IMG World Adventures","0","0","","Azizi Milan 20"
"102-81388-2026","2026-09-22 15:55:48","Sales","Sell - Pre registration","Off-Plan","Free Hold","Residential","DOWN TOWN JABAL ALI","Unit","Flat","647000","32.72","32.72","Studio","1","UAE Exchange Metro Station","Ibn-e-Battuta Mall","Expo 2020 Site","0","0","","Azizi Rose"
"102-81389-2026","2026-09-22 16:01:54","Sales","Sell - Pre registration","Off-Plan","Free Hold","Residential","Madinat Al Mataar","Unit","Flat","530000","31.45","31.45","Studio","1","","","","0","0","","AZIZI VENICE 7"
"102-81390-2026","2026-09-22 16:10:04","Sales","Sell - Pre registration","Off-Plan","Free Hold","Residential","MEYDAN ONE","Unit","Flat","1608230","76.12","76.12","1 B/R","1","Creek Metro Station","Dubai Mall","Downtown Dubai","0","0","","Azizi Riviera 68 "
"102-81391-2026","2026-09-22 16:04:35","Sales","Sell - Pre registration","Off-Plan","Free Hold","Residential","CITY OF ARABIA","Unit","Flat","587000","32.3","32.3","Studio","1","","","","0","0","","Azizi Milan 30"
"102-81392-2026","2026-09-22 16:07:33","Sales","Sell - Pre registration","Off-Plan","Free Hold","Residential","Madinat Al Mataar","Unit","Flat","1210300","61.7","61.7","1 B/R","1","","","","0","0","","AZIZI VENICE 11"
"102-81393-2026","2026-09-22 16:13:40","Sales","Sell - Pre registration","Off-Plan","Free Hold","Residential","Madinat Al Mataar","Unit","Flat","620000","35.28","35.28","Studio","1","","","","0","0","","AZIZI VENICE 11"
"102-81394-2026","2026-09-22 15:48:26","Sales","Sell - Pre registration","Off-Plan","Free Hold","Residential","Al Hebiah Fifth","Unit","Flat","763390","38.26","38.26","Studio","1","","","","0","0","","DAMAC LAGOONS - LAGOON VIEWS 13"
"102-81395-2026","2026-09-22 16:23:47","Sales","Sell - Pre registration","Off-Plan","Free Hold","Residential","Madinat Al Mataar","Unit","Flat","650000","35.39","35.39","Studio","1","","","","0","0","","azizi venice 13 "
"102-81396-2026","2026-09-22 16:28:13","Sales","Sell - Pre registration","Off-Plan","Free Hold","Residential","Madinat Al Mataar","Unit","Flat","748600","35.91","35.91","Studio","1","","","","0","0","","Azizi Venice 16"
"102-81397-2026","2026-09-22 16:31:37","Sales","Sell - Pre registration","Off-Plan","Free Hold","Residential","DOWN TOWN JABAL ALI","Unit","Hotel Apartment","548460","32.38","32.38","Studio","1","UAE Exchange Metro Station","Ibn-e-Battuta Mall","Expo 2020 Site","0","0","","Azizi Abraham"
"102-81398-2026","2026-09-22 16:36:56","Sales","Sell - Pre registration","Off-Plan","Free Hold","Residential","DOWN TOWN JABAL ALI","Unit","Hotel Apartment","554000","32.38","32.38","Studio","1","UAE Exchange Metro Station","Ibn-e-Battuta Mall","Expo 2020 Site","0","0","","Azizi Abraham"
"102-81399-2026","2026-09-22 16:42:51","Sales","Sell - Pre registration","Off-Plan","Free Hold","Residential","CITY OF ARABIA","Unit","Flat","586000","32.09","32.09","Studio","1","","","","0","0","","Azizi Milan 30"
"102-81400-2026","2026-09-22 17:15:52","Sales","Sell - Pre registration","Off-Plan","Free Hold","Residential","CITY OF ARABIA","Unit","Flat","586000","31.95","31.95","Studio","1","","","","0","0","","Azizi Milan 30"
"102-81401-2026","2026-09-22 16:46:43","Sales","Sell - Pre registration","Off-Plan","Free Hold","Residential","CITY OF ARABIA","Unit","Flat","586000","31.95","31.95","Studio","1","","","","0","0","","Azizi Milan 30"
"102-81402-2026","2026-09-22 16:49:22","Sales","Sell - Pre registration","Off-Plan","Free Hold","Residential","Madinat Al Mataar","Unit","Flat","699000","32.83","32.83","Studio","1","","","","0","0","","Azizi Venice 6"
"102-81403-2026","2026-09-22 16:52:04","Sales","Sell - Pre registration","Off-Plan","Free Hold","Residential","Bukadra","Unit","Flat","2228660","69.85","69.85","1 B/R","1","","","","0","0","","Skyvue"
"102-81404-2026","2026-09-22 16:54:54","Sales","Sell - Pre registration","Off-Plan","Free Hold","Residential","Bukadra","Unit","Flat","1969917","65.95","65.95","1 B/R","1","","","","0","0","","360 Riverside Crescent"
"102-81405-2026","2026-09-22 15:50:31","Sales","Sell - Pre registration","Off-Plan","Free Hold","Residential","JUMEIRAH VILLAGE TRIANGLE","Unit","Flat","1569469","111.12","111.12","2 B/R","2","Damac Properties","Marina Mall","Sports City Swimming Academy","0","0","","ELARIS Sky"
"102-81406-2026","2026-09-22 15:54:54","Sales","Sell - Pre registration","Off-Plan","Free Hold","Residential","DMCC-EZ2","Unit","Flat","3804680","124.9","124.9","2 B/R","1","Harbour Tower","Marina Mall","Sports City Swimming Academy","0","0","","Sobha Central Phase I"
"102-81407-2026","2026-09-22 15:56:43","Sales","Sell - Pre registration","Off-Plan","Free Hold","Residential","CITY OF ARABIA","Unit","Flat","808000","42.63","42.63","Studio","1","","","IMG World Adventures","0","0","","Laguna Residence"
"102-81408-2026","2026-09-22 17:56:52","Sales","Sell - Pre registration","Off-Plan","Free Hold","Residential","Madinat Al Mataar","Unit","Flat","655000","35.37","35.37","Studio","1","","","","0","0","","azizi venice 13 "
"102-81409-2026","2026-09-22 16:01:35","Sales","Sell - Pre registration","Off-Plan","Free Hold","Residential","CITY OF ARABIA","Unit","Flat","794000","41.93","41.93","Studio","1","","","IMG World Adventures","0","0","","Laguna Residence"
"102-81410-2026","2026-09-22 16:02:31","Sales","Sell - Pre registration","Off-Plan","Free Hold","Residential","JUMEIRAH HEIGHTS","Unit","Flat","3190828","116.22","116.22","2 B/R","1","","","","0","0","","ELTIERA HEIGHTS"
"102-81411-2026","2026-09-22 16:03:03","Sales","Sell - Pre registration","Off-Plan","Free Hold","Residential","INTERNATIONAL CITY PH 1","Unit","Flat","693012.48","43.72","43.72","Studio","1","Rashidiya Metro Station","City Centre Mirdif","","0","0","","YIGO26"
"102-81412-2026","2026-09-22 16:07:00","Sales","Sell - Pre registration","Off-Plan","Free Hold","Residential","DUBAI MARITIME CITY","Unit","Flat","3212000","93.1","93.1","1 B/R","1","Al Ghubaiba Metro Station","Dubai Mall","Burj Khalifa","0","0",""," CHELSEA RESIDENCES BY DAMAC"
"102-81413-2026","2026-09-22 16:10:13","Sales","Sell - Pre registration","Off-Plan","Free Hold","Residential","INTERNATIONAL CITY PH 1","Unit","Flat","861875","65.2","65.2","1 B/R","1","Rashidiya Metro Station","City Centre Mirdif","","0","0","","YIGO26"
"102-81414-2026","2026-09-22 16:12:07","Sales","Sell - Pre registration","Off-Plan","Free Hold","Residential","Jabal Ali First","Unit","Flat","1968605","56.71","56.71","1 B/R","1","","","","0","0","","Sobha Central "
"102-81415-2026","2026-09-22 16:20:37","Sales","Sell - Pre registration","Off-Plan","Free Hold","Residential","Warsan First","Unit","Flat","592888","38.61","38.61","Studio","1","Rashidiya Metro Station","City Centre Mirdif","Dubai International Airport","0","0","","Listone Residence"
"102-81416-2026","2026-09-22 16:21:26","Sales","Sell - Pre registration","Off-Plan","Free Hold","Residential","DOWN TOWN JABAL ALI","Unit","Flat","1169000","65.72","65.72","1 B/R","1","UAE Exchange Metro Station","Ibn-e-Battuta Mall","Expo 2020 Site","0","0","","Portside by Samana Developers"
"102-81418-2026","2026-09-22 16:24:12","Sales","Sell - Pre registration","Off-Plan","Free Hold","Residential","DOWN TOWN JABAL ALI","Unit","Flat","1539000","141.43","141.43","2 B/R","1","UAE Exchange Metro Station","Ibn-e-Battuta Mall","Expo 2020 Site","0","0","","Portside by Samana Developers"
"102-81419-2026","2026-09-22 16:26:06","Sales","Sell - Pre registration","Off-Plan","Free Hold","Residential","DUBAI INDUSTRIAL CITY","Unit","Flat","587505.88","34.53","34.53","Studio","0","","","Dubai Parks and Resorts","0","0","","Samana South Haven"
"102-81420-2026","2026-09-22 16:26:39","Sales","Sell - Pre registration","Off-Plan","Free Hold","Residential","CITY OF ARABIA","Unit","Flat","679038","41.45","41.45","Studio","1","","","IMG World Adventures","0","0","","Laguna Residence"
"102-81421-2026","2026-09-22 16:28:07","Sales","Sell - Pre registration","Off-Plan","Free Hold","Residential","DOWN TOWN JABAL ALI","Unit","Shop","2620586.06","77.9","77.9","NA","1","UAE Exchange Metro Station","Ibn-e-Battuta Mall","Expo 2020 Site","0","0","","Samana Business Hub"
"102-81422-2026","2026-09-22 16:29:07","Sales","Sell - Pre registration","Off-Plan","Free Hold","Residential","DUBAI INDUSTRIAL CITY","Unit","Flat","587505.88","34.17","34.17","Studio","0","","","Dubai Parks and Resorts","0","0","","Samana South Haven"
"102-81423-2026","2026-09-22 16:30:12","Sales","Sell - Pre registration","Off-Plan","Free Hold","Residential","DOWN TOWN JABAL ALI","Unit","Flat","1199000","66.11","66.11","1 B/R","1","UAE Exchange Metro Station","Ibn-e-Battuta Mall","Expo 2020 Site","0","0","","Portside by Samana Developers"
"102-81424-2026","2026-09-22 16:30:16","Sales","Sell - Pre registration","Off-Plan","Free Hold","Residential","Al Yufrah 1","Unit","Flat","1054706","50.77","50.77","1 B/R","1","","","","0","0","","The Woods"
"102-81425-2026","2026-09-22 16:31:58","Sales","Sell - Pre registration","Off-Plan","Free Hold","Residential","DOWN TOWN JABAL ALI","Unit","Flat","1209000.01","65.72","65.72","1 B/R","1","UAE Exchange Metro Station","Ibn-e-Battuta Mall","Expo 2020 Site","0","0","","Portside by Samana Developers"
"102-81426-2026","2026-09-22 16:33:58","Sales","Sell - Pre registration","Off-Plan","Free Hold","Residential","DUBAI INDUSTRIAL CITY","Unit","Flat","931552.95","66.97","66.97","1 B/R","1","","","Dubai Parks and Resorts","0","0","","Samana South Haven"
"102-81427-2026","2026-09-22 16:34:57","Sales","Sell - Pre registration","Off-Plan","Free Hold","Residential","DOWN TOWN JABAL ALI","Unit","Flat","1047282.36","58.04","58.04","1 B/R","1","UAE Exchange Metro Station","Ibn-e-Battuta Mall","Expo 2020 Site","0","0","","Portside by Samana Developers"
"102-81428-2026","2026-09-22 16:37:28","Sales","Sell - Pre registration","Off-Plan","Free Hold","Residential","DOWN TOWN JABAL ALI","Unit","Office","1779765.22","82.88","82.88","NA","1","UAE Exchange Metro Station","Ibn-e-Battuta Mall","Expo 2020 Site","0","0","","Samana Business Hub"
"102-81429-2026","2026-09-22 16:39:03","Sales","Sell - Pre registration","Off-Plan","Free Hold","Residential","DAMAC HILLS","Unit","Flat","1223000","63.33","63.33","1 B/R","1","","","Motor City","0","0","","DAMAC DISTRICT"
"102-81430-2026","2026-09-22 16:40:01","Sales","Sell - Pre registration","Off-Plan","Free Hold","Residential","DOWN TOWN JABAL ALI","Unit","Flat","1419000","91.41","91.41","2 B/R","1","UAE Exchange Metro Station","Ibn-e-Battuta Mall","Expo 2020 Site","0","0","","Portside by Samana Developers"
"102-81431-2026","2026-09-22 16:40:51","Sales","Sell - Pre registration","Off-Plan","Free Hold","Residential","DAMAC HILLS","Unit","Flat","1397000","72.18","72.18","1 B/R","1","","","Motor City","0","0","","DAMAC DISTRICT"
"102-81432-2026","2026-09-22 16:42:26","Sales","Sell - Pre registration","Off-Plan","Free Hold","Residential","DUBAI SOUTH","Unit","Flat","1646831","109.2","109.2","2 B/R","1","","","Expo 2020 Site","0","0","","ENRE RESIDENCE BY IMTIAZ"
"102-81433-2026","2026-09-22 16:43:24","Sales","Sell - Pre registration","Off-Plan","Free Hold","Residential","DOWN TOWN JABAL ALI","Unit","Office","1152713.5","56.75","56.75","NA","1","UAE Exchange Metro Station","Ibn-e-Battuta Mall","Expo 2020 Site","0","0","","Samana Business Hub"
"102-81434-2026","2026-09-22 16:49:53","Sales","Sell - Pre registration","Off-Plan","Free Hold","Residential","Madinat Al Mataar","Unit","Flat","650000","33.69","33.69","Studio","1","","","","0","0","","azizi venice 12"
"102-81435-2026","2026-09-22 16:52:31","Sales","Sell - Pre registration","Off-Plan","Free Hold","Residential","Al Yufrah 1","Unit","Flat","1012144","50.15","50.15","1 B/R","1","","","","0","0","","The Woods"
"102-81436-2026","2026-09-22 16:45:26","Sales","Sell - Pre registration","Off-Plan","Free Hold","Residential","DAMAC HILLS","Unit","Flat","1293000","63.85","63.85","1 B/R","1","","","Motor City","0","0","","DAMAC DISTRICT"
"102-81437-2026","2026-09-22 16:55:46","Sales","Sell - Pre registration","Off-Plan","Free Hold","Residential","Al Yufrah 1","Unit","Flat","1000240","50.23","50.23","1 B/R","1","","","","0","0","","The Woods"
"102-81438-2026","2026-09-22 17:02:26","Sales","Sell - Pre registration","Off-Plan","Free Hold","Residential","DMCC-EZ2","Unit","Flat","2213604","69.01","69.01","1 B/R","1","Harbour Tower","Marina Mall","Sports City Swimming Academy","0","0","","Sobha Central Phase II"
"102-81439-2026","2026-09-22 17:04:02","Sales","Sell - Pre registration","Off-Plan","Free Hold","Residential","DOWN TOWN JABAL ALI","Unit","Flat","586040","32.05","32.05","Studio","1","UAE Exchange Metro Station","Ibn-e-Battuta Mall","Expo 2020 Site","0","0","","Azizi Rose"
"102-81440-2026","2026-09-22 17:05:57","Sales","Sell - Pre registration","Off-Plan","Free Hold","Residential","Jabal Ali Industrial Second","Unit","Flat","616420","31.37","31.37","Studio","1","","","","0","0","","Azizi Wares"
"102-81442-2026","2026-09-22 17:08:07","Sales","Sell - Pre registration","Off-Plan","Free Hold","Residential","DOWN TOWN JABAL ALI","Unit","Hotel Apartment","550000","32.38","32.38","Studio","1","UAE Exchange Metro Station","Ibn-e-Battuta Mall","Expo 2020 Site","0","0","","Azizi Abraham"
"102-81443-2026","2026-09-22 17:12:17","Sales","Sell - Pre registration","Off-Plan","Free Hold","Residential","DOWN TOWN JABAL ALI","Unit","Hotel Apartment","917700","55.41","55.41","Studio","1","","","","0","0","","Arian By Azizi "
"102-81444-2026","2026-09-22 16:51:19","Sales","Sell - Pre registration","Off-Plan","Free Hold","Residential","DOWN TOWN JABAL ALI","Unit","Hotel Apartment","548000","32.38","32.38","Studio","1","UAE Exchange Metro Station","Ibn-e-Battuta Mall","Expo 2020 Site","0","0","","Azizi Abraham"
"102-81445-2026","2026-09-22 17:14:05","Sales","Sell - Pre registration","Off-Plan","Free Hold","Residential","Jabal Ali First","Unit","Flat","1779057","52.47","52.47","1 B/R","1","","","","0","0","","Sobha Central "
"102-81446-2026","2026-09-22 17:19:49","Sales","Sell - Pre registration","Off-Plan","Free Hold","Residential","DOWN TOWN JABAL ALI","Unit","Hotel Apartment","565250","31.61","31.61","Studio","1","","","","0","0","","Arian By Azizi "
"102-81447-2026","2026-09-22 17:22:03","Sales","Sell - Pre registration","Off-Plan","Free Hold","Residential","Jabal Ali First","Unit","Flat","1796000","52.47","52.47","1 B/R","1","","","","0","0","","Sobha Central "
"102-81448-2026","2026-09-22 17:23:31","Sales","Sell - Pre registration","Off-Plan","Free Hold","Residential","DMCC-EZ2","Unit","Flat","4564291","144.23","144.23","2 B/R","2","Harbour Tower","Marina Mall","Sports City Swimming Academy","0","0","","Sobha Central Phase I"
"102-81449-2026","2026-09-22 17:26:06","Sales","Sell - Pre registration","Off-Plan","Free Hold","Residential","DMCC-EZ2","Unit","Flat","2726282","88.87","88.87","2 B/R","1","Harbour Tower","Marina Mall","Sports City Swimming Academy","0","0","","Sobha Central Phase I"
"102-81450-2026","2026-09-22 16:48:00","Sales","Sell - Pre registration","Off-Plan","Free Hold","Residential","CITY OF ARABIA","Unit","Flat","1444000","73.82","73.82","1 B/R","1","","","IMG World Adventures","0","0","","Laguna Residence"
"102-81451-2026","2026-09-22 16:48:12","Sales","Sell - Pre registration","Off-Plan","Free Hold","Residential","DAMAC HILLS","Unit","Flat","1081325","59.1","59.1","1 B/R","1","","","Motor City","0","0","","DAMAC DISTRICT"
"102-81452-2026","2026-09-22 16:49:14","Sales","Sell - Pre registration","Off-Plan","Free Hold","Residential","DOWN TOWN JABAL ALI","Unit","Flat","1469000.01","95.65","95.65","2 B/R","1","UAE Exchange Metro Station","Ibn-e-Battuta Mall","Expo 2020 Site","0","0","","Portside by Samana Developers"
"102-81453-2026","2026-09-22 16:55:03","Sales","Sell - Pre registration","Off-Plan","Free Hold","Residential","DUBAI INDUSTRIAL CITY","Unit","Flat","623964.71","34.17","34.17","Studio","1","","","Dubai Parks and Resorts","0","0","","Samana South Haven"
"102-81454-2026","2026-09-22 16:57:24","Sales","Sell - Pre registration","Off-Plan","Free Hold","Residential","INTERNATIONAL CITY PH 2 & 3","Unit","Flat","869682.36","53.81","53.81","1 B/R","1","Rashidiya Metro Station","City Centre Mirdif","","0","0","","Greenfield by Samana Developers"
"102-81456-2026","2026-09-22 16:58:31","Sales","Sell - Pre registration","Off-Plan","Free Hold","Residential","Al Hebiah Fifth","Unit","Flat","1298880","74.77","74.77","1 B/R","1","","","","0","0","","DAMAC LAGOONS - VALENCIA"
"102-81457-2026","2026-09-22 16:59:24","Sales","Sell - Pre registration","Off-Plan","Free Hold","Residential","DOWN TOWN JABAL ALI","Unit","Office","1625272.98","77.69","77.69","NA","1","UAE Exchange Metro Station","Ibn-e-Battuta Mall","Expo 2020 Site","0","0","","Samana Business Hub"
"102-81458-2026","2026-09-22 17:00:14","Sales","Sell - Pre registration","Off-Plan","Free Hold","Residential","DUBAI INDUSTRIAL CITY","Unit","Flat","974000.01","58.78","58.78","1 B/R","1","","","Dubai Parks and Resorts","0","0","","Samana South Haven"
"102-81459-2026","2026-09-22 17:00:57","Sales","Sell - Pre registration","Off-Plan","Free Hold","Residential","Madinat Al Mataar","Unit","Flat","2241828","139.52","139.52","3 B/R","2","","","","0","0","","WINDSOR HOUSE II"
"102-81460-2026","2026-09-22 17:01:15","Sales","Sell - Pre registration","Off-Plan","Free Hold","Residential","INTERNATIONAL CITY PH 2 & 3","Unit","Flat","949647.06","58.09","58.09","1 B/R","1","Rashidiya Metro Station","City Centre Mirdif","","0","0","","Greenfield by Samana Developers"
"102-81461-2026","2026-09-22 17:03:13","Sales","Sell - Pre registration","Off-Plan","Free Hold","Residential","DOWN TOWN JABAL ALI","Unit","Office","1230147.05","58.16","58.16","NA","1","UAE Exchange Metro Station","Ibn-e-Battuta Mall","Expo 2020 Site","0","0","","Samana Business Hub"
"102-81462-2026","2026-09-22 17:04:26","Sales","Sell - Pre registration","Off-Plan","Free Hold","Residential","DUBAI INDUSTRIAL CITY","Unit","Flat","521888","36.39","36.39","Studio","1","","","Dubai Parks and Resorts","0","0","","Coventry Residence 3"
"102-81463-2026","2026-09-22 17:06:26","Sales","Sell - Pre registration","Off-Plan","Free Hold","Residential","Al Hebiah Fifth","Unit","Flat","1209000","65.1","65.1","1 B/R","1","","","","0","0","","DAMAC LAGOONS - VALENCIA"
"102-81464-2026","2026-09-22 17:07:27","Sales","Sell - Pre registration","Off-Plan","Free Hold","Residential","Jabal Ali First","Unit","Flat","5770991","172.95","172.95","3 B/R","2","","","","0","0","","Sobha Central "
"102-81465-2026","2026-09-22 17:07:22","Sales","Sell - Pre registration","Off-Plan","Free Hold","Residential","HORIZON","Unit","Flat","1751828","73.23","73.23","1 B/R","1","Creek Metro Station","Dubai Mall","Downtown Dubai","0","0","","CLAYDON HOUSE BY ELLINGTON "
"102-81466-2026","2026-09-22 17:08:42","Sales","Sell - Pre registration","Off-Plan","Free Hold","Residential","DUBAI SOUTH","Unit","Flat","1139990","96.36","96.36","2 B/R","1","","","Expo 2020 Site","0","0","","STORIES BY MIRFA"
"102-81467-2026","2026-09-22 17:09:24","Sales","Sell - Pre registration","Off-Plan","Free Hold","Residential","DOWN TOWN JABAL ALI","Unit","Office","1588094.41","70.77","70.77","NA","1","UAE Exchange Metro Station","Ibn-e-Battuta Mall","Expo 2020 Site","0","0","","Samana Business Hub"
"102-81468-2026","2026-09-22 17:10:24","Sales","Sell - Pre registration","Off-Plan","Free Hold","Residential","DUBAI SOUTH","Unit","Flat","1251726.07","69.39","69.39","1 B/R","1","","","Expo 2020 Site","0","0","","ENRE RESIDENCE BY IMTIAZ"
"102-81469-2026","2026-09-22 17:12:14","Sales","Sell - Pre registration","Off-Plan","Free Hold","Residential","DUBAI INDUSTRIAL CITY","Unit","Flat","599000.01","33.19","33.19","Studio","1","","","Dubai Parks and Resorts","0","0","","Samana South Haven"
"102-81470-2026","2026-09-22 17:12:54","Sales","Sell - Pre registration","Off-Plan","Free Hold","Residential","Madinat Al Mataar","Unit","Flat","1775828","106.3","106.3","2 B/R","1","","","","0","0","","WINDSOR HOUSE II"
"102-81471-2026","2026-09-22 17:13:24","Sales","Sell - Pre registration","Off-Plan","Free Hold","Residential","MAJAN","Unit","Flat","797111.11","35.56","35.56","Studio","1","","","IMG World Adventures","0","0","","Samana Barari Heights"
"102-81472-2026","2026-09-22 17:15:08","Sales","Sell - Pre registration","Off-Plan","Free Hold","Residential","CITY OF ARABIA","Unit","Flat","855000","43.28","43.28","Studio","1","","","IMG World Adventures","0","0","","Laguna Residence"
"102-81473-2026","2026-09-22 17:15:14","Sales","Sell - Pre registration","Off-Plan","Free Hold","Residential","DUBAI INDUSTRIAL CITY","Unit","Flat","587505.88","34.3","34.3","Studio","0","","","Dubai Parks and Resorts","0","0","","Samana South Haven"
"102-81474-2026","2026-09-22 17:17:17","Sales","Sell - Pre registration","Off-Plan","Free Hold","Residential","DUBAI LAND RESIDENCE COMPLEX","Unit","Flat","1209531.11","71.17","71.17","1 B/R","1","","","IMG World Adventures","0","0","","Samana Boulevard Heights"
"102-81475-2026","2026-09-22 17:18:29","Sales","Sell - Pre registration","Off-Plan","Free Hold","Residential","DOWN TOWN JABAL ALI","Unit","Office","1548930.55","83.27","83.27","NA","1","UAE Exchange Metro Station","Ibn-e-Battuta Mall","Expo 2020 Site","0","0","","Samana Business Hub"
"102-81476-2026","2026-09-22 17:21:26","Sales","Sell - Pre registration","Off-Plan","Free Hold","Residential","JUMEIRAH VILLAGE CIRCLE","Unit","Flat","1310880.25","77.65","77.65","1 B/R","1","Dubai Internet City","Marina Mall","Sports City Swimming Academy","0","0","","PEARL HOUSE IV BY IMTIAZ"
"102-81477-2026","2026-09-22 17:45:22","Sales","Sell - Pre registration","Off-Plan","Free Hold","Residential","Madinat Al Mataar","Unit","Flat","890000","57.84","57.84","1 B/R","1","","","","0","0","","AZIZI VENICE 7"
"102-81478-2026","2026-09-22 17:54:44","Sales","Sell - Pre registration","Off-Plan","Free Hold","Residential","JUMEIRAH LAKES TOWERS","Unit","Flat","2383375","96.27","96.27","1 B/R","1","Marina Mall Metro Station","Marina Mall","Sports City Swimming Academy","0","0","","Verde by Sobha"
"102-81479-2026","2026-09-23 12:31:26","Sales","Sell - Pre registration","Off-Plan","Free Hold","Residential","Al Hebiah Fifth","Unit","Flat","1600000","106.38","106.38","2 B/R","1","","","","0","0","","DAMAC LAGOONS - LAGOON VIEWS 3"
"102-81480-2026","2026-09-22 17:27:15","Sales","Sell - Pre registration","Off-Plan","Free Hold","Residential","DOWN TOWN JABAL ALI","Unit","Office","1236407.34","58.16","58.16","NA","1","UAE Exchange Metro Station","Ibn-e-Battuta Mall","Expo 2020 Site","0","0","","Samana Business Hub"
"102-81481-2026","2026-09-22 17:57:02","Sales","Sell - Pre registration","Off-Plan","Free Hold","Residential","BUSINESS BAY","Unit","Office","20877234","339.74","339.74","NA","5","Business Bay Metro Station","Dubai Mall","Burj Khalifa","0","0","","Lumena Alta by Omniyat"
"102-81482-2026","2026-09-22 17:33:14","Sales","Sell - Pre registration","Off-Plan","Free Hold","Residential","Al Hebiah Fifth","Unit","Flat","657660","34.14","34.14","Studio","1","","","","0","0","","DAMAC LAGOONS - LAGOON VIEWS 13"
"102-81483-2026","2026-09-22 17:33:31","Sales","Sell - Pre registration","Off-Plan","Free Hold","Residential","HORIZON","Unit","Flat","1673828","75.23","75.23","1 B/R","1","Creek Metro Station","Dubai Mall","Downtown Dubai","0","0","","CLAYDON HOUSE BY ELLINGTON "
"102-81484-2026","2026-09-22 17:33:46","Sales","Sell - Pre registration","Off-Plan","Free Hold","Residential","HORIZON","Unit","Flat","2168828","74.04","74.04","1 B/R","1","Creek Metro Station","Dubai Mall","Downtown Dubai","0","0","","THE HIGHGROVE"
"102-81485-2026","2026-09-22 17:34:13","Sales","Sell - Pre registration","Off-Plan","Free Hold","Residential","DUBAI LAND RESIDENCE COMPLEX","Unit","Flat","2175627.96","149.9","149.9","3 B/R","2","","","IMG World Adventures","0","0","","Le Blanc Residence by Imtiaz"
"102-81486-2026","2026-09-22 17:43:12","Sales","Sell - Pre registration","Off-Plan","Free Hold","Residential","HORIZON","Unit","Flat","2186828","75.42","75.42","1 B/R","1","Creek Metro Station","Dubai Mall","Downtown Dubai","0","0","","THE HIGHGROVE"
"102-81487-2026","2026-09-22 17:50:09","Sales","Sell - Pre registration","Off-Plan","Free Hold","Residential","HORIZON","Unit","Flat","1601828","77.06","77.06","1 B/R","1","Creek Metro Station","Dubai Mall","Downtown Dubai","0","0","","CLAYDON HOUSE BY ELLINGTON "
"102-81488-2026","2026-09-22 17:54:07","Sales","Sell - Pre registration","Off-Plan","Free Hold","Residential","JUMEIRAH VILLAGE CIRCLE","Unit","Flat","878080","58.09","58.09","1 B/R","1","Dubai Internet City","Mall of the Emirates","Sports City Swimming Academy","0","0","","Azurline Residences by MAAS Developers "
"102-81489-2026","2026-09-22 18:10:27","Sales","Sell - Pre registration","Off-Plan","Free Hold","Residential","Jabal Ali Industrial Second","Unit","Flat","826000","49.88","49.88","1 B/R","1","","","","0","0","","Azizi Wares"
"102-81490-2026","2026-09-22 18:17:38","Sales","Sell - Pre registration","Off-Plan","Free Hold","Residential","DOWN TOWN JABAL ALI","Unit","Hotel Apartment","560500","31.73","31.73","Studio","1","","","","0","0","","Arian By Azizi "
"102-81491-2026","2026-09-22 18:37:33","Sales","Sell - Pre registration","Off-Plan","Free Hold","Residential","TOWN SQUARE","Unit","Flat","1330000","83.92","83.92","2 B/R","1","","","Dubai Cycling Course","0","0","","Symphony"
"102-81492-2026","2026-09-22 18:29:32","Sales","Sell - Pre registration","Off-Plan","Free Hold","Residential","Warsan First","Unit","Flat","865230","66.31","66.31","1 B/R","1","Rashidiya Metro Station","City Centre Mirdif","Dubai International Airport","0","0","","Listone Residence"
"102-81493-2026","2026-09-22 18:32:46","Sales","Sell - Pre registration","Off-Plan","Free Hold","Residential","BUSINESS BAY","Unit","Office","13959647","224.35","224.35","NA","4","Business Bay Metro Station","Dubai Mall","Burj Khalifa","0","0","","Lumena Alta by Omniyat"
"102-81494-2026","2026-09-22 18:33:16","Sales","Sell - Pre registration","Off-Plan","Free Hold","Residential","JUMEIRAH VILLAGE CIRCLE","Unit","Flat","529990","38.06","38.06","Studio","1","Dubai Internet City","Mall of the Emirates","Sports City Swimming Academy","0","0","","THE BOROUGH"
"102-81495-2026","2026-09-22 18:38:03","Sales","Sell - Pre registration","Off-Plan","Free Hold","Residential","BUSINESS BAY","Unit","Office","12687904","201.13","201.13","NA","3","Business Bay Metro Station","Dubai Mall","Burj Khalifa","0","0","","Lumena Alta by Omniyat"
"102-81496-2026","2026-09-22 18:43:26","Sales","Sell - Pre registration","Off-Plan","Free Hold","Residential","JUMEIRAH VILLAGE CIRCLE","Unit","Flat","970000","56.75","56.75","1 B/R","1","Dubai Internet City","Mall of the Emirates","Sports City Swimming Academy","0","0","","Azurline Residences by MAAS Developers "
"102-81497-2026","2026-09-22 18:43:41","Sales","Sell - Pre registration","Off-Plan","Free Hold","Residential","BUSINESS BAY","Unit","Office","12959717","210.44","210.44","NA","3","Business Bay Metro Station","Dubai Mall","Burj Khalifa","0","0","","Lumena Alta by Omniyat"
"102-81498-2026","2026-09-22 19:14:45","Sales","Sell - Pre registration","Off-Plan","Free Hold","Residential","Al Hebiah Fifth","Unit","Flat","2434000","102.73","146.75","2 B/R","1","","","","0","0","","DAMAC LAGOONS - LAGOON VIEWS 12"
"102-81499-2026","2026-09-22 18:48:20","Sales","Sell - Pre registration","Off-Plan","Free Hold","Residential","BUSINESS BAY","Unit","Office","13651596","215.13","215.13","NA","4","Business Bay Metro Station","Dubai Mall","Burj Khalifa","0","0","","Lumena Alta by Omniyat"
"102-81500-2026","2026-09-22 18:56:35","Sales","Sell - Pre registration","Off-Plan","Free Hold","Residential","BUSINESS BAY","Unit","Office","29829268","483.32","483.32","NA","8","Business Bay Metro Station","Dubai Mall","Burj Khalifa","0","0","","Lumena Alta by Omniyat"
"102-81502-2026","2026-09-22 19:31:14","Sales","Sell - Pre registration","Off-Plan","Free Hold","Residential","BURJ KHALIFA","Unit","Flat","20121220","384.51","384.51","4 B/R","2  1","Business Bay Metro Station","Dubai Mall","Downtown Dubai","0","0","","SOLARA TOWER DUBAI"
"102-81503-2026","2026-09-22 20:07:47","Sales","Sell - Pre registration","Off-Plan","Free Hold","Residential","JUMEIRAH VILLAGE CIRCLE","Unit","Flat","529990","37.6","37.6","Studio","1","Dubai Internet City","Mall of the Emirates","Sports City Swimming Academy","0","0","","THE BOROUGH"
"102-81504-2026","2026-09-22 20:20:10","Sales","Sell - Pre registration","Off-Plan","Free Hold","Residential","INTERNATIONAL CITY PH 2 & 3","Unit","Flat","581550","37.27","37.27","Studio","1  0","","","","0","0","","ZYRA HILLS"
"102-81505-2026","2026-09-23 06:57:21","Sales","Sell - Pre registration","Off-Plan","Free Hold","Residential","Al Khairan First","Unit","Flat","2125888","77.06","77.06","1 B/R","1","","","","0","0","","Valia"
"102-81506-2026","2026-09-23 14:21:27","Sales","Sell - Pre registration","Off-Plan","Free Hold","Residential","DUBAI DESIGN DISTRICT","Unit","Flat","5350000","274.13","274.13","3 B/R","2","Buj Khalifa Dubai Mall Metro Station","Dubai Mall","Downtown Dubai","0","0","","DESIGN QUARTER"
"102-81507-2026","2026-09-23 13:59:05","Sales","Sell - Pre registration","Off-Plan","Free Hold","Residential","Dubai Investment Park Second","Building","Villa","3929000","252.34","252.34","5 B/R","","","","","0","0","","DAMAC RIVERSIDE - SAGE"
"102-81508-2026","2026-09-23 09:09:14","Sales","Sell - Pre registration","Off-Plan","Free Hold","Residential","DOWN TOWN JABAL ALI","Unit","Flat","1159000.01","59.64","59.64","1 B/R","1","UAE Exchange Metro Station","Ibn-e-Battuta Mall","Expo 2020 Site","0","0","","Portside by Samana Developers"
"102-81509-2026","2026-09-23 09:10:08","Sales","Sell - Pre registration","Off-Plan","Free Hold","Residential","DOWN TOWN JABAL ALI","Unit","Flat","1409000","86.69","86.69","2 B/R","1","UAE Exchange Metro Station","Ibn-e-Battuta Mall","Expo 2020 Site","0","0","","Portside by Samana Developers"
"102-81510-2026","2026-09-23 09:12:20","Sales","Sell - Pre registration","Off-Plan","Free Hold","Residential","DOWN TOWN JABAL ALI","Unit","Flat","1139000","82.18","82.18","1 B/R","1","UAE Exchange Metro Station","Ibn-e-Battuta Mall","Expo 2020 Site","0","0","","Portside by Samana Developers"
"102-81511-2026","2026-09-23 09:13:24","Sales","Sell - Pre registration","Off-Plan","Free Hold","Residential","DOWN TOWN JABAL ALI","Unit","Flat","1170788.24","66.11","66.11","1 B/R","1","UAE Exchange Metro Station","Ibn-e-Battuta Mall","Expo 2020 Site","0","0","","Portside by Samana Developers"
"102-81512-2026","2026-09-23 09:14:10","Sales","Sell - Pre registration","Off-Plan","Free Hold","Residential","DOWN TOWN JABAL ALI","Unit","Flat","1072000","66.11","66.11","1 B/R","1","UAE Exchange Metro Station","Ibn-e-Battuta Mall","Expo 2020 Site","0","0","","Portside by Samana Developers"
"102-81513-2026","2026-09-23 09:14:45","Sales","Sell - Pre registration","Off-Plan","Free Hold","Residential","Jabal Ali First","Unit","Flat","2143000","119.38","119.38","2 B/R","1","","","","0","0","","Boulevard Park 1"
"102-81514-2026","2026-09-23 09:15:20","Sales","Sell - Pre registration","Off-Plan","Free Hold","Residential","DOWN TOWN JABAL ALI","Unit","Flat","1239000","66.59","66.59","1 B/R","1","UAE Exchange Metro Station","Ibn-e-Battuta Mall","Expo 2020 Site","0","0","","Portside by Samana Developers"
"102-81515-2026","2026-09-23 09:16:28","Sales","Sell - Pre registration","Off-Plan","Free Hold","Residential","DOWN TOWN JABAL ALI","Unit","Flat","1333164.71","91.41","91.41","2 B/R","1","UAE Exchange Metro Station","Ibn-e-Battuta Mall","Expo 2020 Site","0","0","","Portside by Samana Developers"
"102-81516-2026","2026-09-23 09:17:10","Sales","Sell - Pre registration","Off-Plan","Free Hold","Residential","DOWN TOWN JABAL ALI","Unit","Flat","1219000","59.64","59.64","1 B/R","1","UAE Exchange Metro Station","Ibn-e-Battuta Mall","Expo 2020 Site","0","0","","Portside by Samana Developers"
"102-81517-2026","2026-09-23 09:18:10","Sales","Sell - Pre registration","Off-Plan","Free Hold","Residential","DOWN TOWN JABAL ALI","Unit","Flat","1169000","60.84","60.84","1 B/R","1","UAE Exchange Metro Station","Ibn-e-Battuta Mall","Expo 2020 Site","0","0","","Portside by Samana Developers"
"102-81518-2026","2026-09-23 09:19:22","Sales","Sell - Pre registration","Off-Plan","Free Hold","Residential","DOWN TOWN JABAL ALI","Unit","Flat","1179000.01","66.11","66.11","1 B/R","1","UAE Exchange Metro Station","Ibn-e-Battuta Mall","Expo 2020 Site","0","0","","Portside by Samana Developers"
"102-81519-2026","2026-09-23 10:18:51","Sales","Sell - Pre registration","Off-Plan","Free Hold","Residential","Madinat Al Mataar","Unit","Flat","538444","31.4","62.81","1 B/R","1","","","","0","0","","Golf Hills 2"
"102-81520-2026","2026-09-23 09:59:28","Sales","Sell - Pre registration","Off-Plan","Free Hold","Residential","DUBAI SOUTH","Unit","Flat","1325016","72.71","72.71","1 B/R","1","","","","0","0","","MARQUIS HORIZON"
"102-81521-2026","2026-09-23 10:05:34","Sales","Sell - Pre registration","Off-Plan","Free Hold","Residential","Al Khairan First","Unit","Flat","2323888","76.27","76.27","1 B/R","1","","","","0","0","","Valia"
"102-81522-2026","2026-09-23 10:17:51","Sales","Sell - Pre registration","Off-Plan","Free Hold","Residential","Al Hebiah First","Unit","Flat","700000","35.55","35.55","Studio","1","","","","0","0","","Binghatti Skyterraces"
"102-81523-2026","2026-09-23 10:17:16","Sales","Sell - Pre registration","Off-Plan","Free Hold","Residential","JUMEIRAH VILLAGE CIRCLE","Unit","Flat","1305000","61.11","61.11","1 B/R","1","Nakheel Metro Station","Marina Mall","Sports City Swimming Academy","0","0","","HELVETIA RESIDENCES"
"102-81524-2026","2026-09-23 18:47:42","Sales","Sell - Pre registration","Off-Plan","Free Hold","Residential","Wadi Al Safa 5","Building","Villa","2900000","167.96","167.96","3 B/R","","","","","0","0","","ATHLON BY AL DAR 1"
"102-81526-2026","2026-09-23 10:24:20","Sales","Sell - Pre registration","Off-Plan","Free Hold","Residential","JUMEIRAH VILLAGE CIRCLE","Unit","Flat","473700","30.91","30.91","Studio","1","Dubai Internet City","Mall of the Emirates","Sports City Swimming Academy","0","0","","AURESTA TOWER"
"102-81527-2026","2026-09-24 12:38:39","Sales","Sell - Pre registration","Off-Plan","Free Hold","Residential","Madinat Al Mataar","Unit","Flat","2838000","139.49","139.49","2 B/R","1","","","","0","0","","Expo City Sky Residences"
"102-81528-2026","2026-09-23 10:37:34","Sales","Sell - Pre registration","Off-Plan","Free Hold","Residential","Madinat Al Mataar","Unit","Flat","1078560","63.41","63.41","1 B/R","1","","","","0","0","","AZIZI VENICE 7"
"102-81529-2026","2026-09-23 10:42:07","Sales","Sell - Pre registration","Off-Plan","Free Hold","Residential","Madinat Al Mataar","Unit","Flat","1614888","68.92","68.92","1 B/R","1","","","","0","0","","Terra Woods"
"102-81530-2026","2026-09-23 10:54:02","Sales","Sell - Pre registration","Off-Plan","Free Hold","Residential","LIVING LEGENDS","Unit","Flat","614530.24","39.4","39.4","Studio","1","","","Global Village","0","0","","LIVING LEGENDS PHASE 5"
"102-81532-2026","2026-09-23 11:03:30","Sales","Sell - Pre registration","Off-Plan","Free Hold","Residential","SAMA AL JADAF","Unit","Flat","2019700","120.8","120.8","2 B/R","1","Creek Metro Station","Dubai Mall","Dubai International Airport","0","0","","Azizi David"
"102-81533-2026","2026-09-23 11:00:01","Sales","Sell - Pre registration","Off-Plan","Free Hold","Residential","DUBAI LAND RESIDENCE COMPLEX","Unit","Flat","600000","42.17","42.17","Studio","1","","","IMG World Adventures","0","0","","Roof Comfort"
"102-81534-2026","2026-09-23 11:05:19","Sales","Sell - Pre registration","Off-Plan","Free Hold","Residential","DOWN TOWN JABAL ALI","Unit","Hotel Apartment","910000","58.29","58.29","1 B/R","1","UAE Exchange Metro Station","Ibn-e-Battuta Mall","Expo 2020 Site","0","0","","Azizi Abraham"
"102-81536-2026","2026-09-23 11:05:00","Sales","Sell - Pre registration","Off-Plan","Free Hold","Residential","DUBAI LAND RESIDENCE COMPLEX","Unit","Flat","674509","37.82","37.82","Studio","1","","","","0","0","","Havencia"
"102-81537-2026","2026-09-23 11:05:59","Sales","Sell - Pre registration","Off-Plan","Free Hold","Residential","INTERNATIONAL CITY PH 2 & 3","Unit","Flat","1300000","108.8","108.8","3 B/R","2","Rashidiya Metro Station","City Centre Mirdif","","0","0","","Sunlight Homes"
"102-81538-2026","2026-09-23 11:06:10","Sales","Sell - Pre registration","Off-Plan","Free Hold","Residential","BUSINESS BAY","Unit","Flat","2570000","69.86","69.86","1 B/R","1","","","","0","0","","Bayz 102 By Danube "
"102-81539-2026","2026-09-23 11:13:14","Sales","Sell - Pre registration","Off-Plan","Free Hold","Residential","DOWN TOWN JABAL ALI","Unit","Hotel Apartment","544000","32.38","32.38","Studio","1","UAE Exchange Metro Station","Ibn-e-Battuta Mall","Expo 2020 Site","0","0","","Azizi Abraham"
"102-81541-2026","2026-09-23 13:19:30","Sales","Sell - Pre registration","Off-Plan","Free Hold","Residential","Al Jadaf","Unit","Flat","825000","40.59","40.59","Studio","1","","","","0","0","","Binghatti Starlight"
"102-81542-2026","2026-09-23 11:26:01","Sales","Sell - Pre registration","Off-Plan","Free Hold","Residential","DUBAI SOUTH","Unit","Flat","1699600","92.9","92.9","2 B/R","1","","","","0","0","","MARQUIS HORIZON"
"102-81543-2026","2026-09-23 12:21:52","Sales","Sell - Pre registration","Off-Plan","Free Hold","Residential","JUMEIRAH VILLAGE CIRCLE","Unit","Flat","2196582","172.94","172.94","2 B/R","2","Nakheel Metro Station","Marina Mall","Sports City Swimming Academy","0","0","","ONE PARK CENTRAL BY IMAN"
"102-81544-2026","2026-09-23 11:29:36","Sales","Sell - Pre registration","Off-Plan","Free Hold","Residential","CITY OF ARABIA","Unit","Flat","2746000","155.72","155.72","2 B/R","1","","","IMG World Adventures","0","0","","Laguna Residence"
"102-81545-2026","2026-09-23 11:30:46","Sales","Sell - Pre registration","Off-Plan","Free Hold","Residential","DUBAI STUDIO CITY","Unit","Hotel Rooms","315775","6.55","6.55","Studio","EU  0","Dubai Internet City","","Motor City","0","0","","The First Collection at Dubai Studio City"
"102-81547-2026","2026-09-23 11:50:09","Sales","Sell - Pre registration","Off-Plan","Free Hold","Residential","MAJAN","Unit","Flat","580000","37.84","37.84","Studio","1","","","IMG World Adventures","0","0","","Binghatti Skyflame 1"
"102-81548-2026","2026-09-23 11:43:34","Sales","Sell - Pre registration","Off-Plan","Free Hold","Residential","SAMA AL JADAF","Unit","Flat","700000","36.82","36.82","Studio","1","Al Jadaf Metro Station","Dubai Mall","Downtown Dubai","0","0","","Binghatti Wraith"
"102-81549-2026","2026-09-23 11:56:32","Sales","Sell - Pre registration","Off-Plan","Free Hold","Residential","MAJAN","Unit","Flat","1050000","78.22","78.22","1 B/R","1","","","IMG World Adventures","0","0","","Binghatti Skyflame 2"
"102-81550-2026","2026-09-23 11:57:50","Sales","Sell - Pre registration","Off-Plan","Free Hold","Residential","DUBAI SCIENCE PARK","Unit","Flat","781999","33.5","33.5","Studio","1","First Abu Dhabi Bank Metro Station","Mall of the Emirates","Motor City","0","0","","Binghatti Hillside"
"102-81551-2026","2026-09-23 11:59:22","Sales","Sell - Pre registration","Off-Plan","Free Hold","Residential","JUMEIRAH VILLAGE TRIANGLE","Unit","Flat","783999","31.42","31.42","Studio","1","Damac Properties","Marina Mall","Sports City Swimming Academy","0","0","","Binghatti Luxuria"
"102-81552-2026","2026-09-23 11:39:07","Sales","Sell - Pre registration","Off-Plan","Free Hold","Residential","JUMEIRAH VILLAGE CIRCLE","Unit","Flat","2125000","164.65","164.65","3 B/R","2","Nakheel Metro Station","Marina Mall","Sports City Swimming Academy","0","0","","HELVETIA RESIDENCES"
"102-81553-2026","2026-09-23 11:45:32","Sales","Sell - Pre registration","Off-Plan","Free Hold","Residential","Madinat Al Mataar","Unit","Flat","1078000","65.19","65.19","1 B/R","1","","","","0","0","","AZIZI VENICE 3"
"102-81554-2026","2026-09-23 11:47:46","Sales","Sell - Pre registration","Off-Plan","Free Hold","Residential","Madinat Al Mataar","Unit","Flat","1086000","65.72","65.72","1 B/R","1","","","","0","0","","AZIZI VENICE 3"
"102-81555-2026","2026-09-23 11:44:06","Sales","Sell - Pre registration","Off-Plan","Free Hold","Residential","Al Hebiah First","Unit","Office","8471000","336.11","336.11","Office","6","","","","0","0","","O1NE District - Dawn"
"102-81556-2026","2026-09-23 11:44:47","Sales","Sell - Pre registration","Off-Plan","Free Hold","Residential","JUMEIRAH VILLAGE CIRCLE","Unit","Flat","1039088.15","55.28","55.28","1 B/R","1","Nakheel Metro Station","Marina Mall","Sports City Swimming Academy","0","0","","Lume Residences"
"102-81557-2026","2026-09-23 11:50:48","Sales","Sell - Pre registration","Off-Plan","Free Hold","Residential","BUSINESS BAY","Unit","Flat","1797143.59","71.01","71.01","1 B/R","1","Business Bay Metro Station","Dubai Mall","Downtown Dubai","0","0","","Urban Life"
"102-81558-2026","2026-09-23 11:50:51","Sales","Sell - Pre registration","Off-Plan","Free Hold","Residential","Al Hebiah First","Unit","Office","10035000","359.76","359.76","Office","5","","","","0","0","","O1NE District - Dawn"
"102-81559-2026","2026-09-23 11:52:09","Sales","Sell - Pre registration","Off-Plan","Free Hold","Residential","Madinat Al Mataar","Unit","Flat","1562888","91.95","91.95","2 B/R","1","","","","0","0","","Golf Vale"
"102-81560-2026","2026-09-23 11:54:45","Sales","Sell - Pre registration","Off-Plan","Free Hold","Residential","Jabal Ali Industrial Second","Unit","Flat","752047.86","37.71","37.71","Studio","1","","","","0","0","","RAW DISTRICT BY IMTIAZ R"
"102-81561-2026","2026-09-23 11:55:02","Sales","Sell - Pre registration","Off-Plan","Free Hold","Residential","JUMEIRAH VILLAGE CIRCLE","Unit","Flat","1865000","120.49","120.49","2 B/R","1","Nakheel Metro Station","Marina Mall","Sports City Swimming Academy","0","0","","HELVETIA RESIDENCES"
"102-81564-2026","2026-09-23 11:57:45","Sales","Sell - Pre registration","Off-Plan","Free Hold","Residential","JUMEIRAH VILLAGE CIRCLE","Unit","Flat","689356.8","37.86","37.86","Studio","1","Dubai Internet City","Mall of the Emirates","Sports City Swimming Academy","0","0","","OXFORD COVE"
"102-81565-2026","2026-09-23 11:59:25","Sales","Sell - Pre registration","Off-Plan","Free Hold","Residential","Al Hebiah First","Unit","Office","11083000","387.51","387.51","Office","7","","","","0","0","","O1NE District - Dawn"
"102-81566-2026","2026-09-23 12:03:52","Sales","Sell - Pre registration","Off-Plan","Free Hold","Residential","Madinat Al Mataar","Unit","Flat","1222650","68.14","68.14","1 B/R","1","","","","0","0","","AZIZI VENICE 11"
"102-81567-2026","2026-09-23 12:01:16","Sales","Sell - Pre registration","Off-Plan","Free Hold","Residential","DOWN TOWN JABAL ALI","Unit","Flat","690258.36","36.23","36.23","Studio","1","UAE Exchange Metro Station","Ibn-e-Battuta Mall","Expo 2020 Site","0","0","","RAW DISTRICT BY IMTIAZ CR"
"102-81568-2026","2026-09-23 12:01:42","Sales","Sell - Pre registration","Off-Plan","Free Hold","Residential","CITY OF ARABIA","Unit","Flat","1225000","75.13","75.13","1 B/R","1","","","IMG World Adventures","0","0","","Laguna Residence"
"102-81569-2026","2026-09-23 12:02:16","Sales","Sell - Pre registration","Off-Plan","Free Hold","Residential","DUBAI INDUSTRIAL CITY","Unit","Flat","1033061.67","69.41","69.41","1 B/R","1","","","Dubai Parks and Resorts","0","0","","Samana Hills South 3"
"102-81570-2026","2026-09-23 12:03:07","Sales","Sell - Pre registration","Off-Plan","Free Hold","Residential","Jabal Ali Industrial Second","Unit","Flat","743740.45","41.75","41.75","Studio","1","","","","0","0","","RAW DISTRICT 2 BY IMTIAZ"
"102-81571-2026","2026-09-23 12:06:19","Sales","Sell - Pre registration","Off-Plan","Free Hold","Residential","Jabal Ali Industrial Second","Unit","Flat","719154.8","36.71","36.71","Studio","1","","","","0","0","","RAW DISTRICT 2 BY IMTIAZ"
"102-81572-2026","2026-09-23 12:07:08","Sales","Sell - Pre registration","Off-Plan","Free Hold","Residential","Madinat Al Mataar","Building","Villa","4400000","338","338","4 B/R","","","","","0","0","","Hayat 2"
"102-81574-2026","2026-09-23 12:12:22","Sales","Sell - Pre registration","Off-Plan","Free Hold","Residential","DUBAI LAND RESIDENCE COMPLEX","Unit","Flat","1102435.29","71.06","71.06","1 B/R","1","","","IMG World Adventures","0","0","","Samana Parkville"
"102-81575-2026","2026-09-23 12:28:36","Sales","Sell - Pre registration","Off-Plan","Free Hold","Residential","Nad Al Shiba First","Building","Villa","8250000","333.07","333.07","3 B/R","","","","","0","0","","Nad Al Sheba Gardens Phase 3 "
"102-81576-2026","2026-09-23 12:13:22","Sales","Sell - Pre registration","Off-Plan","Free Hold","Residential","Business Bay","Unit","Flat","2666756","83.91","83.91","1 B/R","1","","","","0","0","","Downtown Residences"
"102-81577-2026","2026-09-23 12:13:56","Sales","Sell - Pre registration","Off-Plan","Free Hold","Residential","JUMEIRAH VILLAGE CIRCLE","Unit","Flat","842310","56.8","56.8","1 B/R","1","Dubai Internet City","Mall of the Emirates","Sports City Swimming Academy","0","0","","Azurline Residences by MAAS Developers "
"102-81578-2026","2026-09-23 12:14:22","Sales","Sell - Pre registration","Off-Plan","Free Hold","Residential","DUBAI SOUTH","Unit","Flat","1949000","136.72","136.72","2 B/R","1","","","Expo 2020 Site","0","0","","South Living"
"102-81580-2026","2026-09-23 12:18:08","Sales","Sell - Pre registration","Off-Plan","Free Hold","Residential","Jabal Ali Industrial Second","Unit","Office","1732665.89","78.31","78.31","NA","1","","","","0","0","","RAW DISTRICT 2 BY IMTIAZ"
"102-81581-2026","2026-09-23 12:18:23","Sales","Sell - Pre registration","Off-Plan","Free Hold","Residential","DUBAI INDUSTRIAL CITY","Unit","Flat","584955","35.38","35.38","Studio","1","","","Dubai Parks and Resorts","0","0","","Al Haseen Residence 4"
"102-81582-2026","2026-09-23 12:19:23","Sales","Sell - Pre registration","Off-Plan","Free Hold","Residential","Jabal Ali Industrial Second","Unit","Flat","1208177.28","63.2","63.2","1 B/R","1","","","","0","0","","RAW DISTRICT 2 BY IMTIAZ"
"102-81583-2026","2026-09-23 12:20:00","Sales","Sell - Pre registration","Off-Plan","Free Hold","Residential","Jabal Ali First","Unit","Flat","1832000","114.84","114.84","2 B/R","1","ENERGY Metro Station","Ibn-e-Battuta Mall","Expo 2020 Site","0","0","","South Garden B"
"102-81584-2026","2026-09-23 12:20:08","Sales","Sell - Pre registration","Off-Plan","Free Hold","Residential","MAJAN","Unit","Office","2200054.83","93.56","93.56","NA","1","","","IMG World Adventures","0","0","","Samana Barari Avenue"
"102-81585-2026","2026-09-23 12:24:08","Sales","Sell - Pre registration","Off-Plan","Free Hold","Residential","Jabal Ali Industrial Second","Unit","Office","1451588","73","73","NA","1","","","","0","0","","RAW DISTRICT 2 BY IMTIAZ"
"102-81586-2026","2026-09-23 12:25:20","Sales","Sell - Pre registration","Off-Plan","Free Hold","Residential","DUBAI SOUTH","Unit","Flat","582166","38.66","38.66","Studio","1","","","","0","0","","Nanma Lotus"
"102-81587-2026","2026-09-23 12:26:57","Sales","Sell - Pre registration","Off-Plan","Free Hold","Residential","JUMEIRAH VILLAGE CIRCLE","Unit","Flat","693036","37.66","37.66","Studio","1","Dubai Internet City","Mall of the Emirates","Sports City Swimming Academy","0","0","","OXFORD COVE"
"102-81588-2026","2026-09-23 12:27:34","Sales","Sell - Pre registration","Off-Plan","Free Hold","Residential","DUBAI STUDIO CITY","Unit","Hotel Rooms","315775","6.88","6.88","Studio","EU  0","Dubai Internet City","","Motor City","0","0","","The First Collection at Dubai Studio City"
"102-81589-2026","2026-09-23 12:28:13","Sales","Sell - Pre registration","Off-Plan","Free Hold","Residential","ARJAN","Unit","Flat","799000","40.97","40.97","Studio","1","Sharaf Dg Metro Station","Mall of the Emirates","Motor City","0","0","","Samana Imperial Garden"
"102-81590-2026","2026-09-23 12:29:01","Sales","Sell - Pre registration","Off-Plan","Free Hold","Residential","ARJAN","Unit","Flat","1903141.18","115.14","115.14","2 B/R","1","Sharaf Dg Metro Station","Mall of the Emirates","Motor City","0","0","","Samana Imperial Garden"
"102-81591-2026","2026-09-23 12:32:00","Sales","Sell - Pre registration","Off-Plan","Free Hold","Residential","Jabal Ali Industrial Second","Unit","Office","2107200","107.63","107.63","NA","2","","","","0","0","","RAW DISTRICT 2 BY IMTIAZ"
"102-81592-2026","2026-09-23 12:32:46","Sales","Sell - Pre registration","Off-Plan","Free Hold","Residential","DUBAI LAND RESIDENCE COMPLEX","Unit","Flat","1854317.65","135.94","135.94","2 B/R","1","","","IMG World Adventures","0","0","","Samana Parkville"
"102-81593-2026","2026-09-23 12:34:37","Sales","Sell - Pre registration","Off-Plan","Free Hold","Residential","DUBAI INDUSTRIAL CITY","Unit","Flat","921317.65","57.65","57.65","1 B/R","1","","","Dubai Parks and Resorts","0","0","","Samana South Haven"
"102-81594-2026","2026-09-23 12:45:43","Sales","Sell - Pre registration","Off-Plan","Free Hold","Residential","Madinat Al Mataar","Unit","Flat","713440","32.05","32.05","Studio","1","","","","0","0","","AZIZI VENICE 10"
"102-81595-2026","2026-09-23 12:43:00","Sales","Sell - Pre registration","Off-Plan","Free Hold","Residential","DUBAI STUDIO CITY","Unit","Flat","570000","32.2","32.2","Studio","1","Dubai Internet City","","Motor City","0","0","","BEACH OASIS 2"
"102-81596-2026","2026-09-23 12:36:19","Sales","Sell - Pre registration","Off-Plan","Free Hold","Residential","JUMEIRAH VILLAGE TRIANGLE","Unit","Flat","1050000","57.73","57.73","1 B/R","1","Harbour Tower","Ibn-e-Battuta Mall","Sports City Swimming Academy","0","0","","TREPPAN TOWER"
"102-81597-2026","2026-09-23 12:42:05","Sales","Sell - Pre registration","Off-Plan","Free Hold","Residential","ARJAN","Unit","Flat","782900","42.45","42.45","Studio","1","Sharaf Dg Metro Station","Mall of the Emirates","Motor City","0","0","","Marquis One"
"102-81598-2026","2026-09-23 12:42:30","Sales","Sell - Pre registration","Off-Plan","Free Hold","Residential","DUBAI INDUSTRIAL CITY","Unit","Flat","606400","35.21","35.21","Studio","1","","","Dubai Parks and Resorts","0","0","","Al Haseen Residence 4"
"102-81600-2026","2026-09-23 12:42:54","Sales","Sell - Pre registration","Off-Plan","Free Hold","Residential","DOWN TOWN JABAL ALI","Unit","Office","1824301.99","84.32","84.32","NA","1","UAE Exchange Metro Station","Ibn-e-Battuta Mall","Expo 2020 Site","0","0","","Samana Business Hub"
"102-81601-2026","2026-09-23 12:50:16","Sales","Sell - Pre registration","Off-Plan","Free Hold","Residential","DUBAI LAND RESIDENCE COMPLEX","Unit","Flat","1591470","125.24","125.24","2 B/R","1","","","IMG World Adventures","0","0","","VERDANIA 1"
"102-81602-2026","2026-09-23 12:50:17","Sales","Sell - Pre registration","Off-Plan","Free Hold","Residential","INTERNATIONAL CITY PH 2 & 3","Unit","Flat","1198330","78.04","78.04","1 B/R","1","Rashidiya Metro Station","City Centre Mirdif","","0","0","","MOONSA Residences"
"102-81603-2026","2026-09-23 13:00:19","Sales","Sell - Pre registration","Off-Plan","Free Hold","Residential","Madinat Al Mataar","Unit","Flat","595000","31.73","31.73","Studio","1","","","","0","0","","AZIZI VENICE 10"
"102-81604-2026","2026-09-23 13:01:30","Sales","Sell - Pre registration","Off-Plan","Free Hold","Residential","CITY OF ARABIA","Unit","Flat","588000","31.73","31.73","Studio","1","","","","0","0","","Azizi Milan 30"
"102-81605-2026","2026-09-23 12:54:40","Sales","Sell - Pre registration","Off-Plan","Free Hold","Residential","DOWN TOWN JABAL ALI","Unit","Flat","1189000","60.84","60.84","1 B/R","1","UAE Exchange Metro Station","Ibn-e-Battuta Mall","Expo 2020 Site","0","0","","Portside by Samana Developers"
"102-81606-2026","2026-09-23 12:57:20","Sales","Sell - Pre registration","Off-Plan","Free Hold","Residential","Al Khairan First","Unit","Flat","3316841","116.82","116.82","2 B/R","1","","","","0","0","","Valia"
"102-81607-2026","2026-09-23 13:00:50","Sales","Sell - Pre registration","Off-Plan","Free Hold","Residential","JUMEIRAH VILLAGE CIRCLE","Unit","Flat","1129024","71.25","71.25","1 B/R","1","Dubai Internet City","Mall of the Emirates","Sports City Swimming Academy","0","0","","OXFORD COVE"
"102-81609-2026","2026-09-23 13:14:29","Sales","Sell - Pre registration","Off-Plan","Free Hold","Residential","Madinat Al Mataar","Unit","Flat","590000","33.83","33.83","Studio","1","","","","0","0","","AZIZI VENICE 14"
"102-81611-2026","2026-09-23 14:17:27","Sales","Sell - Pre registration","Off-Plan","Free Hold","Residential","Wadi Al Safa 3","Unit","Flat","1600000","112.36","112.36","2 B/R","1","","","IMG World Adventures","0","0","","Rome by SD"
"102-81612-2026","2026-09-23 13:25:16","Sales","Sell - Pre registration","Off-Plan","Free Hold","Residential","JUMEIRAH VILLAGE CIRCLE","Unit","Flat","571830","31.54","31.54","Studio","1","Dubai Internet City","Mall of the Emirates","Sports City Swimming Academy","0","0","","Azurline Residences by MAAS Developers "
"102-81613-2026","2026-09-23 13:33:10","Sales","Sell - Pre registration","Off-Plan","Free Hold","Residential","Jabal Ali Industrial Second","Unit","Flat","790805.29","36.9","36.9","Studio","1","","","","0","0","","RAW DISTRICT 2 BY IMTIAZ"
"102-81614-2026","2026-09-23 13:34:14","Sales","Sell - Pre registration","Off-Plan","Free Hold","Residential","MAJAN","Unit","Shop","708645","70.08","70.08","NA","1","","","IMG World Adventures","0","0","","LAZORD BY LAPIS"
"102-81615-2026","2026-09-23 13:39:08","Sales","Sell - Pre registration","Off-Plan","Free Hold","Residential","Jabal Ali Industrial Second","Unit","Flat","1902173.24","104.05","104.05","2 B/R","1","","","","0","0","","RAW DISTRICT 2 BY IMTIAZ"
"102-81616-2026","2026-09-23 13:43:08","Sales","Sell - Pre registration","Off-Plan","Free Hold","Residential","Jabal Ali Industrial Second","Unit","Flat","1272168","65.66","65.66","1 B/R","1","","","","0","0","","RAW DISTRICT 2 BY IMTIAZ"
"102-81617-2026","2026-09-23 13:45:10","Sales","Sell - Pre registration","Off-Plan","Free Hold","Residential","Jabal Ali Industrial Second","Unit","Flat","731416","36.73","36.73","Studio","1","","","","0","0","","RAW DISTRICT 2 BY IMTIAZ"
"102-81618-2026","2026-09-23 13:48:20","Sales","Sell - Pre registration","Off-Plan","Free Hold","Residential","Al Hebiah Fifth","Unit","Flat","741080","37.54","37.54","Studio","1","","","","0","0","","DAMAC LAGOONS - LAGOON VIEWS 13"
"102-81619-2026","2026-09-23 13:50:44","Sales","Sell - Pre registration","Off-Plan","Free Hold","Residential","Madinat Al Mataar","Unit","Flat","1495000","99.67","99.67","2 B/R","1","","","","0","0","","The Collective"
"102-81620-2026","2026-09-23 13:52:50","Sales","Sell - Pre registration","Off-Plan","Free Hold","Residential","JUMEIRAH VILLAGE CIRCLE","Unit","Flat","1724800","138.96","138.96","2 B/R","1","Nakheel Metro Station","Marina Mall","Sports City Swimming Academy","0","0","","Legado By Prescott"
"102-81621-2026","2026-09-23 14:07:59","Sales","Sell - Pre registration","Off-Plan","Free Hold","Residential","ARJAN","Unit","Flat","765000","40","40","Studio","1","Sharaf Dg Metro Station","Mall of the Emirates","Motor City","0","0","","GARDENS 2"
"102-81622-2026","2026-09-23 14:26:12","Sales","Sell - Pre registration","Off-Plan","Free Hold","Residential","Madinat Al Mataar","Unit","Flat","630000","37.76","37.76","Studio","1","","","","0","0","","azizi venice 13 "
"102-81623-2026","2026-09-23 13:58:03","Sales","Sell - Pre registration","Off-Plan","Free Hold","Residential","Madinat Al Mataar","Unit","Flat","1150000","67.96","67.96","1 B/R","1","","","","0","0","","AZIZI VENICE 11"
"102-81624-2026","2026-09-23 14:00:11","Sales","Sell - Pre registration","Off-Plan","Free Hold","Residential","Jabal Ali Industrial Second","Unit","Flat","731418.4","36.93","36.93","Studio","1","","","","0","0","","RAW DISTRICT 2 BY IMTIAZ"
"102-81625-2026","2026-09-23 14:03:27","Sales","Sell - Pre registration","Off-Plan","Free Hold","Residential","Jabal Ali Industrial Second","Unit","Flat","762897.09","36.77","36.77","Studio","1","","","","0","0","","RAW DISTRICT 2 BY IMTIAZ"
"102-81626-2026","2026-09-23 14:03:29","Sales","Sell - Pre registration","Off-Plan","Free Hold","Residential","ARJAN","Unit","Flat","788352","40.78","40.78","Studio","1","Sharaf Dg Metro Station","Mall of the Emirates","Motor City","0","0","","Marquis One"
"102-81627-2026","2026-09-23 14:06:20","Sales","Sell - Pre registration","Off-Plan","Free Hold","Residential","Jabal Ali Industrial Second","Unit","Flat","695996.04","36.9","36.9","Studio","1","","","","0","0","","RAW DISTRICT 2 BY IMTIAZ"
"102-81629-2026","2026-09-23 14:07:14","Sales","Sell - Pre registration","Off-Plan","Free Hold","Residential","JUMEIRAH VILLAGE CIRCLE","Unit","Flat","607110","32.52","32.52","Studio","1","Dubai Internet City","Mall of the Emirates","Sports City Swimming Academy","0","0","","Azurline Residences by MAAS Developers "
"102-81630-2026","2026-09-23 14:08:04","Sales","Sell - Pre registration","Off-Plan","Free Hold","Residential","Madinat Al Mataar","Unit","Flat","1654888","70.61","70.61","1 B/R","1","","","","0","0","","Terra Woods"
"102-81631-2026","2026-09-23 14:08:54","Sales","Sell - Pre registration","Off-Plan","Free Hold","Residential","DUBAI SOUTH","Unit","Flat","440615","29.26","29.26","Studio","1","","","","0","0","","Nanma Lotus"
"102-81632-2026","2026-09-23 14:09:43","Sales","Sell - Pre registration","Off-Plan","Free Hold","Residential","Jabal Ali Industrial Second","Unit","Flat","692063.86","36.9","36.9","Studio","1","","","","0","0","","RAW DISTRICT 2 BY IMTIAZ"
"102-81633-2026","2026-09-23 14:09:41","Sales","Sell - Pre registration","Off-Plan","Free Hold","Residential","DUBAI STUDIO CITY","Unit","Flat","1528120","107.37","107.37","2 B/R","1","Sharaf Dg Metro Station","Mall of the Emirates","Motor City","0","0","","RYAH LIVING by ALYAKKA"
"102-81634-2026","2026-09-23 14:13:30","Sales","Sell - Pre registration","Off-Plan","Free Hold","Residential","JUMEIRAH VILLAGE TRIANGLE","Unit","Flat","1169900","62.47","62.47","1 B/R","1","Nakheel Metro Station","Marina Mall","Sports City Swimming Academy","0","0","MAISON ELYSEE III BY PANTHEON","VOXA RESIDENCES"
"102-81635-2026","2026-09-23 14:16:09","Sales","Sell - Pre registration","Off-Plan","Free Hold","Residential","INTERNATIONAL CITY PH 2 & 3","Unit","Flat","937717","77.69","77.69","1 B/R","1","","","","0","0","","Zenith Residences"
"102-81636-2026","2026-09-23 14:18:11","Sales","Sell - Pre registration","Off-Plan","Free Hold","Residential","Jabal Ali Industrial Second","Unit","Flat","1898873.24","104.03","104.03","2 B/R","1","","","","0","0","","RAW DISTRICT 2 BY IMTIAZ"
"102-81637-2026","2026-09-23 14:19:28","Sales","Sell - Pre registration","Off-Plan","Free Hold","Residential","Al Hebiah Fifth","Unit","Flat","1805000","109.6","109.6","2 B/R","1","","","","0","0","","DAMAC LAGOONS - VALENCIA"
"102-81638-2026","2026-09-23 14:38:13","Sales","Sell - Pre registration","Off-Plan","Free Hold","Residential","Madinat Al Mataar","Unit","Flat","999000","65.07","65.07","1 B/R","1","","","","0","0","","AZIZI VENICE 10"
"102-81639-2026","2026-09-23 14:20:21","Sales","Sell - Pre registration","Off-Plan","Free Hold","Residential","DOWN TOWN JABAL ALI","Unit","Flat","1388211.77","91.16","91.16","2 B/R","1","UAE Exchange Metro Station","Ibn-e-Battuta Mall","Expo 2020 Site","0","0","","Portside by Samana Developers"
"102-81640-2026","2026-09-23 14:21:21","Sales","Sell - Pre registration","Off-Plan","Free Hold","Residential","Al Hebiah Fifth","Unit","Flat","703640","35.25","35.25","Studio","1","","","","0","0","","DAMAC LAGOONS - LAGOON VIEWS 13"
"102-81641-2026","2026-09-23 14:22:40","Sales","Sell - Pre registration","Off-Plan","Free Hold","Residential","DUBAI SOUTH","Unit","Flat","500850","34.48","34.48","Studio","1","","","","0","0","","Astra Residences"
"102-81642-2026","2026-09-23 14:24:09","Sales","Sell - Pre registration","Off-Plan","Free Hold","Residential","PALM JUMEIRAH","Unit","Flat","60280800","945.22","945.22","4 B/R","5","","","","0","0","","Como Residences"
"102-81643-2026","2026-09-23 14:25:08","Sales","Sell - Pre registration","Off-Plan","Free Hold","Residential","ARJAN","Unit","Flat","692010","45.03","45.03","Studio","1","Sharaf Dg Metro Station","Mall of the Emirates","Motor City","0","0","","Ashley Hills"
"102-81644-2026","2026-09-23 14:25:23","Sales","Sell - Pre registration","Off-Plan","Free Hold","Residential","Al Hebiah Fifth","Unit","Flat","794000","37.69","37.69","Studio","1","","","","0","0","","DAMAC LAGOONS - VALENCIA"
"102-81645-2026","2026-09-23 14:27:11","Sales","Sell - Pre registration","Off-Plan","Free Hold","Residential","PALM JUMEIRAH","Unit","Flat","64884800","1071.84","1071.84","4 B/R","5","","","","0","0","","Como Residences"
"102-81646-2026","2026-09-23 14:34:52","Sales","Sell - Pre registration","Off-Plan","Free Hold","Residential","Madinat Al Mataar","Unit","Flat","999000","65.07","65.07","1 B/R","1","","","","0","0","","AZIZI VENICE 10"
"102-81648-2026","2026-09-23 14:30:11","Sales","Sell - Pre registration","Off-Plan","Free Hold","Residential","Al Hebiah Fifth","Unit","Flat","1736640","109.09","109.09","2 B/R","1","","","","0","0","","DAMAC LAGOONS - VALENCIA"
"102-81649-2026","2026-09-23 14:31:21","Sales","Sell - Pre registration","Off-Plan","Free Hold","Residential","DOWN TOWN JABAL ALI","Unit","Flat","1073141.18","58.31","58.31","1 B/R","1","UAE Exchange Metro Station","Ibn-e-Battuta Mall","Expo 2020 Site","0","0","","Portside by Samana Developers"
"102-81650-2026","2026-09-23 14:32:11","Sales","Sell - Pre registration","Off-Plan","Free Hold","Residential","PALM JUMEIRAH","Unit","Flat","11224000","310.04","310.04","2 B/R","2","Palm Jumeirah","Marina Mall","Burj Al Arab","0","0","","Palm Beach Towers -3"
"102-81651-2026","2026-09-23 14:34:16","Sales","Sell - Pre registration","Off-Plan","Free Hold","Residential","MEYDAN ONE","Unit","Flat","2828000","105.42","105.42","1 B/R","1","Buj Khalifa Dubai Mall Metro Station","Dubai Mall","Downtown Dubai","0","0","","Azizi Riviera Reve"
"102-81652-2026","2026-09-23 14:33:21","Sales","Sell - Pre registration","Off-Plan","Free Hold","Residential","Al Hebiah Fifth","Unit","Flat","1398400","87.12","87.12","1 B/R","1","","","","0","0","","DAMAC LAGOONS - VALENCIA"
"102-81653-2026","2026-09-23 14:36:21","Sales","Sell - Pre registration","Off-Plan","Free Hold","Residential","Al Hebiah Fifth","Unit","Flat","750780","37.74","37.74","Studio","1","","","","0","0","","DAMAC LAGOONS - VALENCIA"
"102-81654-2026","2026-09-23 14:37:16","Sales","Sell - Pre registration","Off-Plan","Free Hold","Residential","DOWN TOWN JABAL ALI","Unit","Flat","1159000.01","65.96","65.96","1 B/R","1","UAE Exchange Metro Station","Ibn-e-Battuta Mall","Expo 2020 Site","0","0","","Portside by Samana Developers"
"102-81655-2026","2026-09-23 14:38:23","Sales","Sell - Pre registration","Off-Plan","Free Hold","Residential","DOWN TOWN JABAL ALI","Unit","Shop","1816302.24","57.2","57.2","NA","1","UAE Exchange Metro Station","Ibn-e-Battuta Mall","Expo 2020 Site","0","0","","Samana Business Hub"
"102-81656-2026","2026-09-23 14:39:11","Sales","Sell - Pre registration","Off-Plan","Free Hold","Residential","DUBAI INDUSTRIAL CITY","Unit","Flat","599000.01","33.06","33.06","Studio","1","","","Dubai Parks and Resorts","0","0","","Samana South Haven"
"102-81657-2026","2026-09-23 14:40:23","Sales","Sell - Pre registration","Off-Plan","Free Hold","Residential","Al Yelayiss 1","Building","Villa","3559000","144","144","5 B/R","","","","","0","0","","DAMAC ISLANDS 2 - MAUI"
"102-81658-2026","2026-09-23 14:40:41","Sales","Sell - Pre registration","Off-Plan","Free Hold","Residential","DUBAI SOUTH","Unit","Flat","591677","38.44","38.44","Studio","1","","","","0","0","","Astra Residences"
"102-81660-2026","2026-09-23 14:42:25","Sales","Sell - Pre registration","Off-Plan","Free Hold","Residential","PALM JUMEIRAH","Unit","Flat","60940800","951.02","951.02","4 B/R","5","","","","0","0","","Como Residences"
"102-81661-2026","2026-09-23 14:44:29","Sales","Sell - Pre registration","Off-Plan","Free Hold","Residential","Al Hebiah Fifth","Unit","Flat","1144880","70.46","70.46","1 B/R","1","","","","0","0","","DAMAC LAGOONS - VALENCIA"
"102-81662-2026","2026-09-23 14:45:46","Sales","Sell - Pre registration","Off-Plan","Free Hold","Residential","MEYDAN ONE","Unit","Flat","3431400","112.84","112.84","2 B/R","1","Buj Khalifa Dubai Mall Metro Station","Dubai Mall","Downtown Dubai","0","0","","Azizi Riviera Reve"
"102-81663-2026","2026-09-23 14:45:11","Sales","Sell - Pre registration","Off-Plan","Free Hold","Residential","Jabal Ali Industrial Second","Unit","Flat","1749142.6","104.02","104.02","2 B/R","1","","","","0","0","","RAW DISTRICT 2 BY IMTIAZ"
"102-81664-2026","2026-09-23 14:45:24","Sales","Sell - Pre registration","Off-Plan","Free Hold","Residential","ARJAN","Unit","Flat","719000.36","45.03","45.03","Studio","1","Sharaf Dg Metro Station","Mall of the Emirates","Motor City","0","0","","Ashley Hills"
"102-81665-2026","2026-09-23 14:49:54","Sales","Sell - Pre registration","Off-Plan","Free Hold","Residential","JUMEIRAH VILLAGE CIRCLE","Unit","Flat","680000","39.48","39.48","Studio","1","Dubai Internet City","Mall of the Emirates","Sports City Swimming Academy","0","0","","Samha Residence 2"
"102-81666-2026","2026-09-23 14:51:22","Sales","Sell - Pre registration","Off-Plan","Free Hold","Residential","DUBAI LAND RESIDENCE COMPLEX","Unit","Flat","422820","27.09","27.09","Studio","1","","","","0","0","","Terra Tower"
"102-81667-2026","2026-09-23 14:56:15","Sales","Sell - Pre registration","Off-Plan","Free Hold","Residential","JUMEIRAH VILLAGE CIRCLE","Unit","Flat","1270272","76.87","76.87","1 B/R","1","Dubai Internet City","Mall of the Emirates","Sports City Swimming Academy","0","0","","OXFORD COVE"
"102-81668-2026","2026-09-23 14:56:21","Sales","Sell - Pre registration","Off-Plan","Free Hold","Residential","DUBAI LAND RESIDENCE COMPLEX","Unit","Flat","595991","32.57","32.57","Studio","1","","","","0","0","","Terra Tower"
"102-81669-2026","2026-09-23 14:58:04","Sales","Sell - Pre registration","Off-Plan","Free Hold","Residential","Jabal Ali Industrial Second","Unit","Flat","723106.2","36.71","36.71","Studio","1","","","","0","0","","RAW DISTRICT 2 BY IMTIAZ"
"102-81670-2026","2026-09-23 14:59:19","Sales","Sell - Pre registration","Off-Plan","Free Hold","Residential","BUSINESS BAY","Unit","Flat","3022937","95.35","95.35","1 B/R","1","Business Bay Metro Station","Dubai Mall","Downtown Dubai","0","0","","DG1 Living "
"102-81671-2026","2026-09-23 15:00:52","Sales","Sell - Pre registration","Off-Plan","Free Hold","Residential","Al Hebiah Fifth","Unit","Flat","1322000","75.09","75.09","1 B/R","1","","","","0","0","","DAMAC LAGOONS - VALENCIA"
"102-81672-2026","2026-09-23 15:02:02","Sales","Sell - Pre registration","Off-Plan","Free Hold","Residential","Jabal Ali Industrial Second","Unit","Flat","1981510.67","139.98","139.98","3 B/R","2","","","","0","0","","RAW DISTRICT 2 BY IMTIAZ"
"102-81673-2026","2026-09-23 15:06:08","Sales","Sell - Pre registration","Off-Plan","Free Hold","Residential","Jabal Ali First","Unit","Flat","1572000","78.04","78.04","1 B/R","1","","","","0","0","","Boulevard Park 2"
"102-81674-2026","2026-09-23 15:18:52","Sales","Sell - Pre registration","Off-Plan","Free Hold","Residential","JUMEIRAH VILLAGE CIRCLE","Unit","Flat","1217344","76.87","76.87","1 B/R","1","Dubai Internet City","Mall of the Emirates","Sports City Swimming Academy","0","0","","OXFORD COVE"
"102-81675-2026","2026-09-23 15:58:19","Sales","Sell - Pre registration","Off-Plan","Free Hold","Residential","Al Yufrah 1","Building","Villa","5050000","497.71","497.71","5 B/R","","","","","0","0","","The Valley - Rivana"
"102-81676-2026","2026-09-23 15:24:21","Sales","Sell - Pre registration","Off-Plan","Free Hold","Residential","Al Hebiah Fifth","Unit","Flat","1263360","74.49","74.49","1 B/R","1","","","","0","0","","DAMAC LAGOONS - LAGOON VIEWS 13"
"102-81677-2026","2026-09-23 15:30:09","Sales","Sell - Pre registration","Off-Plan","Free Hold","Residential","Jabal Ali Industrial Second","Unit","Flat","764503.36","37","37","Studio","1","","","","0","0","","RAW DISTRICT 2 BY IMTIAZ"
"102-81678-2026","2026-09-23 15:30:56","Sales","Sell - Pre registration","Off-Plan","Free Hold","Residential","DUBAI LAND RESIDENCE COMPLEX","Unit","Flat","1087488","71.24","71.24","1 B/R","1","","","","0","0","","Havencia"
"102-81679-2026","2026-09-23 15:33:36","Sales","Sell - Pre registration","Off-Plan","Free Hold","Residential","CITY OF ARABIA","Unit","Flat","587000","32.44","32.44","Studio","1","","","IMG World Adventures","0","0","","Azizi Milan 28"
"102-81681-2026","2026-09-23 15:33:12","Sales","Sell - Pre registration","Off-Plan","Free Hold","Residential","Jabal Ali Industrial Second","Unit","Flat","742523.93","42.22","42.22","Studio","1","","","","0","0","","RAW DISTRICT 2 BY IMTIAZ"
"102-81682-2026","2026-09-23 15:38:12","Sales","Sell - Pre registration","Off-Plan","Free Hold","Residential","BUSINESS BAY","Unit","Flat","2971286.77","146.29","146.29","2 B/R","1","Business Bay Metro Station","Dubai Mall","Downtown Dubai","0","0","","Urban Life"
"102-81683-2026","2026-09-23 15:39:18","Sales","Sell - Pre registration","Off-Plan","Free Hold","Residential","Al Hebiah First","Unit","Flat","1050000","69.8","69.8","1 B/R","1","","","","0","0","","Binghatti Skyterraces"
"102-81684-2026","2026-09-23 15:43:25","Sales","Sell - Pre registration","Off-Plan","Free Hold","Residential","Madinat Al Mataar","Unit","Flat","1194120","67.33","67.33","1 B/R","1","","","","0","0","","AZIZI VENICE 14"
"102-81685-2026","2026-09-23 15:42:04","Sales","Sell - Pre registration","Off-Plan","Free Hold","Residential","DUBAI LAND RESIDENCE COMPLEX","Unit","Flat","1043250","66.86","66.86","1 B/R","1","","","","0","0","","Terra Tower"
"102-81686-2026","2026-09-23 15:43:23","Sales","Sell - Pre registration","Off-Plan","Free Hold","Residential","JUMEIRAH VILLAGE CIRCLE","Unit","Flat","786931.2","38.46","38.46","Studio","1","Dubai Internet City","Mall of the Emirates","Sports City Swimming Academy","0","0","","OXFORD COVE"
"102-81687-2026","2026-09-24 09:56:51","Sales","Sell - Pre registration","Off-Plan","Free Hold","Residential","Wadi Al Safa 4","Unit","Flat","3500000","209.25","209.25","3 B/R","2","","","","0","0","","Serra"
"102-81688-2026","2026-09-23 15:48:58","Sales","Sell - Pre registration","Off-Plan","Free Hold","Residential","BUSINESS BAY","Unit","Flat","2000000","75.31","75.31","1 B/R","1","Business Bay Metro Station","Dubai Mall","Downtown Dubai","0","0","","Binghatti Aquarise"
"102-81689-2026","2026-09-23 15:49:50","Sales","Sell - Pre registration","Off-Plan","Free Hold","Residential","Al Hebiah First","Unit","Flat","896999","46.41","46.41","Studio","1","","","","0","0","","Binghatti Skyterraces"
"102-81690-2026","2026-09-23 15:55:34","Sales","Sell - Pre registration","Off-Plan","Free Hold","Residential","MAJAN","Unit","Flat","1050000","66.63","66.63","1 B/R","1","","","IMG World Adventures","0","0","","Binghatti Skyflame 2"
"102-81691-2026","2026-09-23 15:57:24","Sales","Sell - Pre registration","Off-Plan","Free Hold","Residential","BUSINESS PARK","Unit","Flat","2380000","57.27","57.27","1 B/R","1","Creek Metro Station","Dubai Mall","Downtown Dubai","0","0","","Maybach Ultimate Luxury "
"102-81692-2026","2026-09-23 15:57:54","Sales","Sell - Pre registration","Off-Plan","Free Hold","Residential","ARJAN","Unit","Flat","826999","34.01","34.01","Studio","1","Sharaf Dg Metro Station","Mall of the Emirates","Motor City","0","0","","Binghatti Hillcrest"
"102-81693-2026","2026-09-23 16:01:41","Sales","Sell - Pre registration","Off-Plan","Free Hold","Residential","Al Hebiah First","Unit","Flat","1100000","69.41","69.41","1 B/R","1","","","","0","0","","Binghatti Skyterraces"
"102-81695-2026","2026-09-23 16:02:18","Sales","Sell - Pre registration","Off-Plan","Free Hold","Residential","INTERNATIONAL CITY PH 2 & 3","Unit","Flat","540000","43.4","43.4","Studio","1  0","Rashidiya Metro Station","City Centre Mirdif","","0","0","","SADAAT TOWER"
"102-81696-2026","2026-09-23 16:02:32","Sales","Sell - Pre registration","Off-Plan","Free Hold","Residential","JUMEIRAH VILLAGE CIRCLE","Unit","Flat","1235040","77.13","77.13","1 B/R","1","Dubai Internet City","Mall of the Emirates","Sports City Swimming Academy","0","0","","OXFORD COVE"
"102-81697-2026","2026-09-23 16:04:08","Sales","Sell - Pre registration","Off-Plan","Free Hold","Residential","CITY OF ARABIA","Unit","Flat","744325","99.18","99.18","2 B/R","1","","","IMG World Adventures","0","0","","Laguna Residence"
"102-81698-2026","2026-09-23 16:06:10","Sales","Sell - Pre registration","Off-Plan","Free Hold","Residential","FALCON CITY OF WONDERS","Unit","Flat","1180000","76.44","76.44","1 B/R","1","","","IMG World Adventures","0","0","","Sakura Gardens by HRE "
"102-81699-2026","2026-09-23 16:08:12","Sales","Sell - Pre registration","Off-Plan","Free Hold","Residential","SAMA AL JADAF","Unit","Flat","1250000","61.6","61.6","1 B/R","1","Al Jadaf Metro Station","Dubai Mall","Downtown Dubai","0","0","","Binghatti Wraith"
"102-81700-2026","2026-09-23 16:08:56","Sales","Sell - Pre registration","Off-Plan","Free Hold","Residential","MAJAN","Unit","Flat","1050000","66.63","66.63","1 B/R","1","","","IMG World Adventures","0","0","","Binghatti Skyflame 2"
"102-81701-2026","2026-09-23 16:11:00","Sales","Sell - Pre registration","Off-Plan","Free Hold","Residential","INTERNATIONAL CITY PH 2 & 3","Unit","Flat","520000","40.56","40.56","Studio","1  0","Rashidiya Metro Station","City Centre Mirdif","","0","0","","SADAAT TOWER"
"102-81702-2026","2026-09-23 16:11:26","Sales","Sell - Pre registration","Off-Plan","Free Hold","Residential","Wadi Al Safa 3","Building","Villa","21945000","559.49","559.49","5 B/R","","","","","0","0","","Mira Villas designed by Bentley Home"
"102-81703-2026","2026-09-23 16:13:43","Sales","Sell - Pre registration","Off-Plan","Free Hold","Residential","MAJAN","Unit","Flat","1050000","67.16","67.16","1 B/R","1","","","IMG World Adventures","0","0","","Binghatti Skyflame 1"
"102-81704-2026","2026-09-23 16:16:08","Sales","Sell - Pre registration","Off-Plan","Free Hold","Residential","JUMEIRAH VILLAGE TRIANGLE","Unit","Flat","1020000","60.48","60.48","1 B/R","1","Damac Properties","Marina Mall","Sports City Swimming Academy","0","0","","Binghatti Luxuria"
"102-81705-2026","2026-09-23 16:16:38","Sales","Sell - Pre registration","Off-Plan","Free Hold","Residential","JUMEIRAH VILLAGE CIRCLE","Unit","Flat","1706221","115.84","115.84","2 B/R","1","Dubai Internet City","Mall of the Emirates","Sports City Swimming Academy","0","0","","Tetris Tower"
"102-81706-2026","2026-09-23 16:19:16","Sales","Sell - Pre registration","Off-Plan","Free Hold","Residential","BUSINESS PARK","Unit","Flat","3100000","113.94","113.94","2 B/R","1","Creek Metro Station","Dubai Mall","Downtown Dubai","0","0","","Project Maybach"
"102-81707-2026","2026-09-23 16:24:31","Sales","Sell - Pre registration","Off-Plan","Free Hold","Residential","Al Hebiah First","Unit","Flat","1100000","67.94","67.94","1 B/R","1","","","","0","0","","Binghatti Skyterraces"
"102-81708-2026","2026-09-23 16:25:17","Sales","Sell - Pre registration","Off-Plan","Free Hold","Residential","BUSINESS BAY","Unit","Flat","2000000","77.59","77.59","1 B/R","1","Business Bay Metro Station","Dubai Mall","Downtown Dubai","0","0","","Binghatti Aquarise"
"102-81709-2026","2026-09-23 16:32:00","Sales","Sell - Pre registration","Off-Plan","Free Hold","Residential","DOWN TOWN JABAL ALI","Unit","Hotel Apartment","532620","32.38","32.38","Studio","1","UAE Exchange Metro Station","Ibn-e-Battuta Mall","Expo 2020 Site","0","0","","Azizi Abraham"
"102-81710-2026","2026-09-23 16:28:28","Sales","Sell - Pre registration","Off-Plan","Free Hold","Residential","BUSINESS BAY","Unit","Flat","2000000","77.59","77.59","1 B/R","1","Business Bay Metro Station","Dubai Mall","Downtown Dubai","0","0","","Binghatti Aquarise"
"102-81716-2026","2026-09-23 16:40:54","Sales","Sell - Pre registration","Off-Plan","Free Hold","Residential","Zaabeel Second","Unit","Flat","6348650","160.24","160.24","2 B/R","1","Financial Centre","Dubai Mall","Burj Khalifa","0","0","","Akala Hotels and Residences"
"102-81717-2026","2026-09-24 00:00:00","Sales","Sell - Pre registration","Off-Plan","Free Hold","Residential","SAMA AL JADAF","Unit","Flat","1320000","75.62","75.62","1 B/R","1","Al Jadaf Metro Station","Dubai Mall","Downtown Dubai","0","0","","Binghatti Wraith"
"102-81718-2026","2026-09-23 16:43:53","Sales","Sell - Pre registration","Off-Plan","Free Hold","Residential","INTERNATIONAL CITY PH 2 & 3","Unit","Flat","845000","65.4","65.4","1 B/R","1","","","","0","0","","Chapter 01 By Newbury Developments"
"102-81720-2026","2026-09-23 16:45:02","Sales","Sell - Pre registration","Off-Plan","Free Hold","Residential","JUMEIRAH VILLAGE CIRCLE","Unit","Flat","1204070.4","74.69","74.69","1 B/R","1","Dubai Internet City","Mall of the Emirates","Sports City Swimming Academy","0","0","","OXFORD COVE"
"102-81721-2026","2026-09-23 16:45:12","Sales","Sell - Pre registration","Off-Plan","Free Hold","Residential","BUSINESS PARK","Unit","Flat","4493700","193.38","193.38","2 B/R","1","Creek Metro Station","Dubai Mall","Downtown Dubai","0","0","","Vision Iconic"
"102-81722-2026","2026-09-23 16:54:29","Sales","Sell - Pre registration","Off-Plan","Free Hold","Residential","Madinat Al Mataar","Unit","Flat","1217580","67.15","67.15","1 B/R","1","","","","0","0","","azizi venice 12"
"102-81724-2026","2026-09-23 16:50:54","Sales","Sell - Pre registration","Off-Plan","Free Hold","Residential","JUMEIRAH VILLAGE TRIANGLE","Unit","Flat","1123151","60.83","60.83","1 B/R","1","Jumeirah Lakes Towers","Marina Mall","Sports City Swimming Academy","0","0","","Santorini Residences by Loutraki"
"102-81726-2026","2026-09-23 16:54:24","Sales","Sell - Pre registration","Off-Plan","Free Hold","Residential","BUSINESS PARK","Unit","Flat","4067000","96.37","96.37","2 B/R","1","Creek Metro Station","Dubai Mall","Downtown Dubai","0","0","","Vision Iconic"
"102-81728-2026","2026-09-23 16:57:24","Sales","Sell - Pre registration","Off-Plan","Free Hold","Residential","BUSINESS PARK","Unit","Flat","3100000","91.17","91.17","2 B/R","1","Creek Metro Station","Dubai Mall","Downtown Dubai","0","0","","Maybach Six"
"102-81729-2026","2026-09-23 16:58:07","Sales","Sell - Pre registration","Off-Plan","Free Hold","Residential","Jabal Ali First","Unit","Flat","1541050","155.51","155.51","2 B/R","1","","","","0","0","","Trussardi Residences 2"
"102-81730-2026","2026-09-23 16:59:23","Sales","Sell - Pre registration","Off-Plan","Free Hold","Residential","SAMA AL JADAF","Unit","Flat","2134999","103.54","103.54","2 B/R","1","Al Jadaf Metro Station","Dubai Mall","Downtown Dubai","0","0","","Binghatti Wraith"
"102-81731-2026","2026-09-23 16:59:25","Sales","Sell - Pre registration","Off-Plan","Free Hold","Residential","Palm Deira","Unit","Flat","9570733","330.73","330.73","4 B/R","2  0","","","","0","0","","THE TIDES BY AMIS"
"102-81734-2026","2026-09-23 17:07:25","Sales","Sell - Pre registration","Off-Plan","Free Hold","Residential","JUMEIRAH VILLAGE CIRCLE","Unit","Flat","695267","70.01","70.01","1 B/R","1","Dubai Internet City","Marina Mall","Sports City Swimming Academy","0","0","","Iridian Park 2"
"102-81735-2026","2026-09-23 17:08:33","Sales","Sell - Pre registration","Off-Plan","Free Hold","Residential","MAJAN","Unit","Flat","1050000","67.18","67.18","1 B/R","1","","","IMG World Adventures","0","0","","Binghatti Skyflame 1"
"102-81736-2026","2026-09-23 17:09:33","Sales","Sell - Pre registration","Off-Plan","Free Hold","Residential","MAJAN","Unit","Flat","769000.01","39.22","39.22","Studio","","","","IMG World Adventures","0","0","","Samana Barari Heights"
"102-81737-2026","2026-09-23 17:11:08","Sales","Sell - Pre registration","Off-Plan","Free Hold","Residential","CITY OF ARABIA","Unit","Flat","696350","40.14","40.14","Studio","1","","","IMG World Adventures","0","0","","Laguna Residence"
"102-81738-2026","2026-09-23 17:12:12","Sales","Sell - Pre registration","Off-Plan","Free Hold","Residential","MAJAN","Unit","Flat","750000","68.82","68.82","1 B/R","1","","","","0","0","","Samana Barari Views 2"
"102-81739-2026","2026-09-23 17:15:12","Sales","Sell - Pre registration","Off-Plan","Free Hold","Residential","DUBAI STUDIO CITY","Unit","Flat","2200000.01","162.42","162.42","2 B/R","1","","","Motor City","0","0","","Samana Mykonos"
"102-81740-2026","2026-09-23 17:15:13","Sales","Sell - Pre registration","Off-Plan","Free Hold","Residential","CITY OF ARABIA","Unit","Flat","745232.19","41.91","41.91","Studio","1","","","IMG World Adventures","0","0","","Laguna Residence"
"102-81741-2026","2026-09-23 17:16:31","Sales","Sell - Pre registration","Off-Plan","Free Hold","Residential","Al Hebiah First","Unit","Flat","1050000","65.63","65.63","1 B/R","1","","","","0","0","","Binghatti Skyterraces"
"102-81742-2026","2026-09-23 17:18:10","Sales","Sell - Pre registration","Off-Plan","Free Hold","Residential","Al Hebiah Fifth","Unit","Flat","1205760","70.07","70.07","1 B/R","1","","","","0","0","","DAMAC LAGOONS - VALENCIA"
"102-81744-2026","2026-09-23 17:47:17","Sales","Sell - Pre registration","Off-Plan","Free Hold","Residential","DOWN TOWN JABAL ALI","Unit","Flat","659269","37.97","37.97","Studio","1","UAE Exchange Metro Station","Ibn-e-Battuta Mall","Expo 2020 Site","0","0","","ELEVE BY DEYAAR"
"102-81745-2026","2026-09-23 17:24:24","Sales","Sell - Pre registration","Off-Plan","Free Hold","Residential","Al Hebiah Fifth","Unit","Flat","1116950","67.97","67.97","1 B/R","1","","","","0","0","","DAMAC LAGOONS - VALENCIA"
"102-81746-2026","2026-09-23 17:30:10","Sales","Sell - Pre registration","Off-Plan","Free Hold","Residential","Al Hebiah Fifth","Unit","Flat","1259520","73.61","73.61","1 B/R","1","","","","0","0","","DAMAC LAGOONS - VALENCIA"
"102-81747-2026","2026-09-23 17:33:22","Sales","Sell - Pre registration","Off-Plan","Free Hold","Residential","Al Hebiah Fifth","Unit","Flat","754000","37.53","37.53","Studio","1","","","","0","0","","DAMAC LAGOONS - VALENCIA"
"102-81748-2026","2026-09-23 17:40:43","Sales","Sell - Pre registration","Off-Plan","Free Hold","Residential","Jabal Ali Industrial Second","Unit","Flat","595650","30.99","30.99","Studio","1","","","","0","0","","Azizi Wares"
"102-81749-2026","2026-09-23 17:39:14","Sales","Sell - Pre registration","Off-Plan","Free Hold","Residential","Al Hebiah Fifth","Unit","Flat","748000","37.53","37.53","Studio","1","","","","0","0","","DAMAC LAGOONS - LAGOON VIEWS 13"
"102-81750-2026","2026-09-23 17:40:25","Sales","Sell - Pre registration","Off-Plan","Free Hold","Residential","JUMEIRAH VILLAGE CIRCLE","Unit","Flat","1082900","73.5","73.5","1 B/R","1","Dubai Internet City","Mall of the Emirates","Sports City Swimming Academy","0","0","","Beverly Crown"
"102-81751-2026","2026-09-23 17:42:23","Sales","Sell - Pre registration","Off-Plan","Free Hold","Residential","Bukadra","Unit","Flat","7351097","259.18","259.18","3 B/R","2","","","","0","0","","SKYSCAPE"
"102-81752-2026","2026-09-23 17:45:23","Sales","Sell - Pre registration","Off-Plan","Free Hold","Residential","DUBAI LAND RESIDENCE COMPLEX","Unit","Flat","541172.91","38.15","38.15","Studio","1","","","IMG World Adventures","0","0","","Saray prime residence"
"102-81754-2026","2026-09-23 17:48:11","Sales","Sell - Pre registration","Off-Plan","Free Hold","Residential","Al Hebiah Fifth","Unit","Flat","727500","36.74","36.74","Studio","1","","","","0","0","","DAMAC LAGOONS - LAGOON VIEWS 13"
"102-81756-2026","2026-09-23 17:51:56","Sales","Sell - Pre registration","Off-Plan","Free Hold","Residential","Al Hebiah Fifth","Unit","Flat","1274880","75.41","75.41","1 B/R","1","","","","0","0","","DAMAC LAGOONS - LAGOON VIEWS 13"
"102-81757-2026","2026-09-23 17:53:16","Sales","Sell - Pre registration","Off-Plan","Free Hold","Residential","BUSINESS PARK","Unit","Flat","6729300","238.38","238.38","3 B/R","2","Creek Metro Station","Dubai Mall","Downtown Dubai","0","0","","Vision Iconic"
"102-81758-2026","2026-09-23 17:54:23","Sales","Sell - Pre registration","Off-Plan","Free Hold","Residential","Al Hebiah Fifth","Unit","Flat","1208640","68.97","68.97","1 B/R","1","","","","0","0","","DAMAC LAGOONS - VALENCIA"
"102-81759-2026","2026-09-23 17:58:12","Sales","Sell - Pre registration","Off-Plan","Free Hold","Residential","JUMEIRAH VILLAGE CIRCLE","Unit","Flat","1144750","72.2","72.2","1 B/R","1","Nakheel Metro Station","Marina Mall","Sports City Swimming Academy","0","0","","105 Residences by Kamdar"
"102-81760-2026","2026-09-23 18:00:23","Sales","Sell - Pre registration","Off-Plan","Free Hold","Residential","Dubai Investment Park Second","Unit","Flat","1433280","82.41","82.41","1 B/R","1","","","","0","0","","DAMAC RIVERSIDE VIEWS - CAPRI 2"
"102-81761-2026","2026-09-23 18:04:33","Sales","Sell - Pre registration","Off-Plan","Free Hold","Residential","Bukadra","Unit","Flat","1314628","46.35","46.35","1 B/R","1","","","","0","0","","330 Riverside Crescent"
"102-81762-2026","2026-09-23 18:06:52","Sales","Sell - Pre registration","Off-Plan","Free Hold","Residential","DUBAI PRODUCTION CITY","Unit","Flat","734952.6","38.28","38.28","Studio","1","Damac Properties","Marina Mall","Sports City Swimming Academy","0","0","","Reef 996"
"102-81763-2026","2026-09-23 18:09:13","Sales","Sell - Pre registration","Off-Plan","Free Hold","Residential","Al Merkadh","Unit","Flat","1631295","79.5","79.5","1 B/R","1","","","","0","0","","Sobha Creek Vistas Heights"
"102-81765-2026","2026-09-23 18:11:48","Sales","Sell - Pre registration","Off-Plan","Free Hold","Residential","DUBAI LAND RESIDENCE COMPLEX","Unit","Flat","645000","39.68","39.68","Studio","1","","","IMG World Adventures","0","0","","Beverly Park "
"102-81766-2026","2026-09-23 18:12:59","Sales","Sell - Pre registration","Off-Plan","Free Hold","Residential","CITY OF ARABIA","Unit","Flat","829350","44.59","44.59","Studio","1","","","IMG World Adventures","0","0","","Laguna Residence"
"102-81767-2026","2026-09-23 18:15:23","Sales","Sell - Pre registration","Off-Plan","Free Hold","Residential","DMCC-EZ2","Unit","Flat","5086668","154.94","154.94","3 B/R","2","Harbour Tower","Marina Mall","Sports City Swimming Academy","0","0","","Sobha Central Phase II"
"102-81768-2026","2026-09-23 18:17:49","Sales","Sell - Pre registration","Off-Plan","Free Hold","Residential","Bukadra","Unit","Flat","2970139","92.62","92.62","2 B/R","1","","","","0","0","","Skyvue"
"102-81769-2026","2026-09-23 18:18:11","Sales","Sell - Pre registration","Off-Plan","Free Hold","Residential","SILICON OASIS","Unit","Flat","2300000","131.63","131.63","3 B/R","2","","","IMG World Adventures","0","0","","Timez By Danube"
"102-81770-2026","2026-09-23 18:25:22","Sales","Sell - Pre registration","Off-Plan","Free Hold","Residential","DMCC-EZ2","Unit","Flat","2716716","88.87","88.87","2 B/R","1","Harbour Tower","Marina Mall","Sports City Swimming Academy","0","0","","Sobha Central Phase I"
"102-81771-2026","2026-09-23 18:26:06","Sales","Sell - Pre registration","Off-Plan","Free Hold","Residential","DUBAI PRODUCTION CITY","Unit","Flat","1165858.09","64.87","64.87","1 B/R","1","Damac Properties","Marina Mall","Sports City Swimming Academy","0","0","","Reef 996"
"102-81772-2026","2026-09-23 18:28:06","Sales","Sell - Pre registration","Off-Plan","Free Hold","Residential","DUBAI SOUTH","Unit","Flat","588000","34.5","34.5","Studio","1  0","","","Expo 2020 Site","0","0","","THE EIGHTY THREE"
"102-81773-2026","2026-09-23 18:31:53","Sales","Sell - Pre registration","Off-Plan","Free Hold","Residential","DMCC-EZ2","Unit","Flat","2697274","88.86","88.86","2 B/R","1","Harbour Tower","Marina Mall","Sports City Swimming Academy","0","0","","Sobha Central Phase I"
"102-81774-2026","2026-09-23 18:29:07","Sales","Sell - Pre registration","Off-Plan","Free Hold","Residential","DUBAI PRODUCTION CITY","Unit","Flat","1165858.09","64.87","64.87","1 B/R","1","Damac Properties","Marina Mall","Sports City Swimming Academy","0","0","","Reef 996"
"102-81775-2026","2026-09-23 18:36:28","Sales","Sell - Pre registration","Off-Plan","Free Hold","Residential","DMCC-EZ2","Unit","Flat","2182378","69.08","69.08","1 B/R","1","Harbour Tower","Marina Mall","Sports City Swimming Academy","0","0","","Sobha Central Phase II"
"102-81776-2026","2026-09-23 18:40:33","Sales","Sell - Pre registration","Off-Plan","Free Hold","Residential","Al Hebiah First","Unit","Flat","1100000","76.94","76.94","1 B/R","1","","","","0","0","","Binghatti Skyterraces"
"102-81777-2026","2026-09-23 18:48:15","Sales","Sell - Pre registration","Off-Plan","Free Hold","Residential","Jabal Ali First","Unit","Flat","2093642","59.94","59.94","1 B/R","1","","","","0","0","","Sobha Central "
"102-81778-2026","2026-09-23 19:07:06","Sales","Sell - Pre registration","Off-Plan","Free Hold","Residential","PALM DEIRA","Unit","Hotel Apartment","2415714.29","82.36","82.36","1 B/R","1  0","Palm Deira Metro Stations","","Dubai International Airport","0","0","","Villa del Garda Residences"
"102-81779-2026","2026-09-23 19:11:08","Sales","Sell - Pre registration","Off-Plan","Free Hold","Residential","DUBAI PRODUCTION CITY","Unit","Flat","1022000","65.41","65.41","1 B/R","1  0","Damac Properties","Marina Mall","Sports City Swimming Academy","0","0","","EIRA"
"102-81780-2026","2026-09-23 19:33:13","Sales","Sell - Pre registration","Off-Plan","Free Hold","Residential","DUBAI PRODUCTION CITY","Unit","Flat","985000","64.67","64.67","1 B/R","1  0","Damac Properties","Marina Mall","Sports City Swimming Academy","0","0","","EIRA"
"102-81781-2026","2026-09-23 19:34:27","Sales","Sell - Pre registration","Off-Plan","Free Hold","Residential","Wadi Al Safa 3","Unit","Flat","2010000","128.77","128.77","2 B/R","1  0","","","","0","0","","Art House Private Residences By Viva"
"102-81782-2026","2026-09-23 19:47:35","Sales","Sell - Pre registration","Off-Plan","Free Hold","Residential","DUBAI PRODUCTION CITY","Unit","Flat","1151000","77.5","77.5","1 B/R","1  0","Damac Properties","Marina Mall","Sports City Swimming Academy","0","0","","EIRA"
"102-81783-2026","2026-09-23 19:51:25","Sales","Sell - Pre registration","Off-Plan","Free Hold","Residential","Wadi Al Safa 3","Unit","Flat","1253888","62.18","62.18","1 B/R","1  0","","","","0","0","","Art House Private Residences By Viva"
"102-81784-2026","2026-09-23 20:43:33","Sales","Sell - Pre registration","Off-Plan","Free Hold","Residential","Jabal Ali First","Unit","Flat","1968605","56.71","56.71","1 B/R","1","","","","0","0","","Sobha Central "
"102-81785-2026","2026-09-23 20:21:47","Sales","Sell - Pre registration","Off-Plan","Free Hold","Residential","Jabal Ali First","Unit","Flat","1953344","56.71","56.71","1 B/R","1","","","","0","0","","Sobha Central "
"102-81786-2026","2026-09-23 20:26:40","Sales","Sell - Pre registration","Off-Plan","Free Hold","Residential","DMCC-EZ2","Unit","Flat","1841201","58.68","58.68","1 B/R","1","Harbour Tower","Marina Mall","Sports City Swimming Academy","0","0","","Sobha Central Phase I"
"102-81787-2026","2026-09-23 20:30:56","Sales","Sell - Pre registration","Off-Plan","Free Hold","Residential","DMCC-EZ2","Unit","Flat","1818195","59.9","59.9","1 B/R","1","Harbour Tower","Marina Mall","Sports City Swimming Academy","0","0","","Sobha Central Phase II"
"102-81788-2026","2026-09-23 20:34:58","Sales","Sell - Pre registration","Off-Plan","Free Hold","Residential","Ras Al Khor Industrial First","Unit","Flat","1223654","49.97","49.97","1 B/R","1","","","","0","0","","SOBHA ONE"
"102-81789-2026","2026-09-23 20:37:56","Sales","Sell - Pre registration","Off-Plan","Free Hold","Residential","Al Yufrah 1","Unit","Flat","1012556","50.17","50.17","1 B/R","1","","","","0","0","","The Woods"
"102-81790-2026","2026-09-23 20:44:27","Sales","Sell - Pre registration","Off-Plan","Free Hold","Residential","DUBAI LAND RESIDENCE COMPLEX","Unit","Flat","863101","66.2","66.2","1 B/R","1","","","IMG World Adventures","0","0","","AUM 99 Residences"
"102-81791-2026","2026-09-23 20:50:18","Sales","Sell - Pre registration","Off-Plan","Free Hold","Residential","Al Yufrah 1","Unit","Flat","998242","50.13","50.13","1 B/R","1","","","","0","0","","The Woods"
"102-81792-2026","2026-09-23 21:08:54","Sales","Sell - Pre registration","Off-Plan","Free Hold","Residential","DUBAI LAND RESIDENCE COMPLEX","Unit","Flat","831501","58.89","58.89","1 B/R","1","","","IMG World Adventures","0","0","","AUM 99 Residences"
"102-81793-2026","2026-09-23 21:15:30","Sales","Sell - Pre registration","Off-Plan","Free Hold","Residential","Saih Shuaib 1","Building","Villa","7323750","272.6","272.6","4 B/R","","","","","0","0","","LUNAYA"
"102-81794-2026","2026-09-24 08:07:15","Sales","Sell - Pre registration","Off-Plan","Free Hold","Residential","DUBAI SOUTH","Unit","Flat","1964600","136.72","136.72","2 B/R","1","","","Expo 2020 Site","0","0","","South Living"
"102-81795-2026","2026-09-24 08:10:26","Sales","Sell - Pre registration","Off-Plan","Free Hold","Residential","DUBAI SOUTH","Unit","Flat","1908000","136.71","136.71","2 B/R","1","","","Expo 2020 Site","0","0","","South Living"
"102-81796-2026","2026-09-24 08:12:17","Sales","Sell - Pre registration","Off-Plan","Free Hold","Residential","Madinat Al Mataar","Building","Villa","4475000","291.6","291.6","5 B/R","","","","","0","0","","Hayat 2"
"102-81797-2026","2026-09-24 08:41:46","Sales","Sell - Pre registration","Off-Plan","Free Hold","Residential","JUMEIRAH LAKES TOWERS","Unit","Flat","3841169","165.98","165.98","3 B/R","2","Marina Mall Metro Station","Marina Mall","Sports City Swimming Academy","0","0","","Verde by Sobha"
"102-81798-2026","2026-09-24 08:20:16","Sales","Sell - Pre registration","Off-Plan","Free Hold","Residential","Jabal Ali First","Unit","Flat","2337000","124.32","124.32","2 B/R","1","","","","0","0","","Boulevard Park 2"
"102-81799-2026","2026-09-24 08:21:15","Sales","Sell - Pre registration","Off-Plan","Free Hold","Residential","Madinat Al Mataar","Building","Villa","4850000","301.62","301.62","4 B/R","","","","","0","0","","Hayat 6"
"102-81800-2026","2026-09-24 08:27:03","Sales","Sell - Pre registration","Off-Plan","Free Hold","Residential","Madinat Al Mataar","Building","Villa","5750000","449.5","449.5","5 B/R","","","","","0","0","","Hayat 2"
"102-81802-2026","2026-09-24 08:41:17","Sales","Sell - Pre registration","Off-Plan","Free Hold","Residential","Saih Shuaib 1","Building","Villa","11750000","512.75","512.75","4 B/R","","","","","0","0","","LUNAYA"
"102-81803-2026","2026-09-24 08:42:27","Sales","Sell - Pre registration","Off-Plan","Free Hold","Residential","Jabal Ali First","Unit","Flat","3131000","159.86","159.86","3 B/R","2","","","","0","0","","Boulevard Park 1"
"102-81804-2026","2026-09-24 08:47:54","Sales","Sell - Pre registration","Off-Plan","Free Hold","Residential","ARJAN","Unit","Flat","684993.4","45.13","45.13","Studio","1","Sharaf Dg Metro Station","Mall of the Emirates","Motor City","0","0","","Ashley Hills"
"102-81805-2026","2026-09-24 08:57:03","Sales","Sell - Pre registration","Off-Plan","Free Hold","Residential","DUBAI MARITIME CITY","Unit","Flat","2070300","69.35","69.35","1 B/R","1","","","","0","0","","Oceanz 2 By Danube "
"102-81806-2026","2026-09-24 11:50:55","Sales","Sell - Pre registration","Off-Plan","Free Hold","Residential","BURJ KHALIFA","Unit","Flat","8000000","175.21","175.21","3 B/R","2","Buj Khalifa Dubai Mall Metro Station","Dubai Mall","Burj Khalifa","0","0","","The St. Regis Residences, Downtown Dubai"
"102-81807-2026","2026-09-24 09:24:30","Sales","Sell - Pre registration","Off-Plan","Free Hold","Residential","BURJ KHALIFA","Unit","Flat","8000000","167.1","167.1","3 B/R","2","Buj Khalifa Dubai Mall Metro Station","Dubai Mall","Burj Khalifa","0","0","","The St. Regis Residences, Downtown Dubai"
"102-81808-2026","2026-09-24 09:10:34","Sales","Sell - Pre registration","Off-Plan","Free Hold","Residential","ARJAN","Unit","Flat","748723.6","45.13","45.13","Studio","1","Sharaf Dg Metro Station","Mall of the Emirates","Motor City","0","0","","Ashley Hills"
"102-81810-2026","2026-09-24 09:37:56","Sales","Sell - Pre registration","Off-Plan","Free Hold","Residential","Jabal Ali First","Unit","Flat","700000","45.67","45.67","Studio","1","","","","0","0","","Serene Gardens 2 by Prescott"
"102-81811-2026","2026-09-24 11:01:13","Sales","Sell - Pre registration","Off-Plan","Free Hold","Residential","Al Merkadh","Unit","Flat","3629267","174.88","174.88","3 B/R","2","","","","0","0","","Sobha Creek Vistas Heights"
"102-81812-2026","2026-09-24 09:36:49","Sales","Sell - Pre registration","Off-Plan","Free Hold","Residential","Al Hebiah First","Unit","Office","7519000","261.8","261.8","Office","5","","","","0","0","","O1NE District - Dawn"
"102-81813-2026","2026-09-24 09:36:15","Sales","Sell - Pre registration","Off-Plan","Free Hold","Residential","Al Hebiah First","Unit","Office","5865000","209.36","209.36","Office","4","","","","0","0","","O1NE District - Dawn"
"102-81814-2026","2026-09-24 09:50:35","Sales","Sell - Pre registration","Off-Plan","Free Hold","Residential","Madinat Al Mataar","Unit","Flat","730000","37.71","37.71","Studio","1","","","","0","0","","Azizi Venice 6"
"102-81815-2026","2026-09-24 11:55:33","Sales","Sell - Pre registration","Off-Plan","Free Hold","Residential","DUBAI DESIGN DISTRICT","Unit","Flat","2700000","116.85","116.85","2 B/R","1","Buj Khalifa Dubai Mall Metro Station","Dubai Mall","Downtown Dubai","0","0","","DESIGN QUARTER"
"102-81816-2026","2026-09-24 09:39:16","Sales","Sell - Pre registration","Off-Plan","Free Hold","Residential","Madinat Al Mataar","Building","Villa","6150000","420","420","5 B/R","","","","","0","0","","Hayat 6"
"102-81818-2026","2026-09-24 09:45:24","Sales","Sell - Pre registration","Off-Plan","Free Hold","Residential","Al Hebiah First","Unit","Office","12438000","457.84","457.84","Office","7","","","","0","0","","O1NE District - Dawn"
"102-81819-2026","2026-09-24 09:45:28","Sales","Sell - Pre registration","Off-Plan","Free Hold","Residential","Jabal Ali First","Unit","Flat","1984000","120.49","120.49","2 B/R","1","ENERGY Metro Station","Ibn-e-Battuta Mall","Expo 2020 Site","0","0","","South Garden B"
"102-81820-2026","2026-09-24 09:47:25","Sales","Sell - Pre registration","Off-Plan","Free Hold","Residential","MAJAN","Unit","Flat","1075000","62.1","62.1","1 B/R","1","","","IMG World Adventures","0","0","","Binghatti Titania"
"102-81822-2026","2026-09-24 09:55:30","Sales","Sell - Pre registration","Off-Plan","Free Hold","Residential","Wadi Al Safa 3","Unit","Flat","2500000","117.36","117.36","2 B/R","1","","","IMG World Adventures","0","0","","High Best Tower"
"102-81824-2026","2026-09-24 10:06:16","Sales","Sell - Pre registration","Off-Plan","Free Hold","Residential","PALM JUMEIRAH","Unit","Flat","4268800","108.49","108.49","1 B/R","1","Palm Jumeirah","Marina Mall","Burj Al Arab","0","0","","Palm Beach Towers -3"
"102-81825-2026","2026-09-24 10:17:53","Sales","Sell - Pre registration","Off-Plan","Free Hold","Residential","Madinat Al Mataar","Unit","Flat","568420","34.93","34.93","Studio","1","","","","0","0","","AZIZI VENICE 8"
"102-81828-2026","2026-09-24 10:33:41","Sales","Sell - Pre registration","Off-Plan","Free Hold","Residential","Al Hebiah First","Unit","Office","5568000","197.1","197.1","Office","3","","","","0","0","","O1NE District - Dawn"
"102-81829-2026","2026-09-24 11:44:38","Sales","Sell - Pre registration","Off-Plan","Free Hold","Residential","Wadi Al Safa 7","Building","Villa","1080000","88","88","2 B/R","","","","","0","0","","Reportage Village 1 "
"102-81830-2026","2026-09-24 10:37:12","Sales","Sell - Pre registration","Off-Plan","Free Hold","Residential","Jabal Ali First","Unit","Flat","1635000","107.12","107.12","2 B/R","1","ENERGY Metro Station","Ibn-e-Battuta Mall","Expo 2020 Site","0","0","","South Garden D"
"102-81831-2026","2026-09-24 11:14:59","Sales","Sell - Pre registration","Off-Plan","Free Hold","Residential","Wadi Al Safa 5","Unit","Flat","1149859","75.44","75.44","1 B/R","1","","","","0","0","","Verdes by Haven 1"
"102-81832-2026","2026-09-24 11:54:34","Sales","Sell - Pre registration","Off-Plan","Free Hold","Residential","JUMEIRAH LAKES TOWERS","Unit","Flat","4626000","186.7","186.7","3 B/R","2","Marina Mall Metro Station","Marina Mall","Sports City Swimming Academy","0","0","","ME DO RE 2"
"102-81833-2026","2026-09-24 10:42:09","Sales","Sell - Pre registration","Off-Plan","Free Hold","Residential","Jabal Ali First","Unit","Flat","1911000","120.65","120.65","2 B/R","1","ENERGY Metro Station","Ibn-e-Battuta Mall","Expo 2020 Site","0","0","","South Garden E"
"102-81834-2026","2026-09-24 10:43:11","Sales","Sell - Pre registration","Off-Plan","Free Hold","Residential","INTERNATIONAL CITY PH 2 & 3","Unit","Flat","862000","69.62","69.62","1 B/R","1","","","","0","0","","Chapter 01 By Newbury Developments"
"102-81835-2026","2026-09-24 10:43:21","Sales","Sell - Pre registration","Off-Plan","Free Hold","Residential","DUBAI INDUSTRIAL CITY","Unit","Flat","569050","35.2","35.2","Studio","1","","","Dubai Parks and Resorts","0","0","","Elanora by zoya"
"102-81836-2026","2026-09-24 10:44:01","Sales","Sell - Pre registration","Off-Plan","Free Hold","Residential","Al Hebiah First","Unit","Office","5642000","206.59","206.59","Office","4","","","","0","0","","O1NE District - Dawn"
"102-81837-2026","2026-09-24 10:48:06","Sales","Sell - Pre registration","Off-Plan","Free Hold","Residential","Dubai Investment Park Second","Unit","Flat","2060000","137.71","137.71","2 B/R","1","","","","0","0","","DAMAC RIVERSIDE VIEWS - ROYAL 2"
"102-81838-2026","2026-09-24 10:48:42","Sales","Sell - Pre registration","Off-Plan","Free Hold","Residential","SUFOUH GARDENS","Unit","Flat","2081628.6","84.82","84.82","1 B/R","1","Dubai Internet City","Mall of the Emirates","Burj Al Arab","0","0","","113 RESIDENCES"
"102-81839-2026","2026-09-24 10:51:24","Sales","Sell - Pre registration","Off-Plan","Free Hold","Residential","Dubai Investment Park Second","Unit","Flat","1203000","74.18","74.18","1 B/R","1","","","","0","0",""," DAMAC RIVERSIDE VIEWS - MARINE 4"
"102-81840-2026","2026-09-24 10:53:33","Sales","Sell - Pre registration","Off-Plan","Free Hold","Residential","Al Hebiah First","Unit","Office","5990000","241.93","241.93","Office","4","","","","0","0","","O1NE District - Dawn"
"102-81841-2026","2026-09-24 10:56:38","Sales","Sell - Pre registration","Off-Plan","Free Hold","Residential","Al Yelayiss 1","Building","Villa","3518400","144.23","144.23","5 B/R","","","","","0","0","","DAMAC ISLANDS 2 - BAHAMAS 2"
"102-81842-2026","2026-09-24 10:59:08","Sales","Sell - Pre registration","Off-Plan","Free Hold","Residential","DUBAI SCIENCE PARK","Unit","Flat","1220469.9","76.95","76.95","1 B/R","1","First Abu Dhabi Bank Metro Station","Mall of the Emirates","Motor City","0","0","","Binghatti Hills "
"102-81843-2026","2026-09-24 11:00:06","Sales","Sell - Pre registration","Off-Plan","Free Hold","Residential","Al Yelayiss 1","Building","Villa","5342000","255.19","255.19","5 B/R","","","","","0","0","","DAMAC ISLANDS 2 - ANTIGUA 1"
"102-81844-2026","2026-09-24 11:01:25","Sales","Sell - Pre registration","Off-Plan","Free Hold","Residential","Jabal Ali Industrial Second","Unit","Flat","1264197","71.21","71.21","1 B/R","1","","","","0","0","","RAW DISTRICT 2 BY IMTIAZ"
"102-81845-2026","2026-09-24 11:02:14","Sales","Sell - Pre registration","Off-Plan","Free Hold","Residential","Al Hebiah First","Unit","Office","5642000","206.59","206.59","Office","4","","","","0","0","","O1NE District - Dawn"
"102-81846-2026","2026-09-24 11:05:34","Sales","Sell - Pre registration","Off-Plan","Free Hold","Residential","HORIZON","Unit","Flat","3219828","114.79","114.79","2 B/R","1","Creek Metro Station","Dubai Mall","Downtown Dubai","0","0","","CLAYDON HOUSE BY ELLINGTON "
"102-81847-2026","2026-09-24 11:52:37","Sales","Sell - Pre registration","Off-Plan","Free Hold","Residential","JUMEIRAH VILLAGE CIRCLE","Unit","Flat","1219349","77.75","77.75","1 B/R","1","Nakheel Metro Station","Marina Mall","Sports City Swimming Academy","0","0","","Skyhills II by HRE "
"102-81848-2026","2026-09-24 11:14:15","Sales","Sell - Pre registration","Off-Plan","Free Hold","Residential","DOWN TOWN JABAL ALI","Unit","Flat","495000","40.92","40.92","Studio","1","UAE Exchange Metro Station","Ibn-e-Battuta Mall","Expo 2020 Site","0","0","","PEACE AVENUE BY PEACE HOMES"
"102-81849-2026","2026-09-24 11:16:05","Sales","Sell - Pre registration","Off-Plan","Free Hold","Residential","Al Wasl","Unit","Flat","3372300","101.39","101.39","2 B/R","1","","","","0","0","","DAMAC CITY 2"
"102-81850-2026","2026-09-24 11:18:04","Sales","Sell - Pre registration","Off-Plan","Free Hold","Residential","JUMEIRAH VILLAGE TRIANGLE","Unit","Flat","679900","30.21","30.21","Studio","1","Nakheel Metro Station","Marina Mall","Sports City Swimming Academy","0","0","MAISON ELYSEE III BY PANTHEON","VOXA RESIDENCES"
"102-81851-2026","2026-09-24 11:21:05","Sales","Sell - Pre registration","Off-Plan","Free Hold","Residential","Palm Jabal Ali","Unit","Flat","2672000","75.01","75.01","1 B/R","1","","","","0","0","","Palm Central Private Residences - Frond N"
"102-81852-2026","2026-09-24 11:22:07","Sales","Sell - Pre registration","Off-Plan","Free Hold","Residential","Al Wasl","Unit","Flat","2540160","71.46","71.46","1 B/R","1","","","","0","0","","DAMAC CITY 2"
"102-81854-2026","2026-09-24 11:27:15","Sales","Sell - Pre registration","Off-Plan","Free Hold","Residential","JUMEIRAH VILLAGE CIRCLE","Unit","Flat","2168200","114.12","114.12","2 B/R","2","Dubai Internet City","Mall of the Emirates","Sports City Swimming Academy","0","0","","The Weave"
"102-81855-2026","2026-09-24 11:31:15","Sales","Sell - Pre registration","Off-Plan","Free Hold","Residential","Jabal Ali Industrial Second","Unit","Flat","724871.75","36.9","36.9","Studio","1","","","","0","0","","RAW DISTRICT 2 BY IMTIAZ"
"102-81856-2026","2026-09-24 11:31:19","Sales","Sell - Pre registration","Off-Plan","Free Hold","Residential","Jabal Ali First","Unit","Flat","1850000","114.85","114.85","2 B/R","1","ENERGY Metro Station","Ibn-e-Battuta Mall","Expo 2020 Site","0","0","","South Garden E"
"102-81857-2026","2026-09-24 11:42:05","Sales","Sell - Pre registration","Off-Plan","Free Hold","Residential","Zaabeel Second","Unit","Flat","4179000","117.73","117.73","2 B/R","1","","","","0","0","","THE EDIT at d3"
"102-81859-2026","2026-09-24 12:20:58","Sales","Sell - Pre registration","Off-Plan","Free Hold","Residential","BURJ KHALIFA","Unit","Flat","4000000","125.24","125.24","2 B/R","1","Buj Khalifa Dubai Mall Metro Station","Dubai Mall","Burj Khalifa","0","0","","The St. Regis Residences, Downtown Dubai"
"102-81860-2026","2026-09-24 12:09:15","Sales","Sell - Pre registration","Off-Plan","Free Hold","Residential","Ras Al Khor Industrial First","Unit","Flat","2355577","105.72","105.72","2 B/R","1","","","","0","0","","SOBHA ONE"
"102-81861-2026","2026-09-24 12:00:29","Sales","Sell - Pre registration","Off-Plan","Free Hold","Residential","Jabal Ali First","Unit","Flat","1574000","109.14","109.14","2 B/R","1","ENERGY Metro Station","Ibn-e-Battuta Mall","Expo 2020 Site","0","0","","South Garden E"
"102-81862-2026","2026-09-24 13:11:13","Sales","Sell - Pre registration","Off-Plan","Free Hold","Residential","Al Wasl","Unit","Flat","4000000","117.5","117.5","2 B/R","1","","","","0","0","","Fern"
"102-81863-2026","2026-09-24 13:22:09","Sales","Sell - Pre registration","Off-Plan","Free Hold","Residential","DUBAI HILLS","Unit","Flat","2232888","104.15","104.15","2 B/R","1","First Abu Dhabi Bank Metro Station","Mall of the Emirates","Burj Al Arab","0","0","","Park Lane"
"102-81864-2026","2026-09-24 12:09:40","Sales","Sell - Pre registration","Off-Plan","Free Hold","Residential","Al Hebiah First","Unit","Office","6631000","241.74","241.74","Office","4","","","","0","0","","O1NE District - Dawn"
"102-81865-2026","2026-09-24 12:12:14","Sales","Sell - Pre registration","Off-Plan","Free Hold","Residential","Al Satwa","Unit","Flat","1516536","65.17","65.17","1 B/R","1","Emirates Towers Metro Station","Dubai Mall","Burj Khalifa","0","0","","EVERGRIN HOUSE 2"
"102-81866-2026","2026-09-24 12:15:06","Sales","Sell - Pre registration","Off-Plan","Free Hold","Residential","Jabal Ali Industrial Second","Unit","Flat","723106.2","36.71","36.71","Studio","1","","","","0","0","","RAW DISTRICT 2 BY IMTIAZ"
"102-81867-2026","2026-09-24 13:05:57","Sales","Sell - Pre registration","Off-Plan","Free Hold","Residential","BURJ KHALIFA","Unit","Flat","2393505.6","109.99","109.99","2 B/R","1","Buj Khalifa Dubai Mall Metro Station","Dubai Mall","Downtown Dubai","0","0","","City Center Residences"
"102-81868-2026","2026-09-24 12:21:40","Sales","Sell - Pre registration","Off-Plan","Free Hold","Residential","Jabal Ali First","Unit","Flat","453050","49.51","49.51","Studio","1  0","","","","0","0","","Trussardi Residences 2"
"102-81869-2026","2026-09-24 12:25:17","Sales","Sell - Pre registration","Off-Plan","Free Hold","Residential","Jabal Ali Industrial Second","Unit","Flat","1199847","73.02","73.02","1 B/R","1","","","","0","0","","RAW DISTRICT 2 BY IMTIAZ"
"102-81870-2026","2026-09-24 12:26:19","Sales","Sell - Pre registration","Off-Plan","Free Hold","Residential","MAJAN","Unit","Flat","560000","37.84","37.84","Studio","1","","","IMG World Adventures","0","0","","Binghatti Skyflame 2"
"102-81871-2026","2026-09-24 12:29:03","Sales","Sell - Pre registration","Off-Plan","Free Hold","Residential","DUBAI INDUSTRIAL CITY","Unit","Flat","360000","37.78","37.78","Studio","1","","","Dubai Parks and Resorts","0","0","","Coventry Curve"
"102-81872-2026","2026-09-24 12:32:12","Sales","Sell - Pre registration","Off-Plan","Free Hold","Residential","Jabal Ali First","Unit","Flat","453050","49.51","49.51","Studio","1  0","","","","0","0","","Trussardi Residences 2"
"102-81873-2026","2026-09-24 12:33:06","Sales","Sell - Pre registration","Off-Plan","Free Hold","Residential","DAMAC HILLS","Unit","Flat","1167550","60.34","60.34","1 B/R","1","","","Motor City","0","0","","DAMAC DISTRICT"
"102-81874-2026","2026-09-24 12:34:47","Sales","Sell - Pre registration","Off-Plan","Free Hold","Residential","JUMEIRAH VILLAGE CIRCLE","Unit","Shop","2836896","94.65","94.65","NA","1","Dubai Internet City","Mall of the Emirates","Sports City Swimming Academy","0","0","","OXFORD COVE"
"102-81875-2026","2026-09-24 12:36:54","Sales","Sell - Pre registration","Off-Plan","Free Hold","Residential","FALCON CITY OF WONDERS","Unit","Flat","1320832.5","85.81","85.81","1 B/R","1","","","IMG World Adventures","0","0","","Sakura Gardens by HRE "
"102-81876-2026","2026-09-24 12:43:21","Sales","Sell - Pre registration","Off-Plan","Free Hold","Residential","Madinat Al Mataar","Unit","Flat","599000","34.06","34.06","Studio","1","","","","0","0","","AZIZI VENICE 14"
"102-81877-2026","2026-09-24 12:41:53","Sales","Sell - Pre registration","Off-Plan","Free Hold","Residential","Jabal Ali First","Unit","Flat","793050","86.7","86.7","1 B/R","1  0","","","","0","0","","Trussardi Residences 2"
"102-81878-2026","2026-09-24 12:42:06","Sales","Sell - Pre registration","Off-Plan","Free Hold","Residential","DUBAI SCIENCE PARK","Unit","Flat","829999","36.56","36.56","Studio","1","First Abu Dhabi Bank Metro Station","Mall of the Emirates","Motor City","0","0","","Binghatti Hillside"
"102-81879-2026","2026-09-24 12:43:07","Sales","Sell - Pre registration","Off-Plan","Free Hold","Residential","JUMEIRAH VILLAGE CIRCLE","Unit","Flat","1316999","60.86","60.86","1 B/R","1","Dubai Internet City","Mall of the Emirates","Sports City Swimming Academy","0","0","","Binghatti Etherea"
"102-81881-2026","2026-09-24 12:45:52","Sales","Sell - Pre registration","Off-Plan","Free Hold","Residential","Madinat Al Mataar","Building","Villa","4400000","338","338","4 B/R","","","","","0","0","","Hayat 2"
"102-81882-2026","2026-09-24 12:49:12","Sales","Sell - Pre registration","Off-Plan","Free Hold","Residential","Jabal Ali Industrial Second","Unit","Flat","689529.02","41.31","41.31","Studio","1","","","","0","0","","RAW DISTRICT 2 BY IMTIAZ"
"102-81883-2026","2026-09-24 13:17:18","Sales","Sell - Pre registration","Off-Plan","Free Hold","Residential","JUMEIRAH LAKES TOWERS","Unit","Flat","1530000","68.51","68.51","1 B/R","1","Jumeirah Lakes Towers","Marina Mall","Sports City Swimming Academy","0","0","","Viewz 1 By Danube "
"102-81885-2026","2026-09-24 13:12:59","Sales","Sell - Pre registration","Off-Plan","Free Hold","Residential","JUMEIRAH LAKES TOWERS","Unit","Flat","1603828","81.62","81.62","1 B/R","1","Jumeirah Lakes Towers","Marina Mall","Sports City Swimming Academy","0","0","","UH WEST BY ELLINGTON"
"102-81886-2026","2026-09-24 12:51:11","Sales","Sell - Pre registration","Off-Plan","Free Hold","Residential","Jabal Ali First","Unit","Flat","453050","49.51","49.51","Studio","1  0","","","","0","0","","Trussardi Residences 2"
"102-81887-2026","2026-09-24 12:55:48","Sales","Sell - Pre registration","Off-Plan","Free Hold","Residential","DUBAI INDUSTRIAL CITY","Unit","Flat","502680","36.4","36.4","Studio","1","","","Dubai Parks and Resorts","0","0","","Coventry Centro"
"102-81888-2026","2026-09-24 12:57:18","Sales","Sell - Pre registration","Off-Plan","Free Hold","Residential","CITY OF ARABIA","Unit","Flat","1142000","64.98","64.98","1 B/R","1","","","","0","0","","Arancia Yards 2 By Beyond"
"102-81889-2026","2026-09-24 12:58:08","Sales","Sell - Pre registration","Off-Plan","Free Hold","Residential","DAMAC HILLS","Unit","Flat","1165010","65.39","65.39","1 B/R","1","","","Motor City","0","0","","DAMAC DISTRICT"
"102-81890-2026","2026-09-24 13:00:18","Sales","Sell - Pre registration","Off-Plan","Free Hold","Residential","Jabal Ali Industrial Second","Unit","Flat","704718.04","50.1","50.1","Studio","1","","","","0","0","","RAW DISTRICT 2 BY IMTIAZ"
"102-81891-2026","2026-09-24 14:26:29","Sales","Sell - Pre registration","Off-Plan","Free Hold","Residential","Hadaeq Sheikh Mohammed Bin Rashid","Unit","Flat","1713888","69.44","69.44","1 B/R","1","","","","0","0","","Vida Residences Club Point"
"102-81892-2026","2026-09-24 13:00:54","Sales","Sell - Pre registration","Off-Plan","Free Hold","Residential","Jabal Ali First","Unit","Flat","891650","97.41","97.41","1 B/R","1  0","","","","0","0","","Trussardi Residences 2"
"102-81893-2026","2026-09-24 13:04:25","Sales","Sell - Pre registration","Off-Plan","Free Hold","Residential","MAJAN","Unit","Flat","675000","34.61","34.61","Studio","1","","","IMG World Adventures","0","0","","Binghatti Titania"
"102-81895-2026","2026-09-24 13:06:18","Sales","Sell - Pre registration","Off-Plan","Free Hold","Residential","JUMEIRAH LAKES TOWERS","Unit","Flat","2016000","74.91","74.91","1 B/R","1","Jumeirah Lakes Towers","Marina Mall","Sports City Swimming Academy","0","0","","Viewz 2 By Danube"
"102-81896-2026","2026-09-24 13:07:20","Sales","Sell - Pre registration","Off-Plan","Free Hold","Residential","DAMAC HILLS","Unit","Flat","827000","41.34","41.34","Studio","1","","","Motor City","0","0","","DAMAC DISTRICT"
"102-81897-2026","2026-09-24 13:10:04","Sales","Sell - Pre registration","Off-Plan","Free Hold","Residential","DAMAC HILLS","Unit","Flat","803160","41.43","41.43","Studio","1","","","Motor City","0","0","","DAMAC DISTRICT"
"102-81898-2026","2026-09-24 13:10:20","Sales","Sell - Pre registration","Off-Plan","Free Hold","Residential","CITY OF ARABIA","Unit","Flat","1471000","67.98","67.98","1 B/R","1","","","","0","0","","Arancia Yards 2 By Beyond"
"102-81899-2026","2026-09-24 13:12:02","Sales","Sell - Pre registration","Off-Plan","Free Hold","Residential","Jabal Ali First","Unit","Flat","891650","97.41","97.41","1 B/R","1  0","","","","0","0","","Trussardi Residences 2"
"102-81900-2026","2026-09-24 13:12:18","Sales","Sell - Pre registration","Off-Plan","Free Hold","Residential","DAMAC HILLS","Unit","Flat","1365120","79.78","79.78","1 B/R","1","","","Motor City","0","0","","DAMAC DISTRICT"
"102-81901-2026","2026-09-24 13:12:53","Sales","Sell - Pre registration","Off-Plan","Free Hold","Residential","JUMEIRAH VILLAGE CIRCLE","Unit","Flat","1665000","126.69","126.69","2 B/R","1","Dubai Internet City","Mall of the Emirates","Sports City Swimming Academy","0","0","","368 Park Ln"
"102-81902-2026","2026-09-24 13:13:46","Sales","Sell - Pre registration","Off-Plan","Free Hold","Residential","Jabal Ali First","Unit","Flat","624900","33.76","33.76","Studio","1","ENERGY Metro Station","Ibn-e-Battuta Mall","Expo 2020 Site","0","0","VOXA RESIDENCES","OMYA RESIDENCES"
"102-81903-2026","2026-09-24 13:14:05","Sales","Sell - Pre registration","Off-Plan","Free Hold","Residential","Al Hebiah First","Unit","Flat","1100000","72.74","72.74","1 B/R","1","","","","0","0","","Binghatti Skyterraces"
"102-81905-2026","2026-09-24 13:32:54","Sales","Sell - Pre registration","Off-Plan","Free Hold","Residential","EMAAR SOUTH","Unit","Flat","925000","63.09","63.09","1 B/R","1","","","Al Makhtoum International Airport","0","0","","Golf Point"
"102-81907-2026","2026-09-24 13:18:25","Sales","Sell - Pre registration","Off-Plan","Free Hold","Residential","CITY OF ARABIA","Unit","Flat","2324000","101.52","101.52","2 B/R","1","","","","0","0","","Arancia Yards 2 By Beyond"
"102-81908-2026","2026-09-24 13:20:34","Sales","Sell - Pre registration","Off-Plan","Free Hold","Residential","Al Hebiah First","Unit","Flat","1436999","79.72","79.72","1 B/R","1","","","","0","0","","Binghatti Skyterraces"
"102-81909-2026","2026-09-24 13:21:19","Sales","Sell - Pre registration","Off-Plan","Free Hold","Residential","CITY OF ARABIA","Unit","Flat","2435000","101.81","101.81","2 B/R","1","","","","0","0","","Arancia Yards 2 By Beyond"
"102-81910-2026","2026-09-24 13:23:23","Sales","Sell - Pre registration","Off-Plan","Free Hold","Residential","Jabal Ali First","Unit","Flat","1541050","155.51","155.51","2 B/R","1  0","","","","0","0","","Trussardi Residences 2"
"102-81911-2026","2026-09-24 13:24:08","Sales","Sell - Pre registration","Off-Plan","Free Hold","Residential","CITY OF ARABIA","Unit","Flat","1366000","67.99","67.99","1 B/R","1","","","","0","0","","Arancia Yards 2 By Beyond"
"102-81914-2026","2026-09-24 13:51:42","Sales","Sell - Pre registration","Off-Plan","Free Hold","Residential","Madinat Al Mataar","Unit","Flat","994000","60.35","60.35","1 B/R","1","","","","0","0","","Azizi Venice 15"
"102-81915-2026","2026-09-24 13:33:10","Sales","Sell - Pre registration","Off-Plan","Free Hold","Residential","CITY OF ARABIA","Unit","Flat","1242000","78.97","78.97","1 B/R","1","","","","0","0","","Arancia Yards 2 By Beyond"
"102-81916-2026","2026-09-24 13:33:22","Sales","Sell - Pre registration","Off-Plan","Free Hold","Residential","Jabal Ali First","Unit","Flat","793050","86.71","86.71","1 B/R","1  0","","","","0","0","","Trussardi Residences 2"
"102-81917-2026","2026-09-24 13:36:08","Sales","Sell - Pre registration","Off-Plan","Free Hold","Residential","CITY OF ARABIA","Unit","Flat","1294000","69.17","69.17","1 B/R","1","","","","0","0","","Arancia Yards 2 By Beyond"
"102-81918-2026","2026-09-24 13:41:28","Sales","Sell - Pre registration","Off-Plan","Free Hold","Residential","JUMEIRAH VILLAGE CIRCLE","Unit","Flat","745000","43.49","43.49","Studio","1","Nakheel Metro Station","Marina Mall","Sports City Swimming Academy","0","0","","105 Residences by Kamdar"
"102-81919-2026","2026-09-24 13:41:59","Sales","Sell - Pre registration","Off-Plan","Free Hold","Residential","SAMA AL JADAF","Unit","Flat","2068429","110.12","110.12","2 B/R","1","Al Jadaf Metro Station","Dubai Mall","Downtown Dubai","0","0","","Binghatti Wraith"
"102-81920-2026","2026-09-24 13:42:31","Sales","Sell - Pre registration","Off-Plan","Free Hold","Residential","Jabal Ali First","Unit","Flat","453050","49.51","49.51","Studio","1  0","","","","0","0","","Trussardi Residences 2"
"102-81922-2026","2026-09-24 14:02:55","Sales","Sell - Pre registration","Off-Plan","Free Hold","Residential","DOWN TOWN JABAL ALI","Unit","Hotel Apartment","709401","54.46","54.46","1 B/R","1","","","","0","0","","Arian By Azizi "
"102-81923-2026","2026-09-24 13:54:18","Sales","Sell - Pre registration","Off-Plan","Free Hold","Residential","Madinat Hind 4","Unit","Flat","1260650","90.25","90.25","2 B/R","1","","","","0","0","","DAMAC HILLS (2) - ELO 2 & ELO 3"
"102-81924-2026","2026-09-24 14:10:17","Sales","Sell - Pre registration","Off-Plan","Free Hold","Residential","SAMA AL JADAF","Unit","Flat","849999","35.12","35.12","Studio","1","Al Jadaf Metro Station","Dubai Mall","Downtown Dubai","0","0","","Binghatti Wraith"
"102-81925-2026","2026-09-24 14:07:27","Sales","Sell - Pre registration","Off-Plan","Free Hold","Residential","Madinat Al Mataar","Unit","Flat","2048828","116.5","116.5","2 B/R","1","","","","0","0","","WINDSOR HOUSE "
"102-81926-2026","2026-09-24 14:00:06","Sales","Sell - Pre registration","Off-Plan","Free Hold","Residential","Zaabeel First","Unit","Flat","6249888","168.94","168.94","3 B/R","2","Al Jafiliya Metro Station","Dubai Mall","Burj Khalifa","0","0","","Address Residences Zabeel"
"102-81928-2026","2026-09-24 14:01:59","Sales","Sell - Pre registration","Off-Plan","Free Hold","Residential","DUBAI STUDIO CITY","Unit","Flat","1742700","102.7","102.7","2 B/R","1","Dubai Internet City","","Motor City","0","0","","Arisha Terraces "
"102-81930-2026","2026-09-24 14:33:41","Sales","Sell - Pre registration","Off-Plan","Free Hold","Residential","SAMA AL JADAF","Unit","Flat","1296000","75.63","75.63","1 B/R","1","Al Jadaf Metro Station","Dubai Mall","Downtown Dubai","0","0","","Binghatti Wraith"
"102-81931-2026","2026-09-24 14:13:03","Sales","Sell - Pre registration","Off-Plan","Free Hold","Residential","SAMA AL JADAF","Unit","Flat","1421999","70.92","70.92","1 B/R","1","Al Jadaf Metro Station","Dubai Mall","Burj Khalifa","0","0","","Binghatti Cullinan"
"102-81932-2026","2026-09-24 14:09:08","Sales","Sell - Pre registration","Off-Plan","Free Hold","Residential","Al Thanyah Fifth","Unit","Flat","2212828","74.03","74.03","1 B/R","1","","","","0","0","","ELTIERA VIEWS "
"102-81933-2026","2026-09-24 14:59:48","Sales","Sell - Pre registration","Off-Plan","Free Hold","Residential","DUBAI MARINA","Unit","Flat","4656888","172.09","172.09","3 B/R","2","Dubai Marina","Marina Mall","Burj Al Arab","0","0","","MARINA SHORES"
"102-81934-2026","2026-09-24 14:14:09","Sales","Sell - Pre registration","Off-Plan","Free Hold","Residential","DUBAI LAND RESIDENCE COMPLEX","Unit","Flat","751671","51.35","51.35","1 B/R","1","","","IMG World Adventures","0","0","","Celesto Tower 2"
"102-81936-2026","2026-09-24 14:19:55","Sales","Sell - Pre registration","Off-Plan","Free Hold","Residential","MAJAN","Unit","Flat","2156000","128.89","128.89","2 B/R","1","","","IMG World Adventures","0","0","","Vincitore Wellness Estate"
"102-81937-2026","2026-09-24 14:41:24","Sales","Sell - Pre registration","Off-Plan","Free Hold","Residential","SAMA AL JADAF","Unit","Flat","775000","36.8","36.8","Studio","1","Al Jadaf Metro Station","Dubai Mall","Downtown Dubai","0","0","","Binghatti Wraith"
"102-81938-2026","2026-09-24 14:36:58","Sales","Sell - Pre registration","Off-Plan","Free Hold","Residential","BUSINESS BAY","Unit","Flat","2325000","110.9","110.9","1 B/R","1","Business Bay Metro Station","Dubai Mall","Downtown Dubai","0","0","","One by Binghatti "
"102-81939-2026","2026-09-24 14:34:34","Sales","Sell - Pre registration","Off-Plan","Free Hold","Residential","INTERNATIONAL CITY PH 2 & 3","Unit","Flat","852379","71.26","71.26","1 B/R","1","","","","0","0","","Stellar Axis by Ajmal Estate Developers"
"102-81941-2026","2026-09-24 14:36:53","Sales","Sell - Pre registration","Off-Plan","Free Hold","Residential","MAJAN","Unit","Flat","1187200","67.7","67.7","1 B/R","1","","","IMG World Adventures","0","0","","Symphony by Chaimaa"
"102-81942-2026","2026-09-24 14:43:36","Sales","Sell - Pre registration","Off-Plan","Free Hold","Residential","Al Hebiah First","Unit","Flat","1800000","187.31","187.31","2 B/R","1","","","","0","0","","Binghatti Skyterraces"
"102-81945-2026","2026-09-24 14:45:03","Sales","Sell - Pre registration","Off-Plan","Free Hold","Residential","Warsan First","Unit","Office","1500000","89.94","89.94","NA","1  1","Rashidiya Metro Station","City Centre Mirdif","Dubai International Airport","0","0","","Longfor International Center"
"102-81946-2026","2026-09-24 14:45:52","Sales","Sell - Pre registration","Off-Plan","Free Hold","Residential","Al Thanyah Fifth","Unit","Flat","3193828","113.48","113.48","2 B/R","1","","","","0","0","","ELTIERA VIEWS "
"102-81951-2026","2026-09-24 14:56:58","Sales","Sell - Pre registration","Off-Plan","Free Hold","Residential","JUMEIRAH VILLAGE CIRCLE","Unit","Flat","1067000","67.65","67.65","1 B/R","1","Dubai Internet City","Mall of the Emirates","Sports City Swimming Academy","0","0","","ONE PARK SQUARE BY IMAN"
"102-81953-2026","2026-09-24 15:00:09","Sales","Sell - Pre registration","Off-Plan","Free Hold","Residential","DOWN TOWN JABAL ALI","Unit","Office","2275060","105.68","105.68","NA","1","UAE Exchange Metro Station","Ibn-e-Battuta Mall","Expo 2020 Site","0","0","","Samana Business Hub"
"102-81955-2026","2026-09-24 15:03:15","Sales","Sell - Pre registration","Off-Plan","Free Hold","Residential","Al Thanyah Fifth","Unit","Flat","3616828","130.48","130.48","2 B/R","1","","","","0","0","","ELTIERA VIEWS "
"105-399-2026","2026-09-23 12:11:04","Mortgage","Mortgage Pre-Registration","Off-Plan","Free Hold","Residential","Al Khairan First","Unit","Flat","1335944","100.79","100.79","2 B/R","1","","","","0","0","","VALO"
"105-400-2026","2026-09-23 12:48:11","Mortgage","Mortgage Pre-Registration","Off-Plan","Free Hold","Residential","Al Jadaf","Unit","Flat","1040000","78.34","78.29","1 B/R","B2-127","","","","0","0","","Binghatti Ghost"
"105-402-2026","2026-09-23 19:26:41","Mortgage","Mortgage Pre-Registration","Off-Plan","Free Hold","Residential","Hadaeq Sheikh Mohammed Bin Rashid","Unit","Flat","1340000","114.99","114.99","2 B/R","1","","","","0","0","","Vida Residences Club Point"
"105-403-2026","2026-09-24 11:01:56","Mortgage","Mortgage Pre-Registration","Off-Plan","Free Hold","Residential","DUBAI HILLS","Unit","Flat","900000","70.4","70.4","1 B/R","1","First Abu Dhabi Bank Metro Station","Mall of the Emirates","Motor City","0","0","","Palace Residences Dubai Hills Estate"
"105-404-2026","2026-09-24 11:55:48","Mortgage","Mortgage Pre-Registration","Off-Plan","Free Hold","Residential","Madinat Al Mataar","Building","Villa","1263154","173.62","173.62","3 B/R","","","","","0","0","","Greenway"
"105-405-2026","2026-09-24 14:34:59","Mortgage","Mortgage Pre-Registration","Off-Plan","Free Hold","Residential","Al Yufrah 1","Building","Villa","1801445","276.11","276.11","4 B/R","","","","","0","0","","The Valley - Elva"
"11-28484-2026","2026-09-22 16:43:11","Sales","Sale","Ready","Free Hold","Residential","SOBHA HEARTLAND","Land","Residential","21000000","642.58","642.58","","","Buj Khalifa Dubai Mall Metro Station","Dubai Mall","Downtown Dubai","0","0","",""
"11-28485-2026","2026-09-22 16:44:19","Sales","Sale","Ready","Free Hold","Residential","SOBHA HEARTLAND","Land","Residential","23000000","642.69","642.69","","","Buj Khalifa Dubai Mall Metro Station","Dubai Mall","Downtown Dubai","0","0","",""
"11-28620-2026","2026-09-23 11:25:13","Sales","Sale","Ready","Free Hold","Residential","TOWN SQUARE","Unit","Flat","1800000","120.04","120.04","3 B/R","P-116","","","Dubai Cycling Course","0","0","","TOWN SQUARE JENNA AND WARDA"
"11-28797-2026","2026-09-23 12:45:42","Sales","Sale","Ready","Free Hold","Residential","MAJAN","Unit","Flat","652350","85.36","85.36","1 B/R","B1-047","","","IMG World Adventures","0","0","",""
"11-28829-2026","2026-09-22 16:53:41","Sales","Sale","Ready","Free Hold","Residential","BUSINESS BAY","Unit","Flat","1539000","121.64","121.64","2 B/R","B2-05, B2-06","Business Bay Metro Station","Dubai Mall","Downtown Dubai","0","0","","ELITE BUSINESS BAY RESIDENCE"
"11-28830-2026","2026-09-22 16:59:53","Sales","Sale","Ready","Free Hold","Residential","BUSINESS BAY","Unit","Flat","2647500","201.45","201.45","4 B/R","P1-109, P1-110","Business Bay Metro Station","Dubai Mall","Downtown Dubai","0","0","","ELITE BUSINESS BAY RESIDENCE"
"11-28831-2026","2026-09-22 17:02:00","Sales","Sale","Ready","Free Hold","Residential","BUSINESS BAY","Unit","Flat","2667000","203.38","203.38","4 B/R","B1-81, B1-83","Business Bay Metro Station","Dubai Mall","Downtown Dubai","0","0","","ELITE BUSINESS BAY RESIDENCE"
"11-28832-2026","2026-09-22 17:06:50","Sales","Sale","Ready","Free Hold","Residential","BUSINESS BAY","Unit","Flat","2661200","201.45","201.45","4 B/R","P2-87, P2-88","Business Bay Metro Station","Dubai Mall","Downtown Dubai","0","0","","ELITE BUSINESS BAY RESIDENCE"
"11-28844-2026","2026-09-23 11:36:11","Sales","Sale","Ready","Free Hold","Residential","DUBAI CREEK HARBOUR","Unit","Flat","2150000","95.55","95.55","2 B/R","G-4A-006","Creek Metro Station","City Centre Mirdif","Dubai International Airport","0","0","","Creek Beach - Savanna-Cedar-Mangrove"
"11-28927-2026","2026-09-24 12:23:05","Sales","Sale","Ready","Free Hold","Residential","AL FURJAN","Building","Villa","4100000","230.9","230.9","4 B/R","","Ibn Battuta Metro Station","Ibn-e-Battuta Mall","Sports City Swimming Academy","0","0","",""
"11-28971-2026","2026-09-23 09:32:26","Sales","Sale","Ready","Free Hold","Residential","PALM JUMEIRAH","Unit","Flat","7375000","162.5","162.5","2 B/R","B-173, B-174","Mina Seyahi","Marina Mall","Burj Al Arab","0","0","","SERENIA LIVING"
"11-28988-2026","2026-09-22 15:45:39","Sales","Sale","Ready","Free Hold","Residential","DUBAI LAND RESIDENCE COMPLEX","Unit","Flat","415000","50.71","50.71","Studio","B1-26","","","IMG World Adventures","0","0","","PHOENIX TOWER"
"11-28993-2026","2026-09-23 10:23:39","Sales","Sale","Ready","Free Hold","Residential","DUBAI CREEK HARBOUR","Unit","Flat","1500000","65.88","65.88","1 B/R","B1-42","","","","0","0","","HARBOUR VIEWS"
"11-29017-2026","2026-09-24 11:43:50","Sales","Sale","Ready","Free Hold","Residential","DUBAI SPORTS CITY","Unit","Flat","730000","74.24","74.24","1 B/R","B2-042","Nakheel Metro Station","Marina Mall","Sports City Swimming Academy","0","0","","BERMUDA VIEWS"
"11-29033-2026","2026-09-22 15:43:50","Sales","Sale","Ready","Free Hold","Residential","INTERNATIONAL CITY PH 1","Unit","Shop","465000","48","48","NA","","Rashidiya Metro Station","City Centre Mirdif","","0","0","",""
"11-29035-2026","2026-09-22 15:48:00","Sales","Sale","Ready","Free Hold","Residential","INTERNATIONAL CITY PH 1","Unit","Shop","377812","39","39","NA","","Rashidiya Metro Station","City Centre Mirdif","","0","0","",""
"11-29039-2026","2026-09-22 15:53:30","Sales","Sale","Ready","Free Hold","Residential","INTERNATIONAL CITY PH 1","Unit","Shop","649063","67","67","NA","","Rashidiya Metro Station","City Centre Mirdif","","0","0","",""
"11-29040-2026","2026-09-22 15:57:03","Sales","Sale","Ready","Free Hold","Residential","INTERNATIONAL CITY PH 1","Unit","Shop","639375","66","66","NA","","Rashidiya Metro Station","City Centre Mirdif","","0","0","",""
"11-29041-2026","2026-09-22 16:02:09","Sales","Sale","Ready","Free Hold","Residential","INTERNATIONAL CITY PH 1","Unit","Shop","474687","49","49","NA","","Rashidiya Metro Station","City Centre Mirdif","","0","0","",""
"11-29042-2026","2026-09-22 16:07:58","Sales","Sale","Ready","Free Hold","Residential","INTERNATIONAL CITY PH 1","Unit","Shop","377812","39","39","NA","","Rashidiya Metro Station","City Centre Mirdif","","0","0","",""
"11-29045-2026","2026-09-24 10:11:24","Sales","Sale","Ready","Free Hold","Residential","BUSINESS BAY","Unit","Flat","1120000","73.97","73.97","1 B/R","B-13","Business Bay Metro Station","Dubai Mall","Downtown Dubai","0","0","","FAIR VIEW RESIDENCY"
"11-29055-2026","2026-09-22 16:11:36","Sales","Sale","Ready","Free Hold","Residential","INTERNATIONAL CITY PH 1","Unit","Shop","377812","39","39","NA","","Rashidiya Metro Station","City Centre Mirdif","","0","0","",""
"11-29058-2026","2026-09-22 17:37:31","Sales","Sale","Ready","Free Hold","Residential","DUBAI LAND RESIDENCE COMPLEX","Unit","Flat","400000","50.71","50.71","Studio","B1-12","","","IMG World Adventures","0","0","","PHOENIX TOWER"
"11-29059-2026","2026-09-22 15:24:40","Sales","Sale","Ready","Free Hold","Residential","JUMEIRAH VILLAGE CIRCLE","Unit","Flat","1250000","102.17","102.17","1 B/R","P3-11","Nakheel Metro Station","Marina Mall","Sports City Swimming Academy","0","0","","Westwood Grande by Imtiaz"
"11-29065-2026","2026-09-23 12:28:13","Sales","Sale","Ready","Non Free Hold","Residential","Nad Al Shiba Third","Land","","5000000","468.82","468.82","","","Rashidiya Metro Station","City Centre Mirdif","","0","0","",""
"11-29066-2026","2026-09-22 15:16:06","Sales","Sale","Ready","Free Hold","Commercial","JUMEIRAH PARK","Land","Commercial","9600000","510","510","","","Jumeirah Lakes Towers","Marina Mall","Sports City Swimming Academy","0","0","",""
"11-29070-2026","2026-09-22 15:32:54","Sales","Sale","Ready","Free Hold","Residential","JUMEIRAH LAKES TOWERS","Unit","Office","3300000","125.98","125.98","Office","DMCC-2071","Damac Properties","Marina Mall","Burj Al Arab","0","0","","JUMEIRAH BUSINESS CENTRE2"
"11-29071-2026","2026-09-22 16:05:41","Sales","Sale","Ready","Free Hold","Residential","BURJ KHALIFA","Unit","Flat","2700000","131.08","131.08","2 B/R","B1-1008","Buj Khalifa Dubai Mall Metro Station","Dubai Mall","Downtown Dubai","0","0","","DD BOULEVARD CENTRAL"
"11-29072-2026","2026-09-22 15:39:31","Sales","Sale","Ready","Free Hold","Residential","JUMEIRAH VILLAGE CIRCLE","Unit","Flat","1200000","78.1","78.1","1 B/R","P2-54","Dubai Internet City","Mall of the Emirates","Sports City Swimming Academy","0","0","","Binghatti Apex"
"11-29073-2026","2026-09-22 17:36:14","Sales","Sale","Ready","Free Hold","Residential","AL FURJAN","Unit","Shop","3393467","108.74","108.74","NA","G-01,G02","Ibn Battuta Metro Station","Ibn-e-Battuta Mall","Expo 2020 Site","0","0","","EQUITI ARCADE"
"11-29074-2026","2026-09-22 17:42:21","Sales","Sale","Ready","Free Hold","Residential","AL FURJAN","Unit","Shop","2322433","74.42","74.42","NA","G-03","Ibn Battuta Metro Station","Ibn-e-Battuta Mall","Expo 2020 Site","0","0","","EQUITI ARCADE"
"11-29077-2026","2026-09-22 16:40:02","Sales","Sale","Ready","Free Hold","Residential","DUBAI PRODUCTION CITY","Unit","Flat","390000","33.93","33.93","Studio","B3-391","Damac Properties","Marina Mall","Sports City Swimming Academy","0","0","","LAKESIDE"
"11-29078-2026","2026-09-22 17:32:30","Sales","Sale","Ready","Free Hold","Residential","REMRAAM","Unit","Flat","900000","93.42","93.42","2 B/R","TD49-G-102","","","Motor City","0","0","","REMRAAM"
"11-29079-2026","2026-09-22 16:57:20","Sales","Sale","Ready","Free Hold","Residential","BUSINESS BAY","Unit","Flat","1350000","45.75","45.75","Studio","B1-374","Business Bay Metro Station","Dubai Mall","Downtown Dubai","0","0","","Peninsula Four"
"11-29080-2026","2026-09-22 16:54:12","Sales","Sale","Ready","Free Hold","Residential","Madinat Hind 4","Land","Residential","685000","174.8","174.8","","","","","","0","0","",""
"11-29081-2026","2026-09-22 18:06:47","Sales","Sale","Ready","Free Hold","Residential","INTERNATIONAL CITY PH 1","Unit","Flat","360000","45","45","Studio","","Rashidiya Metro Station","City Centre Mirdif","","0","0","",""
"11-29082-2026","2026-09-22 18:17:47","Sales","Sale","Ready","Free Hold","Residential","PALM JUMEIRAH","Unit","Flat","6200000","163.46","163.46","2 B/R","B1-50","Palm Jumeirah","Marina Mall","Burj Al Arab","0","0","","FAIRMONT PALM RESIDENCE"
"11-29083-2026","2026-09-22 18:54:53","Sales","Sale","Ready","Free Hold","Residential","Al Satwa","Unit","Flat","950000","40.06","40.06","Studio","B2-07","Trade Centre Metro Station","Dubai Mall","Burj Khalifa","0","0","","KORO ONE"
"11-29084-2026","2026-09-22 19:35:00","Sales","Sale","Ready","Free Hold","Residential","DUBAI SPORTS CITY","Unit","Flat","590000","70.73","70.73","1 B/R","B2-12","Dubai Internet City","Marina Mall","Sports City Swimming Academy","0","0","","RED RESIDENCE"
"11-29085-2026","2026-09-23 08:14:42","Sales","Sale","Ready","Free Hold","Residential","DUBAI PRODUCTION CITY","Unit","Flat","805000","59.21","59.21","1 B/R","BZ2N13","Harbour Tower","Ibn-e-Battuta Mall","Sports City Swimming Academy","0","0","","MIDTOWN - AFNAN"
"11-29086-2026","2026-09-23 08:23:47","Sales","Sale","Ready","Free Hold","Residential","ARJAN","Unit","Flat","1000000","71.33","71.33","1 B/R","G-127","Sharaf Dg Metro Station","Mall of the Emirates","Motor City","0","0","","SUNRISE LEGEND"
"11-29087-2026","2026-09-23 08:53:49","Sales","Sale","Ready","Free Hold","Residential","INTERNATIONAL CITY PH 1","Unit","Flat","350000","45","45","Studio","","Rashidiya Metro Station","City Centre Mirdif","","0","0","",""
"11-29088-2026","2026-09-23 09:01:51","Sales","Sale","Ready","Free Hold","Residential","Madinat Hind 4","Land","Residential","2050000","174.8","174.8","","","","","","0","0","","DAMAC HILLS (2) - CLARET"
"11-29089-2026","2026-09-23 10:19:01","Sales","Sale","Ready","Free Hold","Residential","JUMEIRAH VILLAGE CIRCLE","Unit","Flat","1090647","78.89","78.89","1 B/R","P3-87","Nakheel Metro Station","Marina Mall","Sports City Swimming Academy","0","0","","Luma Park Views"
"11-29091-2026","2026-09-23 10:07:53","Sales","Sale","Ready","Free Hold","Residential","BUSINESS BAY","Unit","Hotel Apartment","1827156","128.91","128.91","2 B/R","P6-163","Buj Khalifa Dubai Mall Metro Station","Dubai Mall","Downtown Dubai","0","0","","DAMAC TOWERS BY PARAMOUNT"
"11-29092-2026","2026-09-23 10:23:26","Sales","Sale","Ready","Free Hold","Residential","DUBAI PRODUCTION CITY","Unit","Flat","1420355","231.22","231.22","2 B/R","1ST-100","Damac Properties","Marina Mall","Sports City Swimming Academy","0","0","","CENTRIUM TOWER"
"11-29093-2026","2026-09-23 13:55:46","Sales","Sale","Ready","Free Hold","Residential","JUMEIRAH LAKES TOWERS","Unit","Flat","900000","58.05","58.05","Studio","P - 259","Jumeirah Lakes Towers","Marina Mall","Sports City Swimming Academy","0","0","","INDIGO TOWER"
"11-29094-2026","2026-09-23 11:28:18","Sales","Sale","Ready","Free Hold","Residential","INTERNATIONAL CITY PH 1","Unit","Flat","650000","82.22","82.22","1 B/R","P-UB 28","Rashidiya Metro Station","City Centre Mirdif","","0","0","",""
"11-29095-2026","2026-09-23 11:37:51","Sales","Sale","Ready","Free Hold","Residential","BUSINESS BAY","Unit","Flat","1305000","97.27","97.27","2 B/R","B3-8","Business Bay Metro Station","Dubai Mall","Downtown Dubai","0","0","","EXECUTIVE BAY B"
"11-29096-2026","2026-09-23 12:39:20","Sales","Sale","Ready","Free Hold","Residential","Madinat Hind 4","Land","Residential","2025000","174.81","174.81","","","","","","0","0","","DAMAC HILLS (2) - PACIFICA "
"11-29097-2026","2026-09-23 09:53:58","Sales","Sale","Ready","Free Hold","Residential","DUBAI MARINA","Unit","Flat","1900000","127.28","127.28","2 B/R","B3-21","Jumeirah Beach Residency","Marina Mall","Sports City Swimming Academy","0","0","",""
"11-29098-2026","2026-09-23 09:38:32","Sales","Sale","Ready","Free Hold","Residential","ARJAN","Unit","Flat","1310000","94.32","94.32","2 B/R","B1-101","Sharaf Dg Metro Station","Mall of the Emirates","Motor City","0","0","","SKYZ By Danube"
"11-29099-2026","2026-09-23 10:16:24","Sales","Sale","Ready","Free Hold","Residential","MIRA","Building","Villa","3050000","269.09","269.09","3 B/R","","","","Dubai Cycling Course","0","0","","REEM - MIRA OASIS COMMUNITY"
"11-29100-2026","2026-09-23 12:58:36","Sales","Sale","Ready","Free Hold","Residential","Madinat Hind 4","Land","Residential","1304000","112.24","112.24","","","","","","0","0","","DAMAC HILLS (2) - AVENCIA-2 "
"11-29101-2026","2026-09-23 09:58:38","Sales","Sale","Ready","Free Hold","Residential","JUMEIRAH VILLAGE TRIANGLE","Land","Residential","6700000","637.66","637.66","","","Damac Properties","Marina Mall","Sports City Swimming Academy","0","0","",""
"11-29102-2026","2026-09-23 10:34:40","Sales","Sale","Ready","Free Hold","Residential","DUBAI PRODUCTION CITY","Unit","Flat","900000","116.69","116.69","2 B/R","B-346","Damac Properties","Marina Mall","Sports City Swimming Academy","0","0","","LAGO VISTA"
"11-29103-2026","2026-09-23 10:28:50","Sales","Sale","Ready","Free Hold","Residential","PALM JUMEIRAH","Unit","Flat","30000000","595.25","595.25","4 B/R","B-479, B-480, B-481","Mina Seyahi","Marina Mall","Burj Al Arab","0","0","","SERENIA LIVING"
"11-29104-2026","2026-09-23 10:49:40","Sales","Sale","Ready","Free Hold","Residential","DUBAI SPORTS CITY","Unit","Flat","550000","59.93","59.93","Studio","B2-A-106","Nakheel Metro Station","Marina Mall","Sports City Swimming Academy","0","0","","Canal Residence West 2"
"11-29105-2026","2026-09-23 12:07:01","Sales","Sale","Ready","Free Hold","Residential","BURJ KHALIFA","Unit","Flat","1317611.48","71.22","71.22","1 B/R","P2-08","Buj Khalifa Dubai Mall Metro Station","Dubai Mall","Downtown Dubai","0","0","","THE DISTINCTION"
"11-29106-2026","2026-09-23 12:00:56","Sales","Sale","Ready","Free Hold","Residential","Al Satwa","Unit","Flat","1460000","79.47","79.47","1 B/R","P1-45","Emirates Towers Metro Station","Dubai Mall","Burj Khalifa","0","0","",""
"11-29107-2026","2026-09-23 11:38:05","Sales","Sale","Ready","Free Hold","Residential","BUSINESS BAY","Unit","Flat","1000000","41.7","41.7","Studio","","Business Bay Metro Station","Dubai Mall","Downtown Dubai","0","0","","PRIVE BY DAMAC"
"11-29108-2026","2026-09-23 10:26:40","Sales","Sale","Ready","Free Hold","Residential","SERENA","Building","Villa","2425000","172.5","172.5","2 B/R","","","","Hamdan Sports Complex","0","0","","Serena Casa Dora"
"11-29109-2026","2026-09-23 11:07:42","Sales","Sale","Ready","Free Hold","Residential","JUMEIRAH VILLAGE CIRCLE","Unit","Flat","930000","64.51","64.51","1 B/R","P1-03","Dubai Internet City","Marina Mall","Sports City Swimming Academy","0","0","","Binghatti Corner"
"11-29110-2026","2026-09-23 11:22:24","Sales","Sale","Ready","Free Hold","Residential","MUDON","Land","Residential","4700000","330.89","330.89","","","","","Dubai Cycling Course","0","0","","Arabella 3"
"11-29111-2026","2026-09-23 10:47:17","Sales","Sale","Ready","Free Hold","Commercial","Jabal Ali First","Land","Commercial","5450000","359.06","359.06","","","","","","0","0","","Jebel Ali Village Townhouses - Phase 3"
"11-29112-2026","2026-09-23 10:28:46","Sales","Sale","Ready","Free Hold","Residential","JUMEIRAH VILLAGE CIRCLE","Unit","Flat","630000","77.56","77.56","1 B/R","B1-11","Nakheel Metro Station","Marina Mall","Sports City Swimming Academy","0","0","","SEASONS COMMUNITY- SUMMER"
"11-29113-2026","2026-09-23 14:56:02","Sales","Sale","Ready","Free Hold","Residential","BUSINESS BAY","Unit","Office","1673557","81.19","81.19","NA","P3059","Business Bay Metro Station","Dubai Mall","Downtown Dubai","0","0","","BAYSWATER"
"11-29114-2026","2026-09-23 10:46:52","Sales","Sale","Ready","Free Hold","Residential","DUBAI MARINA","Unit","Flat","1715000","109.53","109.53","2 B/R","05 (B3)","Jumeirah Lakes Towers","Marina Mall","Sports City Swimming Academy","0","0","",""
"11-29115-2026","2026-09-23 10:42:37","Sales","Sale","Ready","Free Hold","Residential","DUBAI LAND RESIDENCE COMPLEX","Unit","Flat","520000","78.29","78.29","1 B/R","P1 F 77","","","IMG World Adventures","0","0","","SKY COURTS"
"11-29116-2026","2026-09-23 10:29:07","Sales","Sale","Ready","Free Hold","Residential","DUBAI HILLS","Building","Villa","5565000","270.31","270.31","4 B/R","","First Abu Dhabi Bank Metro Station","Mall of the Emirates","Global Village","0","0","","Maple III"
"11-29117-2026","2026-09-23 10:40:15","Sales","Sale","Ready","Free Hold","Residential","DUBAI LAND RESIDENCE COMPLEX","Unit","Flat","510000","38.07","38.07","Studio","B2-27","","","IMG World Adventures","0","0","","THE V TOWER"
"11-29118-2026","2026-09-23 10:53:48","Sales","Sale","Ready","Free Hold","Residential","DUBAI MARINA","Unit","Flat","1450000","156.3","156.3","1 B/R","B2-05","Jumeirah Beach Residency","Marina Mall","Burj Al Arab","0","0","","MARINA WHARF II"
"11-29119-2026","2026-09-23 14:58:57","Sales","Sale","Ready","Free Hold","Residential","BURJ KHALIFA","Unit","Flat","3800000","155.67","155.67","2 B/R","P4-05","Buj Khalifa Dubai Mall Metro Station","Dubai Mall","Downtown Dubai","0","0","","EXQUISITE LIVING RESIDENCES"
"11-29120-2026","2026-09-23 11:20:47","Sales","Sale","Ready","Free Hold","Residential","Al Yufrah 1","Land","Residential","8100000","929.03","929.03","","","","","","0","0","","The Valley - Farm Gardens"
"11-29121-2026","2026-09-23 11:10:58","Sales","Sale","Ready","Free Hold","Residential","INTERNATIONAL CITY PH 1","Unit","Shop","150000","13","26.01","Shop","49","Rashidiya Metro Station","City Centre Mirdif","","0","0","",""
"11-29122-2026","2026-09-23 10:49:19","Sales","Sale","Ready","Free Hold","Residential","DUBAI HEALTHCARE CITY - PHASE 2","Unit","Flat","690000","43.18","43.18","Studio","P2-08","Al Jadaf Metro Station","Dubai Mall","Downtown Dubai","0","0","","AL WALEED GARDEN 2"
"11-29123-2026","2026-09-23 10:51:36","Sales","Sale","Ready","Free Hold","Residential","PALM JUMEIRAH","Unit","Flat","4500000","120.4","120.4","1 B/R","P2-2451","Knowledge Village","Marina Mall","Burj Al Arab","0","0","","TIARA RESIDENCE"
"11-29124-2026","2026-09-23 10:59:27","Sales","Sale","Ready","Free Hold","Residential","Al Yufrah 1","Building","Villa","2775000","137.91","137.91","3 B/R","","","","","0","0","","The Valley - Elora"
"11-29125-2026","2026-09-23 11:03:06","Sales","Sale","Ready","Free Hold","Residential","JUMEIRAH VILLAGE CIRCLE","Unit","Flat","830000","91.33","91.33","1 B/R","B-151","Dubai Internet City","Mall of the Emirates","Sports City Swimming Academy","0","0","","Laya Residences"
"11-29126-2026","2026-09-23 11:20:10","Sales","Sale","Ready","Free Hold","Residential","JUMEIRAH VILLAGE CIRCLE","Unit","Flat","1880000","135.59","135.59","2 B/R","P-64","Nakheel Metro Station","Marina Mall","Sports City Swimming Academy","0","0","","BELGRAVIA III"
"11-29127-2026","2026-09-23 11:46:59","Sales","Sale","Ready","Free Hold","Residential","DUBAI MARINA","Unit","Flat","1700000","116.91","116.91","2 B/R","B4-60","Marina Towers","Marina Mall","Burj Al Arab","0","0","","TORCH TOWER"
"11-29128-2026","2026-09-23 17:24:13","Sales","Sale","Ready","Free Hold","Residential","DUBAI MARINA","Unit","Flat","1700000","163.92","163.92","3 B/R","B-04","Jumeirah Beach Residency","Marina Mall","Sports City Swimming Academy","0","0","","THE ZEN"
"11-29129-2026","2026-09-23 13:45:14","Sales","Sale","Ready","Free Hold","Residential","REMRAAM","Unit","Flat","1670000","137.38","137.38","3 B/R","TC14-G-35 , TC14-G-36","","","Motor City","0","0","","REMRAAM"
"11-29130-2026","2026-09-23 11:14:32","Sales","Sale","Ready","Free Hold","Residential","Madinat Hind 4","Land","Residential","1250000","112.24","112.24","","","","","","0","0","","DAMAC HILLS (2) - VARDON "
"11-29132-2026","2026-09-23 11:39:47","Sales","Sale","Ready","Free Hold","Residential","JUMEIRAH BEACH RESIDENCE","Unit","Flat","1900000","130.57","130.57","2 B/R","B736","Jumeirah Beach Residency","Marina Mall","Burj Al Arab","0","0","",""
"11-29133-2026","2026-09-23 11:25:23","Sales","Sale","Ready","Free Hold","Residential","THE GREENS","Unit","Flat","3000000","188.29","188.29","2 B/R","377","Dubai Internet City","Marina Mall","Burj Al Arab","0","0","",""
"11-29134-2026","2026-09-23 11:03:37","Sales","Sale","Ready","Free Hold","Residential","Al Yufrah 1","Building","Villa","3500000","231.12","231.12","4 B/R","","","","","0","0","","The Valley - Elora"
"11-29135-2026","2026-09-23 11:35:31","Sales","Sale","Ready","Non Free Hold","Commercial","Hor Al Anz","Land","Commercial","4500000","332.87","332.87","","","Abu Baker Al Siddique Metro Station","","Dubai International Airport","0","0","",""
"11-29136-2026","2026-09-23 11:25:48","Sales","Sale","Ready","Free Hold","Residential","INTERNATIONAL CITY PH 1","Unit","Flat","566000","62.65","62.65","2 B/R","1","Rashidiya Metro Station","City Centre Mirdif","","0","0","",""
"11-29137-2026","2026-09-23 12:40:29","Sales","Sale","Ready","Free Hold","Residential","THE GREENS","Unit","Flat","1194928","75.8","75.8","1 B/R","286","Dubai Internet City","Marina Mall","Burj Al Arab","0","0","",""
"11-29138-2026","2026-09-23 11:27:27","Sales","Sale","Ready","Free Hold","Residential","JUMEIRAH VILLAGE CIRCLE","Unit","Flat","693000","42.24","42.24","Studio","P2-42","Dubai Internet City","Mall of the Emirates","Sports City Swimming Academy","0","0","","Hadley Heights"
"11-29139-2026","2026-09-23 12:27:34","Sales","Sale","Ready","Free Hold","Residential","PALM JUMEIRAH","Unit","Flat","1250000","48.99","48.99","Studio","B-523","Al Sufouh","Mall of the Emirates","Burj Al Arab","0","0","","ROYAL AMWAJ"
"11-29140-2026","2026-09-23 13:05:49","Sales","Sale","Ready","Free Hold","Residential","INTERNATIONAL CITY PH 2 & 3","Unit","Flat","882825","69.17","69.17","1 B/R","P-07","Rashidiya Metro Station","City Centre Mirdif","","0","0","",""
"11-29141-2026","2026-09-23 11:09:58","Sales","Sale","Ready","Free Hold","Residential","DUBAI MARINA","Unit","Hotel Rooms","1395000","31.56","31.56","Studio","EU","Jumeirah Beach Residency","Marina Mall","Sports City Swimming Academy","0","0","","TFG MARINA"
"11-29142-2026","2026-09-23 11:32:22","Sales","Sale","Ready","Free Hold","Residential","BUSINESS BAY","Unit","Flat","2300000","162.01","162.01","3 B/R","P6-143 & P6-144","Buj Khalifa Dubai Mall Metro Station","Dubai Mall","Downtown Dubai","0","0","","DAMAC TOWERS BY PARAMOUNT"
"11-29143-2026","2026-09-24 11:46:13","Sales","Sale","Ready","Free Hold","Residential","JUMEIRAH VILLAGE CIRCLE","Unit","Flat","1800000","216.84","216.84","2 B/R","B-145.B-146","Dubai Internet City","Mall of the Emirates","Sports City Swimming Academy","0","0","","TUSCAN RESIDENCES1 - SIENA"
"11-29144-2026","2026-09-23 11:27:45","Sales","Sale","Ready","Free Hold","Residential","BUSINESS BAY","Unit","Office","2857143","135.09","135.09","Office","B3-83","Business Bay Metro Station","Dubai Mall","Downtown Dubai","0","0","","WESTBURRY TOWER"
"11-29145-2026","2026-09-23 12:58:50","Sales","Sale","Ready","Free Hold","Residential","Madinat Hind 4","Land","Residential","705000.12","89.02","178.04","","","","","","0","0","","DAMAC HILLS (2) - BASSWOOD "
"11-29146-2026","2026-09-23 11:30:56","Sales","Sale","Ready","Free Hold","Residential","DUBAI SPORTS CITY","Unit","Flat","680000","61.42","61.42","1 B/R","B2-S-106","Nakheel Metro Station","Marina Mall","Sports City Swimming Academy","0","0","","Canal Residence West 2"
"11-29147-2026","2026-09-23 11:33:04","Sales","Sale","Ready","Free Hold","Residential","JUMEIRAH VILLAGE CIRCLE","Building","Villa","2800000","135.32","135.32","4 B/R","","Nakheel Metro Station","Marina Mall","Sports City Swimming Academy","0","0","","SEASONS COMMUNITY- SUMMER"
"11-29148-2026","2026-09-23 12:13:24","Sales","Sale","Ready","Free Hold","Residential","MUDON","Land","Residential","2300000","163.11","163.11","","","","","Dubai Cycling Course","0","0","","Arabella 3"
"11-29149-2026","2026-09-23 12:23:06","Sales","Sale","Ready","Free Hold","Residential","MUDON","Land","Residential","3500000","273","273","","","","","Dubai Cycling Course","0","0","","Arabella 3"
"11-29150-2026","2026-09-23 12:23:56","Sales","Sale","Ready","Free Hold","Residential","JUMEIRAH VILLAGE CIRCLE","Unit","Flat","1280000","132.43","132.43","2 B/R","P-122","Dubai Internet City","Mall of the Emirates","Sports City Swimming Academy","0","0","","LE GRAND CHATEAU"
"11-29151-2026","2026-09-23 12:05:59","Sales","Sale","Ready","Free Hold","Residential","Madinat Hind 4","Land","Residential","1400000","124.66","124.66","","","","","","0","0","","DAMAC HILLS (2) - ALBIZIA "
"11-29152-2026","2026-09-23 12:15:41","Sales","Sale","Ready","Free Hold","Residential","MEYDAN ONE","Unit","Flat","820000","39.87","39.87","1 B/R","B1-44","Buj Khalifa Dubai Mall Metro Station","Dubai Mall","Downtown Dubai","0","0","","Azizi Riviera 47"
"11-29153-2026","2026-09-23 11:47:27","Sales","Sale","Ready","Free Hold","Residential","Zaabeel Second","Unit","Flat","3110000","104.92","104.92","2 B/R","P3-202","Financial Centre","Dubai Mall","Burj Khalifa","0","0","","Downtown Views II"
"11-29154-2026","2026-09-23 12:40:30","Sales","Sale","Ready","Free Hold","Residential","LIWAN","Unit","Flat","814000","77.14","77.14","1 B/R","","","","IMG World Adventures","0","0","",""
"11-29155-2026","2026-09-23 14:13:16","Sales","Sale","Ready","Free Hold","Residential","DUBAI HEALTHCARE CITY - PHASE 2","Unit","Flat","695000","50.17","50.17","Studio","B-03","Healthcare City Metro Station","Dubai Mall","Downtown Dubai","0","0","","Farhad Azizi Residence"
"11-29156-2026","2026-09-23 12:36:00","Sales","Sale","Ready","Free Hold","Residential","Jabal Ali First","Land","Residential","8800000","630","630","","","","","","0","0","","Jebel Ali Village "
"11-29157-2026","2026-09-23 12:53:48","Sales","Sale","Ready","Non Free Hold","Residential","Al Jafliya","Land","Residential","583330","72.73","498.7","","","Al Jafiliya Metro Station","Dubai Mall","Burj Khalifa","0","0","",""
"11-29158-2026","2026-09-23 12:14:32","Sales","Sale","Ready","Free Hold","Residential","THE GREENS","Unit","Flat","1280000","70.02","70.02","1 B/R","192.","Dubai Internet City","Marina Mall","Burj Al Arab","0","0","",""
"11-29159-2026","2026-09-23 12:19:02","Sales","Sale","Ready","Free Hold","Residential","ARJAN","Unit","Flat","2000000","136.54","136.54","3 B/R","G-346","Sharaf Dg Metro Station","Mall of the Emirates","Motor City","0","0","","Vincitore Benessere"
"11-29160-2026","2026-09-23 13:06:52","Sales","Sale","Ready","Free Hold","Residential","INTERNATIONAL CITY PH 1","Unit","Flat","420000","68","68","1 B/R","","Rashidiya Metro Station","City Centre Mirdif","Dubai International Airport","0","0","",""
"11-29161-2026","2026-09-23 12:02:19","Sales","Sale","Ready","Free Hold","Residential","BUSINESS BAY","Unit","Flat","755552","43.87","43.87","Studio","P3-94","Business Bay Metro Station","Dubai Mall","Downtown Dubai","0","0","","AG TOWER"
"11-29162-2026","2026-09-23 12:24:32","Sales","Sale","Ready","Free Hold","Residential","DUBAI CREEK HARBOUR","Unit","Flat","2200000","91.99","91.99","2 B/R","M-4B-005","Creek Metro Station","City Centre Mirdif","Dubai International Airport","0","0","","Creek Beach - Savanna-Cedar-Mangrove"
"11-29163-2026","2026-09-23 12:27:28","Sales","Sale","Ready","Free Hold","Residential","Wadi Al Safa 5","Land","Residential","7500000","456","456","","","","","","0","0","","Arabian Ranches lll - Elie Saab ll"
"11-29164-2026","2026-09-23 12:39:21","Sales","Sale","Ready","Free Hold","Residential","Madinat Hind 4","Land","Residential","1625000","175.17","175.17","","","","","","0","0",""," DAMAC HILLS (2)  - SANCTNARY"
"11-29166-2026","2026-09-23 12:28:26","Sales","Sale","Ready","Free Hold","Residential","INTERNATIONAL CITY PH 2 & 3","Land","Unit","20500000","2817.16","2817.16","","","Rashidiya Metro Station","City Centre Mirdif","","0","0","",""
"11-29167-2026","2026-09-23 13:03:34","Sales","Sale","Ready","Free Hold","Residential","DUBAI MARINA","Unit","Flat","1925000","73.95","73.95","1 B/R","P3-3198","Jumeirah Beach Resdency","Marina Mall","Burj Al Arab","0","0","","PARK ISLANDS"
"11-29168-2026","2026-09-23 13:13:38","Sales","Sale","Ready","Free Hold","Residential","DUBAI SPORTS CITY","Unit","Flat","900000","72.48","72.48","1 B/R","B-34","Nakheel Metro Station","Marina Mall","Sports City Swimming Academy","0","0","","Golf Vista Heights"
"11-29169-2026","2026-09-23 12:39:16","Sales","Sale","Ready","Free Hold","Residential","DAMAC HILLS","Unit","Flat","580000","40.22","40.22","Studio","UG-8","","","Motor City","0","0","","DAMAC HILLS - ORCHID"
"11-29171-2026","2026-09-23 13:14:11","Sales","Sale","Ready","Free Hold","Residential","EMAAR SOUTH","Building","Villa","2075000","144.32","144.32","3 B/R","","","","Al Makhtoum International Airport","0","0","","Parkside 3"
"11-29172-2026","2026-09-23 13:10:25","Sales","Sale","Ready","Free Hold","Residential","BUSINESS BAY","Unit","Flat","1200000","39.02","39.02","Studio","P1-93","Business Bay Metro Station","Dubai Mall","Downtown Dubai","0","0","","Peninsula Three"
"11-29173-2026","2026-09-23 13:20:49","Sales","Sale","Ready","Free Hold","Residential","SERENA","Building","Villa","3300000","281.28","281.28","3 B/R","","","","Hamdan Sports Complex","0","0","","SERENA BELLA CASA"
"11-29174-2026","2026-09-23 15:00:18","Sales","Sale","Ready","Non Free Hold","Residential","Al Twar Fourth","Land","Residential","1500000","529.58","529.58","","","Al Qusais Metro Station","City Centre Mirdif","Dubai International Airport","0","0","",""
"11-29175-2026","2026-09-23 14:24:15","Sales","Sale","Ready","Free Hold","Residential","Madinat Hind 4","Unit","Flat","610000","39.11","39.11","1 B/R","P-77","","","","0","0","","DAMAC HILLS (2) - NAVITAS (A & B) "
"11-29176-2026","2026-09-23 13:29:54","Sales","Sale","Ready","Free Hold","Residential","INTERNATIONAL CITY PH 1","Unit","Flat","335000","45.65","45.65","Studio","","Rashidiya Metro Station","City Centre Mirdif","","0","0","","INTERNATIONAL CITY EMARATI"
"11-29177-2026","2026-09-23 13:34:12","Sales","Sale","Ready","Free Hold","Residential","EMIRATE LIVING","Building","Villa","3300000","242.49","242.49","2 B/R","","Damac Properties","Marina Mall","Sports City Swimming Academy","0","0","","Emirates Living - Springs 2"
"11-29178-2026","2026-09-23 13:39:15","Sales","Sale","Ready","Free Hold","Residential","JUMEIRAH LAKES TOWERS","Unit","Office","1510000","94.7","94.7","Office","DMCC L2-2119 & 2120","Jumeirah Lakes Towers","Marina Mall","Sports City Swimming Academy","0","0","",""
"11-29179-2026","2026-09-23 13:24:49","Sales","Sale","Ready","Free Hold","Residential","ARJAN","Unit","Flat","1100000","79.39","79.39","1 B/R","G-41","Sharaf Dg Metro Station","Mall of the Emirates","Motor City","0","0","","Avelon Boulevard"
"11-29180-2026","2026-09-23 14:21:48","Sales","Sale","Ready","Free Hold","Residential","BUSINESS BAY","Unit","Flat","910000","42.07","42.07","Studio","P1-115","Business Bay Metro Station","Dubai Mall","Downtown Dubai","0","0","","PRIVE BY DAMAC"
"11-29181-2026","2026-09-23 14:05:09","Sales","Sale","Ready","Free Hold","Residential","DUBAI CREEK HARBOUR","Unit","Flat","4000000","113.87","113.87","2 B/R","L1-162","Creek Metro Station","Dubai Mall","Dubai International Airport","0","0","","The Grand "
"11-29182-2026","2026-09-23 13:53:13","Sales","Sale","Ready","Free Hold","Residential","Wadi Al Safa 5","Building","Villa","3200000","161","161","3 B/R","","","","","0","0","","La Rosa 4"
"11-29183-2026","2026-09-23 14:10:29","Sales","Sale","Ready","Free Hold","Residential","DISCOVERY GARDENS","Unit","Flat","1125000","127.45","127.45","2 B/R","","Harbour Tower","Ibn-e-Battuta Mall","Sports City Swimming Academy","0","0","",""
"11-29184-2026","2026-09-23 13:58:25","Sales","Sale","Ready","Free Hold","Residential","DUBAI CREEK HARBOUR","Unit","Flat","2600000","115.16","115.16","2 B/R","B2-145","Creek Metro Station","City Centre Mirdif","Dubai International Airport","0","0","","CREEKSIDE 18"
"11-29185-2026","2026-09-23 14:41:08","Sales","Sale","Ready","Free Hold","Residential","BUSINESS BAY","Unit","Flat","900000","43.74","43.74","1 B/R","P3-39","Buj Khalifa Dubai Mall Metro Station","Dubai Mall","Downtown Dubai","0","0","","REVA RESIDENCES"
"11-29186-2026","2026-09-23 14:22:01","Sales","Sale","Ready","Free Hold","Residential","JUMEIRAH LAKES TOWERS","Unit","Office","1200000","68.66","68.66","Office","L3 3196","Jumeirah Lakes Towers","Marina Mall","Sports City Swimming Academy","0","0","","AU TOWER"
"11-29187-2026","2026-09-23 14:42:36","Sales","Sale","Ready","Free Hold","Residential","ARJAN","Unit","Flat","650000","33.81","33.81","Studio","P3-7","Sharaf Dg Metro Station","Mall of the Emirates","Motor City","0","0","","SKYZ By Danube"
"11-29188-2026","2026-09-24 10:28:27","Sales","Sale","Ready","Free Hold","Residential","Madinat Hind 4","Land","Residential","2148000","187.72","187.72","","","","","","0","0","","DAMAC HILLS (2) - VERONA"
"11-29189-2026","2026-09-23 14:30:19","Sales","Sale","Ready","Free Hold","Residential","MAJAN","Unit","Flat","1050000","73.93","73.93","1 B/R","G-45","","","IMG World Adventures","0","0","","THE HAVEN"
"11-29190-2026","2026-09-23 15:07:24","Sales","Sale","Ready","Free Hold","Residential","JUMEIRAH VILLAGE CIRCLE","Unit","Flat","1250000","84.68","84.68","1 B/R","P1-36","Dubai Internet City","Mall of the Emirates","Sports City Swimming Academy","0","0","","Binghatti Apex"
"11-29191-2026","2026-09-23 15:32:59","Sales","Sale","Ready","Free Hold","Residential","MAJAN","Unit","Flat","1259055","77.98","77.98","1 B/R","G-64","","","IMG World Adventures","0","0","",""
"11-29193-2026","2026-09-23 17:04:30","Sales","Sale","Ready","Free Hold","Residential","Al Yelayiss 2","Building","Villa","3150000","174","174","3 B/R","","","","","0","0","","MAHA TOWNHOUSES "
"11-29194-2026","2026-09-23 14:28:00","Sales","Sale","Ready","Free Hold","Residential","JUMEIRAH LAKES TOWERS","Unit","Shop","2255000","93.42","93.42","Shop","DMCC-1272","Damac Properties","Marina Mall","Burj Al Arab","0","0","",""
"11-29195-2026","2026-09-23 15:20:13","Sales","Sale","Ready","Free Hold","Residential","DUBAI CREEK HARBOUR","Unit","Flat","4950000","169.9","169.9","3 B/R","B2-87,B2-88","Creek Metro Station","Dubai Mall","Dubai International Airport","0","0","","The Grand "
"11-29196-2026","2026-09-23 15:03:57","Sales","Sale","Ready","Free Hold","Residential","Madinat Hind 4","Land","Residential","4100000","505.46","505.46","","","","","","0","0","","DAMAC HILLS (2) - ACUNA "
"11-29197-2026","2026-09-23 14:46:38","Sales","Sale","Ready","Free Hold","Residential","DUBAI STUDIO CITY","Unit","Flat","1650000","153.04","153.04","3 B/R","B-125, B-146","Sharaf Dg Metro Station","Mall of the Emirates","Motor City","0","0","","GLITZ RESIDENCE 2"
"11-29198-2026","2026-09-23 15:27:02","Sales","Sale","Ready","Free Hold","Residential","INTERNATIONAL CITY PH 1","Unit","Flat","300000","44","44","Studio","","Rashidiya Metro Station","City Centre Mirdif","","0","0","",""
"11-29199-2026","2026-09-23 15:25:34","Sales","Sale","Ready","Free Hold","Residential","ARJAN","Unit","Flat","600000","48.03","48.03","Studio","B-72","Sharaf Dg Metro Station","Mall of the Emirates","Motor City","0","0","","BURJ VIEW RESIDENCE"
"11-29200-2026","2026-09-23 15:53:25","Sales","Sale","Ready","Free Hold","Residential","Al Hebiah Fifth","Land","Residential","3000000","144.71","144.71","","","","","","0","0","","DAMAC LAGOONS - COSTA BRAVA (1)"
"11-29201-2026","2026-09-23 14:50:49","Sales","Sale","Ready","Free Hold","Residential","THE FIELD","Building","Villa","3700000","231.63","231.63","4 B/R","","","","IMG World Adventures","0","0","","THE FIELDS AT D11 - MBRMC"
"11-29202-2026","2026-09-23 15:06:54","Sales","Sale","Ready","Free Hold","Residential","JUMEIRAH VILLAGE CIRCLE","Unit","Flat","1010000","77.93","77.93","1 B/R","P3-99","Dubai Internet City","Marina Mall","Sports City Swimming Academy","0","0","","Binghatti Orchid"
"11-29204-2026","2026-09-23 14:45:59","Sales","Sale","Ready","Free Hold","Residential","MOTOR CITY","Unit","Flat","870000","86.4","86.4","1 B/R","121 in FXH8","Sharaf Dg Metro Station","Mall of the Emirates","Motor City","0","0","",""
"11-29205-2026","2026-09-23 14:53:16","Sales","Sale","Ready","Free Hold","Residential","DUBAI SPORTS CITY","Unit","Flat","720000","79.51","79.51","1 B/R","B2-104","Nakheel Metro Station","Marina Mall","Sports City Swimming Academy","0","0","","OASIS TOWER ONE"
"11-29206-2026","2026-09-23 15:06:00","Sales","Sale","Ready","Free Hold","Residential","THE GREENS","Unit","Flat","1430000","68.38","68.38","1 B/R","1","Nakheel Metro Station","Marina Mall","Burj Al Arab","0","0","","TANARO"
"11-29207-2026","2026-09-23 15:11:26","Sales","Sale","Ready","Free Hold","Residential","JUMEIRAH LAKES TOWERS","Unit","Office","1425000","87.38","87.38","Office","DMCC L2-2121","Jumeirah Lakes Towers","Marina Mall","Sports City Swimming Academy","0","0","",""
"11-29208-2026","2026-09-23 15:59:53","Sales","Sale","Ready","Free Hold","Residential","Al Satwa","Unit","Flat","1890455","92.78","92.78","1 B/R","G-05","Emirates Towers Metro Station","Dubai Mall","Burj Khalifa","0","0","","Hyde Walk Residence by Imtiaz "
"11-29210-2026","2026-09-23 15:57:27","Sales","Sale","Ready","Free Hold","Residential","BURJ KHALIFA","Unit","Flat","2000000","74.52","74.52","1 B/R","B3-146","Buj Khalifa Dubai Mall Metro Station","Dubai Mall","Downtown Dubai","0","0","","29 BOULEVARD"
"11-29211-2026","2026-09-23 16:04:06","Sales","Sale","Ready","Free Hold","Residential","JUMEIRAH LAKES TOWERS","Unit","Office","2725000","126.88","126.88","Office","DMCC L2-2033,DMCC L2-2034","Jumeirah Lakes Towers","Marina Mall","Sports City Swimming Academy","0","0","","SABA TOWER 1"
"11-29212-2026","2026-09-23 18:45:58","Sales","Sale","Ready","Free Hold","Residential","BUSINESS BAY","Unit","Hotel Apartment","774000","39.54","39.54","Studio","P8-24","Business Bay Metro Station","Dubai Mall","Downtown Dubai","0","0","","AYKON CITY "
"11-29213-2026","2026-09-23 16:15:20","Sales","Sale","Ready","Free Hold","Residential","LIWAN","Unit","Flat","1599000","122.41","122.41","2 B/R","G-70","","","IMG World Adventures","0","0","",""
"11-29215-2026","2026-09-23 16:21:45","Sales","Sale","Ready","Free Hold","Residential","Al Yufrah 1","Land","Residential","7550000","798.23","798.23","","","","","","0","0","","The Valley - Farm Gardens"
"11-29216-2026","2026-09-23 16:43:02","Sales","Sale","Ready","Free Hold","Residential","AL FURJAN","Unit","Flat","790000","39.3","39.3","Studio","B1-08","Ibn Battuta Metro Station","Ibn-e-Battuta Mall","Sports City Swimming Academy","0","0","","Westwood By Imtiaz"
"11-29217-2026","2026-09-23 16:23:59","Sales","Sale","Ready","Free Hold","Residential","JUMEIRAH VILLAGE CIRCLE","Unit","Flat","1150000","84.42","84.42","1 B/R","P3-87","Dubai Internet City","Mall of the Emirates","Sports City Swimming Academy","0","0","","Binghatti Apex"
"11-29218-2026","2026-09-23 16:50:25","Sales","Sale","Ready","Free Hold","Residential","DUBAI MARINA","Unit","Flat","1500000","98.86","98.86","1 B/R","B2-60","Jumeirah Beach Residency","Marina Mall","Sports City Swimming Academy","0","0","",""
"11-29219-2026","2026-09-23 17:33:06","Sales","Sale","Ready","Free Hold","Residential","DUBAI SOUTH","Unit","Flat","690000","61.86","61.86","1 B/R","G-02","","","Expo 2020 Site","0","0","","MAG 5 BOULEVARD"
"11-29220-2026","2026-09-23 19:25:55","Sales","Sale","Ready","Free Hold","Residential","DUBAI LAND RESIDENCE COMPLEX","Unit","Flat","532000","51.14","51.14","Studio","P1-66","","","IMG World Adventures","0","0","","BLUE WAVE"
"11-29221-2026","2026-09-23 19:06:04","Sales","Sale","Ready","Free Hold","Residential","JUMEIRAH VILLAGE CIRCLE","Unit","Flat","879999","38.28","38.28","Studio","P4-23","Dubai Internet City","Mall of the Emirates","Sports City Swimming Academy","0","0","","Binghatti Apex"
"11-29222-2026","2026-09-24 12:26:15","Sales","Sale","Ready","Non Free Hold","Residential","Al Karama","Land","Residential Flats","15900000","211.35","211.35","","","ADCB Metro Station","Dubai Mall","Burj Khalifa","0","0","",""
"11-29223-2026","2026-09-24 08:53:01","Sales","Sale","Ready","Free Hold","Residential","SUSTAINABLE CITY","Building","Villa","4500000","194.81","194.81","3 B/R","","","","Dubai Cycling Course","0","0","","THE SUSTAINABLE CITY"
"11-29224-2026","2026-09-24 08:33:11","Sales","Sale","Ready","Free Hold","Residential","BUSINESS BAY","Unit","Office","1800000","82.48","82.48","Office","P3-100","Business Bay Metro Station","Dubai Mall","Downtown Dubai","0","0","","CITADEL TOWER"
"11-29225-2026","2026-09-24 09:10:52","Sales","Sale","Ready","Free Hold","Residential","BUSINESS BAY","Unit","Flat","1320000","74.2","74.2","2 B/R","P7-13","Business Bay Metro Station","Dubai Mall","Downtown Dubai","0","0","","AYKON CITY 2"
"11-29226-2026","2026-09-24 09:03:09","Sales","Sale","Ready","Free Hold","Commercial","Jabal Ali First","Land","Commercial","7250000","607.71","607.71","","","","","","0","0","","Murooj Al Furjan 2 "
"11-29227-2026","2026-09-24 09:32:06","Sales","Sale","Ready","Free Hold","Residential","PALM JUMEIRAH","Unit","Flat","3402000","152.9","152.9","2 B/R","B2-432","Palm Jumeirah","Marina Mall","Burj Al Arab","0","0","","VICEROY HOTEL RESORTS RESIDENCES"
"11-29229-2026","2026-09-24 11:31:47","Sales","Sale","Ready","Non Free Hold","Residential","Port Saeed","Land","Residential","2750000","173.17","173.17","","","Al Rigga Metro Station","Dubai Mall","Dubai International Airport","0","0","",""
"11-29230-2026","2026-09-24 09:41:39","Sales","Sale","Ready","Free Hold","Residential","Al Kifaf","Unit","Flat","1800000","83.42","83.42","1 B/R","B1-149","Al Jafiliya Metro Station","Dubai Mall","Burj Khalifa","0","0","","1 Residences "
"11-29231-2026","2026-09-24 11:05:19","Sales","Sale","Ready","Free Hold","Residential","Madinat Hind 4","Land","Residential","1740000","174.8","174.8","","","","","","0","0","","DAMAC HILLS (2) - CLARET"
"11-29232-2026","2026-09-24 11:41:50","Sales","Sale","Ready","Free Hold","Residential","DUBAI MARINA","Unit","Flat","2550000","70.12","70.12","1 B/R","P1-109","Dubai Marina","Marina Mall","Burj Al Arab","0","0","",""
"11-29234-2026","2026-09-24 14:21:11","Sales","Sale","Ready","Free Hold","Residential","DUBAI MARINA","Unit","Flat","3419548","95.42","95.42","1 B/R","P1-70","Dubai Marina","Marina Mall","Burj Al Arab","0","0","",""
"11-29235-2026","2026-09-24 10:31:03","Sales","Sale","Ready","Free Hold","Residential","REMRAAM","Unit","Flat","1573296","139.07","139.07","3 B/R","TB41-G-16 , TB41-G-17","","","Motor City","0","0","","REMRAAM"
"11-29236-2026","2026-09-24 10:35:02","Sales","Sale","Ready","Free Hold","Residential","BUSINESS BAY","Unit","Flat","1695000","58.51","58.51","1 B/R","B2-041","Business Bay Metro Station","Dubai Mall","Downtown Dubai","0","0","","Peninsula Two"
"11-29237-2026","2026-09-24 09:56:59","Sales","Sale","Ready","Free Hold","Residential","MIRA","Building","Villa","4350000","311.18","311.18","4 B/R","","","","Dubai Cycling Course","0","0","","REEM-MIRA COMMUNITY PH5"
"11-29238-2026","2026-09-24 10:11:07","Sales","Sale","Ready","Free Hold","Residential","BUSINESS BAY","Unit","Flat","934000","33.92","135.66","2 B/R","B2-272,B2-278","Business Bay Metro Station","Dubai Mall","Downtown Dubai","0","0","","Peninsula Four"
"11-29239-2026","2026-09-24 10:27:50","Sales","Sale","Ready","Free Hold","Residential","INTERNATIONAL CITY PH 1","Unit","Flat","320000","44","44","Studio","","Rashidiya Metro Station","City Centre Mirdif","","0","0","",""
"11-29240-2026","2026-09-24 13:33:09","Sales","Sale","Ready","Free Hold","Residential","INTERNATIONAL CITY PH 1","Unit","Flat","660000","90.02","90.02","2 B/R","B-19","Rashidiya Metro Station","City Centre Mirdif","","0","0","","PRIME RESIDENCY2"
"11-29241-2026","2026-09-24 14:31:49","Sales","Sale","Ready","Free Hold","Residential","DUBAI MARINA","Unit","Flat","3919548","113.89","113.89","2 B/R","P1-104","Dubai Marina","Marina Mall","Burj Al Arab","0","0","",""
"11-29242-2026","2026-09-24 10:15:24","Sales","Sale","Ready","Free Hold","Residential","DUBAI HEALTHCARE CITY - PHASE 2","Unit","Flat","680000","36.19","36.19","Studio","P1-51","Al Jadaf Metro Station","Dubai Mall","Downtown Dubai","0","0","","AL WALEED GARDEN 2"
"11-29243-2026","2026-09-24 10:30:26","Sales","Sale","Ready","Free Hold","Residential","JUMEIRAH VILLAGE CIRCLE","Unit","Flat","1810000","117.83","117.83","2 B/R","B-95","Nakheel Metro Station","Marina Mall","Sports City Swimming Academy","0","0","",""
"11-29245-2026","2026-09-24 10:11:03","Sales","Sale","Ready","Free Hold","Residential","JUMEIRAH VILLAGE CIRCLE","Unit","Flat","1150000","72.81","72.81","1 B/R","G-64","Dubai Internet City","Mall of the Emirates","Sports City Swimming Academy","0","0","","Binghatti Aurora"
"11-29246-2026","2026-09-24 10:12:44","Sales","Sale","Ready","Free Hold","Residential","PALM JUMEIRAH","Unit","Flat","2100000","66.44","66.44","1 B/R","B1-372","Palm Jumeirah","Marina Mall","Burj Al Arab","0","0","","Seven Hotel and Apartments The Palm"
"11-29247-2026","2026-09-24 14:58:15","Sales","Sale","Ready","Non Free Hold","Residential","Al Bada","Land","Residential","6700000","674.94","674.94","","","Financial Centre","Dubai Mall","Burj Khalifa","0","0","",""
"11-29248-2026","2026-09-24 10:45:49","Sales","Sale","Ready","Free Hold","Residential","DAMAC HILLS","Unit","Flat","510000","37.85","37.85","Studio","L2-B006","","","Motor City","0","0","","DAMAC HILLS - CARSON "
"11-29249-2026","2026-09-24 10:38:35","Sales","Sale","Ready","Free Hold","Residential","PALM JUMEIRAH","Unit","Flat","4200000","172.59","172.59","2 B/R","4-B140","Palm Jumeirah","Marina Mall","Burj Al Arab","0","0","","MARINA RESIDENCE"
"11-29250-2026","2026-09-24 13:10:07","Sales","Sale","Ready","Free Hold","Residential","DUBAI SPORTS CITY","Unit","Flat","600000","64.5","64.5","1 B/R","B-16","Nakheel Metro Station","Marina Mall","Sports City Swimming Academy","0","0","","ELITE 7 SPORTS RESIDENCE"
"11-29251-2026","2026-09-24 10:50:54","Sales","Sale","Ready","Free Hold","Residential","DUBAI SPORTS CITY","Unit","Flat","650000","71.33","71.33","1 B/R","B2-18","Nakheel Metro Station","Marina Mall","Sports City Swimming Academy","0","0","","CRICKET TOWER"
"11-29252-2026","2026-09-24 10:53:09","Sales","Sale","Ready","Free Hold","Residential","MEYDAN ONE","Unit","Flat","499000","27.24","27.24","Studio","B2-61","Buj Khalifa Dubai Mall Metro Station","Dubai Mall","Downtown Dubai","0","0","","Azizi Riviera 39"
"11-29253-2026","2026-09-24 10:22:49","Sales","Sale","Ready","Free Hold","Residential","TOWN SQUARE","Unit","Flat","2900000","217.41","217.41","4 B/R","P-133, P-134","","","Dubai Cycling Course","0","0","","TOWN SQUARE JENNA AND WARDA"
"11-29254-2026","2026-09-24 10:20:42","Sales","Sale","Ready","Free Hold","Residential","CITY WALK","Unit","Flat","2725000","110.66","110.66","1 B/R","B-197","Buj Khalifa Dubai Mall Metro Station","Dubai Mall","Burj Khalifa","0","0","","NO.20, NO.21A, NO.21B AND NO.22 CITYWALK RESIDENTIAL"
"11-29255-2026","2026-09-24 11:57:21","Sales","Sale","Ready","Free Hold","Residential","DUBAI LAND RESIDENCE COMPLEX","Unit","Flat","460000","37.83","37.83","Studio","B2-116","","","IMG World Adventures","0","0","","BLUE WAVE"
"11-29256-2026","2026-09-24 15:10:48","Sales","Sale","Ready","Free Hold","Residential","BUSINESS BAY","Unit","Office","1080000","49.91","49.91","Office","B2-078","Business Bay Metro Station","Dubai Mall","Downtown Dubai","0","0","","PARK LANE TOWER"
"11-29257-2026","2026-09-24 12:59:16","Sales","Sale","Ready","Free Hold","Residential","JUMEIRAH VILLAGE CIRCLE","Unit","Flat","600000","44.02","44.02","Studio","P3-44","Nakheel Metro Station","Marina Mall","Sports City Swimming Academy","0","0","","PARK VIEW TOWER"
"11-29258-2026","2026-09-24 13:13:50","Sales","Sale","Ready","Free Hold","Residential","Jabal Ali First","Unit","Flat","879000","72.64","72.64","2 B/R","T1-P2-71","ENERGY Metro Station","Ibn-e-Battuta Mall","Expo 2020 Site","0","0","","The Nook"
"11-29259-2026","2026-09-24 11:21:15","Sales","Sale","Ready","Free Hold","Residential","JUMEIRAH VILLAGE CIRCLE","Unit","Flat","1650000","108.94","108.94","2 B/R","P3-142","Dubai Internet City","Mall of the Emirates","Sports City Swimming Academy","0","0","","RA1N Residence"
"11-29260-2026","2026-09-24 11:05:47","Sales","Sale","Ready","Free Hold","Residential","THE GREENS","Unit","Flat","2450000","146.6","146.6","2 B/R","1","Nakheel Metro Station","Marina Mall","Burj Al Arab","0","0","","TANARO"
"11-29261-2026","2026-09-24 10:35:23","Sales","Sale","Ready","Free Hold","Residential","AL FURJAN","Unit","Flat","2265000","163.88","163.88","3 B/R","1-34,1-35","","","","0","0","",""
"11-29262-2026","2026-09-24 10:41:37","Sales","Sale","Ready","Free Hold","Residential","AL FURJAN","Unit","Flat","1140000","71.49","71.49","1 B/R","B1-09","Ibn Battuta Metro Station","Ibn-e-Battuta Mall","Sports City Swimming Academy","0","0","","PG ONE AT AL FURJAN"
"11-29263-2026","2026-09-24 10:42:23","Sales","Sale","Ready","Free Hold","Residential","CITY WALK","Unit","Flat","2950000","97.8","97.8","2 B/R","B64","","","","0","0","","Celadon "
"11-29264-2026","2026-09-24 12:10:35","Sales","Sale","Ready","Free Hold","Commercial","AL FURJAN","Land","Commercial","5600000","600","600","","","Ibn Battuta Metro Station","Ibn-e-Battuta Mall","Expo 2020 Site","0","0","","ALFURJAN PACKAGE 4"
"11-29265-2026","2026-09-24 10:49:48","Sales","Sale","Ready","Free Hold","Residential","THE GREENS","Unit","Flat","1550000","70.44","70.44","1 B/R","67.","Dubai Internet City","Marina Mall","Burj Al Arab","0","0","",""
"11-29266-2026","2026-09-24 11:25:56","Sales","Sale","Ready","Free Hold","Residential","INTERNATIONAL CITY PH 1","Unit","Flat","435000","69","69","1 B/R","","Rashidiya Metro Station","City Centre Mirdif","","0","0","",""
"11-29267-2026","2026-09-24 11:08:59","Sales","Sale","Ready","Free Hold","Residential","JUMEIRAH VILLAGE CIRCLE","Unit","Flat","750000","38.52","38.52","Studio","P-98","Dubai Internet City","Mall of the Emirates","Sports City Swimming Academy","0","0","","Oxford 212"
"11-29268-2026","2026-09-24 11:14:35","Sales","Sale","Ready","Free Hold","Residential","DISCOVERY GARDENS","Unit","Flat","1125000","125.76","125.76","2 B/R","","Harbour Tower","Ibn-e-Battuta Mall","Sports City Swimming Academy","0","0","",""
"11-29269-2026","2026-09-24 12:14:56","Sales","Sale","Ready","Free Hold","Residential","JABEL ALI HILLS","Land","","7550000","1046.49","1046.49","","","","","Dubai Parks and Resorts","0","0","",""
"11-29270-2026","2026-09-24 10:53:50","Sales","Sale","Ready","Free Hold","Residential","TOWN SQUARE","Building","Villa","2800000","188.01","188.01","3 B/R","","","","","0","0","","NOOR TOWNHOUSES"
"11-29271-2026","2026-09-24 10:59:37","Sales","Sale","Ready","Free Hold","Residential","Um Suqaim Third","Unit","Flat","2000000","68.41","68.41","1 B/R","B-183","","","","0","0","","Lamaa"
"11-29272-2026","2026-09-24 14:54:40","Sales","Sale","Ready","Free Hold","Residential","DUBAI MARINA","Unit","Flat","3149548","85.96","85.96","1 B/R","P1-107","Dubai Marina","Marina Mall","Burj Al Arab","0","0","",""
"11-29273-2026","2026-09-24 10:45:04","Sales","Sale","Ready","Free Hold","Residential","MUDON","Land","Residential","2500000","161","161","","","","","Dubai Cycling Course","0","0","","Arabella 3"
"11-29274-2026","2026-09-24 11:35:29","Sales","Sale","Ready","Free Hold","Commercial","DUBAI PRODUCTION CITY","Land","Commercial","39000000","1479.46","1479.46","","","Harbour Tower","Ibn-e-Battuta Mall","Sports City Swimming Academy","0","0","",""
"11-29275-2026","2026-09-24 11:50:29","Sales","Sale","Ready","Free Hold","Residential","JUMEIRAH VILLAGE CIRCLE","Unit","Flat","1051895","97.03","97.03","1 B/R","G-22","Dubai Internet City","Mall of the Emirates","Sports City Swimming Academy","0","0","","PARK VILLA'S 3"
"11-29276-2026","2026-09-24 11:27:12","Sales","Sale","Ready","Free Hold","Residential","JUMEIRAH VILLAGE CIRCLE","Unit","Flat","1241128","106.08","106.08","1 B/R","G-9","Dubai Internet City","Mall of the Emirates","Sports City Swimming Academy","0","0","","PARK VILLA'S 3"
"11-29277-2026","2026-09-24 11:14:43","Sales","Sale","Ready","Free Hold","Residential","AL FURJAN","Building","Villa","4050000","206.75","206.75","4 B/R","","Ibn Battuta Metro Station","Ibn-e-Battuta Mall","Sports City Swimming Academy","0","0","",""
"11-29278-2026","2026-09-24 11:45:54","Sales","Sale","Ready","Free Hold","Commercial","Jabal Ali First","Land","Commercial","5555555","331.43","331.43","","","","","","0","0","","MUROOJ ALFURJAN WEST"
"11-29279-2026","2026-09-24 11:54:51","Sales","Sale","Ready","Free Hold","Commercial","JUMEIRAH PARK","Land","Commercial","7500000","680","680","","","Harbour Tower","Ibn-e-Battuta Mall","Sports City Swimming Academy","0","0","",""
"11-29280-2026","2026-09-24 11:52:37","Sales","Sale","Ready","Free Hold","Residential","DUBAI MARINA","Unit","Flat","1100000","76.5","76.5","1 B/R","B-338","Jumeirah Beach Residency","Marina Mall","Sports City Swimming Academy","0","0","",""
"11-29281-2026","2026-09-24 11:29:21","Sales","Sale","Ready","Non Free Hold","Residential","Al Satwa","Land","Residential","6000000","594.57","594.57","","","Financial Centre","Dubai Mall","Burj Khalifa","0","0","",""
"11-29282-2026","2026-09-24 11:24:34","Sales","Sale","Ready","Free Hold","Residential","DAMAC HILLS","Land","Residential","3200000","252.74","252.74","","","","","Motor City","0","0","","DAMAC HILLS- PELHAM "
"11-29283-2026","2026-09-24 15:03:22","Sales","Sale","Ready","Free Hold","Residential","DUBAI MARINA","Unit","Flat","8334548","221.3","221.3","3 B/R","G-167,G-T-11","Dubai Marina","Marina Mall","Burj Al Arab","0","0","",""
"11-29284-2026","2026-09-24 13:32:06","Sales","Sale","Ready","Free Hold","Residential","DUBAI MARINA","Unit","Flat","1600000","66.98","66.98","1 B/R","B2-99","Jumeirah Lakes Towers","Marina Mall","Burj Al Arab","0","0","","WEST AVENUE"
"11-29285-2026","2026-09-24 12:41:16","Sales","Sale","Ready","Free Hold","Residential","Al Wasl","Land","Residential","25500000","930.26","930.26","","","Business Bay Metro Station","Dubai Mall","Burj Khalifa","0","0","",""
"11-29286-2026","2026-09-24 11:34:46","Sales","Sale","Ready","Free Hold","Residential","DISCOVERY GARDENS","Unit","Flat","1150000","124.08","124.08","2 B/R","","Harbour Tower","Ibn-e-Battuta Mall","Sports City Swimming Academy","0","0","",""
"11-29287-2026","2026-09-24 11:43:21","Sales","Sale","Ready","Free Hold","Residential","MEYDAN ONE","Unit","Shop","1050000","25.71","25.71","NA","","Buj Khalifa Dubai Mall Metro Station","Dubai Mall","Downtown Dubai","0","0","","Azizi Riviera Beachfront"
"11-29288-2026","2026-09-24 11:15:48","Sales","Sale","Ready","Free Hold","Residential","Wadi Al Safa 7","Building","Villa","1900000","105.79","105.79","3 B/R","","","","","0","0","","Rukan 3"
"11-29289-2026","2026-09-24 12:23:44","Sales","Sale","Ready","Free Hold","Residential","DUBAI MARINA","Unit","Flat","1221164.27","77.9","77.9","1 B/R","16(B1)","Mina Seyahi","Marina Mall","Burj Al Arab","0","0","",""
"11-29290-2026","2026-09-24 11:39:40","Sales","Sale","Ready","Free Hold","Residential","DUBAI SOUTH","Unit","Flat","520000","41.21","41.21","Studio","B2-035","","","Expo 2020 Site","0","0","","CELESTIA"
"11-29291-2026","2026-09-24 11:31:16","Sales","Sale","Ready","Free Hold","Residential","BUSINESS BAY","Unit","Flat","1650000","77.09","77.09","1 B/R","P5-66","Buj Khalifa Dubai Mall Metro Station","Dubai Mall","Downtown Dubai","0","0","","NOBLES"
"11-29292-2026","2026-09-24 12:49:09","Sales","Sale","Ready","Free Hold","Residential","DUBAI LAND RESIDENCE COMPLEX","Unit","Flat","900000","117.19","117.19","2 B/R","P1 C 15","","","IMG World Adventures","0","0","","SKY COURTS"
"11-29293-2026","2026-09-24 11:18:52","Sales","Sale","Ready","Free Hold","Commercial","JUMEIRAH GOLF","Land","Commercial","17500000","857.69","857.69","","","Harbour Tower","Ibn-e-Battuta Mall","Sports City Swimming Academy","0","0","","LIME TREE VALLEY"
"11-29294-2026","2026-09-24 11:28:53","Sales","Sale","Ready","Free Hold","Residential","BUSINESS BAY","Unit","Flat","1400000","110.65","110.65","1 B/R","B1-48","Business Bay Metro Station","Dubai Mall","Downtown Dubai","0","0","","AG TOWER"
"11-29295-2026","2026-09-24 14:33:02","Sales","Sale","Ready","Free Hold","Residential","MAJAN","Unit","Flat","1264800","73.44","73.44","1 B/R","B1-88","","","IMG World Adventures","0","0","",""
"11-29296-2026","2026-09-24 14:28:27","Sales","Sale","Ready","Free Hold","Residential","MAJAN","Unit","Flat","1271856","73.85","73.85","1 B/R","B1-07","","","IMG World Adventures","0","0","",""
"11-29297-2026","2026-09-24 14:25:13","Sales","Sale","Ready","Free Hold","Residential","MAJAN","Unit","Flat","1264800","73.44","73.44","1 B/R","B1-50","","","IMG World Adventures","0","0","",""
"11-29298-2026","2026-09-24 11:27:29","Sales","Sale","Ready","Free Hold","Residential","JUMEIRAH VILLAGE CIRCLE","Unit","Flat","1230000","127.85","127.85","2 B/R","B-37","Dubai Internet City","Marina Mall","Sports City Swimming Academy","0","0","","LA RIVIERA AZURE"
"11-29299-2026","2026-09-24 11:17:48","Sales","Sale","Ready","Free Hold","Residential","Wadi Al Safa 7","Building","Villa","935000","52.88","52.88","1 B/R","","","","","0","0","","Rukan 3"
"11-29300-2026","2026-09-24 12:09:48","Sales","Sale","Ready","Free Hold","Residential","DUBAI SPORTS CITY","Unit","Flat","450000","39.77","39.77","Studio","P2-053","Nakheel Metro Station","Marina Mall","Sports City Swimming Academy","0","0","","ELITE 6 SPORTS RESIDENCE"
"11-29302-2026","2026-09-24 11:49:29","Sales","Sale","Ready","Free Hold","Residential","DUBAI MARINA","Unit","Flat","1210000","70.95","70.95","1 B/R","B2-101","Jumeirah Beach Resdency","Marina Mall","Burj Al Arab","0","0","","ROYAL OCEANIC TOWER"
"11-29303-2026","2026-09-24 11:36:54","Sales","Sale","Ready","Free Hold","Residential","DUBAI SPORTS CITY","Unit","Flat","1450000","124.29","124.29","2 B/R","G-46","Nakheel Metro Station","Marina Mall","Sports City Swimming Academy","0","0","","Golf Vista Heights"
"11-29304-2026","2026-09-24 13:13:56","Sales","Sale","Ready","Free Hold","Residential","TECOM SITE A","Unit","Flat","2400000","105.49","105.49","1 B/R","P4-54","Palm Jumeirah","Marina Mall","Burj Al Arab","0","0","",""
"11-29305-2026","2026-09-24 11:59:36","Sales","Sale","Ready","Free Hold","Residential","DUBAI SPORTS CITY","Unit","Flat","415000","37.92","37.92","Studio","B1-12","Dubai Internet City","Marina Mall","Sports City Swimming Academy","0","0","","RED RESIDENCE"
"11-29307-2026","2026-09-24 11:46:29","Sales","Sale","Ready","Free Hold","Residential","DUBAI STUDIO CITY","Unit","Flat","536410","33.03","33.03","Studio","B2-02","Dubai Internet City","","Motor City","0","0","","Azizi Mirage 1"
"11-29308-2026","2026-09-24 12:07:44","Sales","Sale","Ready","Free Hold","Residential","DUBAI HILLS","Unit","Flat","2550000","89.17","89.17","2 B/R","P-1093","First Abu Dhabi Bank Metro Station","Mall of the Emirates","Motor City","0","0","","Lime Gardens "
"11-29309-2026","2026-09-24 12:08:44","Sales","Sale","Ready","Free Hold","Residential","DUBAI MARINA","Unit","Flat","1300000","105.36","105.36","2 B/R","B2-77","Jumeirah Beach Residency","Marina Mall","Sports City Swimming Academy","0","0","","ESCAN MARINA TOWER"
"11-29310-2026","2026-09-24 12:05:40","Sales","Sale","Ready","Free Hold","Commercial","Jabal Ali First","Land","Commercial","8200000","720.89","720.89","","","","","","0","0","","Murooj Al Furjan 1"
"11-29311-2026","2026-09-24 13:18:20","Sales","Sale","Ready","Free Hold","Residential","Al Yufrah 1","Building","Villa","3350000","231","231","4 B/R","","","","","0","0","","The Valley - Elora"
"11-29312-2026","2026-09-24 12:12:21","Sales","Sale","Ready","Free Hold","Residential","INTERNATIONAL CITY PH 1","Unit","Flat","770000","96.83","96.83","2 B/R","B67","Rashidiya Metro Station","City Centre Mirdif","","0","0","",""
"11-29313-2026","2026-09-24 12:17:42","Sales","Sale","Ready","Free Hold","Residential","DUBAI HILLS","Unit","Flat","6250000","161.72","161.72","3 B/R","P-273, P-274","First Abu Dhabi Bank Metro Station","Mall of the Emirates","Global Village","0","0","","ELLINGTON HOUSE II"
"11-29314-2026","2026-09-24 12:39:29","Sales","Sale","Ready","Free Hold","Residential","EMIRATE LIVING","Building","Villa","3315000","169.4","169.4","2 B/R","","Damac Properties","Marina Mall","Sports City Swimming Academy","0","0","","Emirates Living - Springs 12"
"11-29316-2026","2026-09-24 13:16:00","Sales","Sale","Ready","Free Hold","Residential","INTERNATIONAL CITY PH 1","Unit","Flat","400000","69","69","1 B/R","","Rashidiya Metro Station","City Centre Mirdif","","0","0","",""
"11-29317-2026","2026-09-24 13:03:16","Sales","Sale","Ready","Free Hold","Residential","JUMEIRAH VILLAGE CIRCLE","Unit","Flat","1240000","71.18","71.18","1 B/R","B-182","Nakheel Metro Station","Marina Mall","Sports City Swimming Academy","0","0","","Binghatti Phoenix"
"11-29318-2026","2026-09-24 12:31:24","Sales","Sale","Ready","Free Hold","Residential","BUSINESS BAY","Unit","Office","865000","35.04","35.04","Office","P2-111","Business Bay Metro Station","Dubai Mall","Downtown Dubai","0","0","","PARK LANE TOWER"
"11-29319-2026","2026-09-24 12:38:07","Sales","Sale","Ready","Non Free Hold","Residential","Al Twar First","Land","Residential","4900000","929.03","929.03","","","Al Nahda Metro Station","City Centre Mirdif","Dubai International Airport","0","0","",""
"11-29320-2026","2026-09-24 12:36:25","Sales","Sale","Ready","Free Hold","Residential","DUBAI MARINA","Unit","Flat","1611000","60.48","60.48","1 B/R","B1-35","Jumeirah Beach Resdency","Marina Mall","Burj Al Arab","0","0","","BAY CENTRAL WEST & CENTRAL TOWERS"
"11-29321-2026","2026-09-24 13:00:52","Sales","Sale","Ready","Free Hold","Residential","DISCOVERY GARDENS","Unit","Flat","1150000","147.07","147.07","2 B/R","","Harbour Tower","Ibn-e-Battuta Mall","Sports City Swimming Academy","0","0","",""
"11-29322-2026","2026-09-24 13:14:59","Sales","Sale","Ready","Free Hold","Residential","MEYDAN ONE","Unit","Flat","553575.05","29.04","29.04","Studio","B2-82","Buj Khalifa Dubai Mall Metro Station","Dubai Mall","Downtown Dubai","0","0","","Azizi Riviera 41"
"11-29323-2026","2026-09-24 14:32:30","Sales","Sale","Ready","Free Hold","Residential","JUMEIRAH VILLAGE CIRCLE","Unit","Flat","2000000","143.47","143.47","2 B/R","P2-4","Dubai Internet City","Mall of the Emirates","Sports City Swimming Academy","0","0","","AB CAVALIER "
"11-29324-2026","2026-09-24 12:58:21","Sales","Sale","Ready","Free Hold","Residential","Jumeirah First","Unit","Flat","5200000","120.98","120.98","2 B/R","B1-090","","","","0","0","","PORT DE LA MER - LE SOLEIL "
"11-29325-2026","2026-09-24 13:57:11","Sales","Sale","Ready","Free Hold","Residential","JUMEIRAH LAKES TOWERS","Unit","Office","3882835.5","167.78","167.78","Office","DMCC L2-2136","Jumeirah Lakes Towers","Marina Mall","Sports City Swimming Academy","0","0","","SABA TOWER 1"
"11-29326-2026","2026-09-24 13:54:02","Sales","Sale","Ready","Free Hold","Residential","JUMEIRAH LAKES TOWERS","Unit","Office","4071433.5","175.93","175.93","Office","DMCC L2-2134,DMCCC L2-2135","Jumeirah Lakes Towers","Marina Mall","Sports City Swimming Academy","0","0","","SABA TOWER 1"
"11-29327-2026","2026-09-24 13:57:46","Sales","Sale","Ready","Free Hold","Residential","JUMEIRAH LAKES TOWERS","Unit","Office","2749549","118.81","118.81","Office","DMCC L2-2184","Jumeirah Lakes Towers","Marina Mall","Sports City Swimming Academy","0","0","","SABA TOWER 1"
"11-29328-2026","2026-09-24 13:35:30","Sales","Sale","Ready","Free Hold","Residential","DISCOVERY GARDENS","Unit","Flat","740000","77.74","77.74","1 B/R","","Harbour Tower","Ibn-e-Battuta Mall","Sports City Swimming Academy","0","0","",""
"11-29329-2026","2026-09-24 14:23:41","Sales","Sale","Ready","Free Hold","Residential","BURJ KHALIFA","Unit","Flat","6000000","186.55","186.55","2 B/R","B2-8052,B2-8053","Buj Khalifa Dubai Mall Metro Station","Dubai Mall","Burj Khalifa","0","0","","BURJ KHALIFA TOWERS"
"11-29330-2026","2026-09-24 13:01:28","Sales","Sale","Ready","Free Hold","Residential","DUBAI HILLS","Unit","Flat","3150000","141.51","141.51","2 B/R","P1-107","First Abu Dhabi Bank Metro Station","Mall of the Emirates","Global Village","0","0","","Golf Residences by Fortimo"
"11-29332-2026","2026-09-24 12:46:10","Sales","Sale","Ready","Free Hold","Residential","TOWN SQUARE","Unit","Flat","1700000","131.29","131.29","3 B/R","P-449","","","Dubai Cycling Course","0","0","","TOWN SQUARE ZAHRA"
"11-29333-2026","2026-09-24 13:32:03","Sales","Sale","Ready","Free Hold","Residential","MINA RASHID","Unit","Flat","2600000","112.99","112.99","2 B/R","B1-179","Al Ghubaiba Metro Station","Dubai Mall","Burj Khalifa","0","0","","Seagate"
"11-29334-2026","2026-09-24 13:10:55","Sales","Sale","Ready","Free Hold","Residential","DOWN TOWN JABAL ALI","Unit","Flat","540000","65.32","65.32","1 B/R","B1-037","UAE Exchange Metro Station","Ibn-e-Battuta Mall","Expo 2020 Site","0","0","","SUBERBIA"
"11-29335-2026","2026-09-24 14:15:01","Sales","Sale","Ready","Free Hold","Residential","JUMEIRAH VILLAGE CIRCLE","Unit","Flat","515000","33.47","33.47","Studio","G-21","Nakheel Metro Station","Marina Mall","Sports City Swimming Academy","0","0","","Living Garden II"
"11-29339-2026","2026-09-24 13:41:44","Sales","Sale","Ready","Free Hold","Residential","DUBAI MARINA","Unit","Flat","1560000","157.8","157.8","3 B/R","G-371","Mina Seyahi","Marina Mall","Burj Al Arab","0","0","","MARINA PINNACLE"
"11-29340-2026","2026-09-24 13:30:05","Sales","Sale","Ready","Free Hold","Residential","DISCOVERY GARDENS","Unit","Flat","1350000","143.76","143.76","2 B/R","","Harbour Tower","Ibn-e-Battuta Mall","Sports City Swimming Academy","0","0","",""
"11-29345-2026","2026-09-24 13:46:20","Sales","Sale","Ready","Free Hold","Residential","JUMEIRAH LAKES TOWERS","Unit","Flat","1020000","71.52","71.52","1 B/R","B3-61","Jumeirah Lakes Towers","Marina Mall","Sports City Swimming Academy","0","0","","GOLD CREST EXECUTIVE"
"11-29346-2026","2026-09-24 13:36:32","Sales","Sale","Ready","Free Hold","Commercial","DUBAI SPORTS CITY","Land","Commercial","4950000","247","247","","","Nakheel Metro Station","Marina Mall","Sports City Swimming Academy","0","0","",""
"11-29347-2026","2026-09-24 13:43:49","Sales","Sale","Ready","Non Free Hold","Residential","Nad Al Hamar","Land","Residential","7350000","1124.59","1124.59","","","Rashidiya Metro Station","City Centre Mirdif","Dubai International Airport","0","0","",""
"11-29348-2026","2026-09-24 13:52:33","Sales","Sale","Ready","Free Hold","Residential","DUBAI SPORTS CITY","Unit","Flat","750000","97.05","97.05","1 B/R","B2-44","Nakheel Metro Station","Marina Mall","Sports City Swimming Academy","0","0","","HUB CANAL 2 TOWER"
"11-29349-2026","2026-09-24 13:54:34","Sales","Sale","Ready","Free Hold","Residential","DUBAI CREEK HARBOUR","Unit","Flat","1400000","62.49","62.49","1 B/R","G-2B-079","Creek Metro Station","City Centre Mirdif","Dubai International Airport","0","0","","Creek Beach - Bayshore"
"11-29351-2026","2026-09-24 14:37:22","Sales","Sale","Ready","Free Hold","Residential","JUMEIRAH LAKES TOWERS","Unit","Flat","1420000","92.03","92.03","1 B/R","DMCC-2238","Damac Properties","Marina Mall","Burj Al Arab","0","0","",""
"11-29352-2026","2026-09-24 13:39:14","Sales","Sale","Ready","Free Hold","Residential","DUBAI HARBOUR","Unit","Flat","3600000","115.07","115.07","2 B/R","P04-006","","","","0","0","","Beach Mansion"
"11-29353-2026","2026-09-24 13:56:08","Sales","Sale","Ready","Free Hold","Residential","LIWAN","Unit","Flat","480000","60.03","60.03","1 B/R","G-54","","","IMG World Adventures","0","0","","QPOINT LIWAN - PLOT R002"
"11-29354-2026","2026-09-24 13:50:47","Sales","Sale","Ready","Free Hold","Residential","MUDON","Land","Residential","3500000","210.6","210.6","","","","","Dubai Cycling Course","0","0","","ARABELLA 2 - TOWNHOUSES AT MUDON"
"11-29355-2026","2026-09-24 13:55:43","Sales","Sale","Ready","Free Hold","Residential","DUBAI LAND RESIDENCE COMPLEX","Unit","Flat","485000","40.91","40.91","Studio","P1-48","","","IMG World Adventures","0","0","","BLUE WAVE"
"11-29356-2026","2026-09-24 14:29:01","Sales","Sale","Ready","Free Hold","Residential","DISCOVERY GARDENS","Unit","Flat","500000","41.71","41.71","Studio","","Harbour Tower","Ibn-e-Battuta Mall","Sports City Swimming Academy","0","0","",""
"11-29357-2026","2026-09-24 14:16:33","Sales","Sale","Ready","Free Hold","Residential","ARJAN","Unit","Flat","600000","37.73","37.73","Studio","G-110","Sharaf Dg Metro Station","Mall of the Emirates","Motor City","0","0","","Jewelz Residence"
"11-29358-2026","2026-09-24 15:03:00","Sales","Sale","Ready","Free Hold","Residential","JUMEIRAH VILLAGE CIRCLE","Unit","Flat","890000","66.98","66.98","1 B/R","B1-17","Dubai Internet City","Marina Mall","Sports City Swimming Academy","0","0","","Marwa Heights"
"11-29359-2026","2026-09-24 14:54:19","Sales","Sale","Ready","Free Hold","Residential","DISCOVERY GARDENS","Unit","Flat","1100000","130.53","130.53","2 B/R","","Harbour Tower","Ibn-e-Battuta Mall","Sports City Swimming Academy","0","0","",""
"11-29360-2026","2026-09-24 14:10:36","Sales","Sale","Ready","Free Hold","Residential","MOTOR CITY","Building","Villa","9100000","1020.26","1020.26","4 B/R","","Dubai Internet City","Mall of the Emirates","Motor City","0","0","",""
"11-29361-2026","2026-09-24 14:25:06","Sales","Sale","Ready","Free Hold","Residential","DUBAI LAND RESIDENCE COMPLEX","Unit","Flat","500000","65.84","65.84","1 B/R","B1-20","","","IMG World Adventures","0","0","","INDIGO TOWER"
"11-29362-2026","2026-09-24 15:00:37","Sales","Sale","Ready","Free Hold","Residential","AL FURJAN","Unit","Flat","750000","62.73","62.73","1 B/R","B1-75","Ibn Battuta Metro Station","Ibn-e-Battuta Mall","Expo 2020 Site","0","0","","Maria Tower"
"11-29363-2026","2026-09-24 14:58:01","Sales","Sale","Ready","Free Hold","Residential","BURJ KHALIFA","Unit","Flat","2000000","56.14","56.14","Studio","L8-8082","Buj Khalifa Dubai Mall Metro Station","Dubai Mall","Burj Khalifa","0","0","","THE DUBAI MALL"
"11-29364-2026","2026-09-24 14:23:08","Sales","Sale","Ready","Free Hold","Residential","TECOM SITE A","Unit","Flat","14200000","447.37","447.37","4 B/R","P5-86, P5-87, P5-88","Dubai Internet City","Marina Mall","Burj Al Arab","0","0","","THE S TOWER"
"11-29372-2026","2026-09-24 14:57:08","Sales","Sale","Ready","Free Hold","Residential","DUBAI MARINA","Unit","Shop","3220000","90.13","90.13","NA","B1-06","Mina Seyahi","Marina Mall","Burj Al Arab","0","0","",""
"11-29376-2026","2026-09-24 15:13:30","Sales","Sale","Ready","Free Hold","Residential","DUBAI SPORTS CITY","Unit","Flat","830000","75.21","75.21","1 B/R","B1-02","Nakheel Metro Station","Marina Mall","Sports City Swimming Academy","0","0","","EAGLE HEIGHTS"
"110-447-2026","2026-09-22 17:50:25","Mortgage","Lease to Own Registration","Ready","Free Hold","Residential","Madinat Hind 4","Land","Residential","1248000","112.24","112.24","","","","","","0","0","","DAMAC HILLS (2) - VARDON "
"110-447-2026","2026-09-22 17:50:25","Sales","Lease to Own Registration","Ready","Free Hold","Residential","Madinat Hind 4","Land","Residential","1560000","112.24","112.24","","","","","","0","0","","DAMAC HILLS (2) - VARDON "
"110-448-2026","2026-09-23 13:19:23","Sales","Lease to Own Registration","Ready","Free Hold","Commercial","DUBAI SPORTS CITY","Land","Industrial","20750000","1278.72","1278.72","","","Nakheel Metro Station","Marina Mall","Sports City Swimming Academy","0","0","",""
"110-448-2026","2026-09-23 13:19:23","Mortgage","Lease to Own Registration","Ready","Free Hold","Commercial","DUBAI SPORTS CITY","Land","Industrial","14525000","1278.72","1278.72","","","Nakheel Metro Station","Marina Mall","Sports City Swimming Academy","0","0","",""
"110-449-2026","2026-09-24 09:36:01","Sales","Lease to Own Registration","Ready","Free Hold","Residential","THE VILLA","Land","Residential","6600000","560.98","560.98","","","","","IMG World Adventures","0","0","","THE VILLA"
"110-449-2026","2026-09-24 09:36:01","Mortgage","Lease to Own Registration","Ready","Free Hold","Residential","THE VILLA","Land","Residential","4290000","560.98","560.98","","","","","IMG World Adventures","0","0","","THE VILLA"
"110-450-2026","2026-09-24 12:54:25","Mortgage","Lease to Own Registration","Ready","Free Hold","Residential","DUBAI SOUTH","Unit","Flat","400000","43.01","43.01","Studio","B2-363","","","Expo 2020 Site","0","0","","CELESTIA"
"110-450-2026","2026-09-24 12:54:25","Sales","Lease to Own Registration","Ready","Free Hold","Residential","DUBAI SOUTH","Unit","Flat","520000","43.01","43.01","Studio","B2-363","","","Expo 2020 Site","0","0","","CELESTIA"
"120-1020-2026","2026-09-23 13:40:27","Gifts","Grant Pre-Registration","Off-Plan","Free Hold","Residential","DUBAI HARBOUR","Unit","Flat","3275000.35","72.81","72.81","1 B/R","1","","","","0","0","","SEAPOINT"
"120-1021-2026","2026-09-23 13:42:42","Gifts","Grant Pre-Registration","Off-Plan","Free Hold","Residential","DUBAI CREEK HARBOUR","Unit","Flat","3175000.92","115.63","115.63","2 B/R","1","Creek Metro Station","City Centre Mirdif","Dubai International Airport","0","0","","Creek Waters 2"
"120-1022-2026","2026-09-23 09:47:57","Gifts","Grant Pre-Registration","Off-Plan","Free Hold","Residential","Madinat Dubai Almelaheyah","Unit","Flat","2516952","75.43","150.86","3 B/R","2","","","","0","0","","Orise"
"120-1023-2026","2026-09-23 13:36:24","Gifts","Grant Pre-Registration","Off-Plan","Free Hold","Residential","TECOM SITE A","Unit","Flat","5460009.22","172.67","172.67","2 B/R","1","Palm Jumeirah","Marina Mall","Burj Al Arab","0","0","","DAMAC CASA"
"120-1024-2026","2026-09-23 19:09:41","Gifts","Grant Pre-Registration","Off-Plan","Free Hold","Residential","Al Yelayiss 2","Unit","Flat","669939.21","55.07","110.06","2 B/R","P1-10","","","","0","0","","Kaya"
"120-1025-2026","2026-09-24 11:40:31","Gifts","Grant Pre-Registration","Off-Plan","Free Hold","Residential","BURJ KHALIFA","Unit","Flat","2070852","68.71","68.71","1 B/R","1","Buj Khalifa Dubai Mall Metro Station","Dubai Mall","Downtown Dubai","0","0","","Society House Downtown Dubai "
"120-1026-2026","2026-09-24 11:45:11","Gifts","Grant Pre-Registration","Off-Plan","Free Hold","Residential","DUBAI HARBOUR","Unit","Flat","3490000.32","68.38","68.38","1 B/R","1","","","","0","0","","BAYVIEW"
"120-1028-2026","2026-09-24 13:40:39","Gifts","Grant Pre-Registration","Off-Plan","Free Hold","Residential","Al Wasl","Unit","Flat","1815004.3","62.84","125.68","2 B/R","1","","","","0","0","","Fern"
"13-25317-2026","2026-09-24 10:40:07","Mortgage","Mortgage Registration","Ready","Free Hold","Residential","THE VALLEY","Building","Villa","1590000","177.48","177.48","3 B/R","","","","","0","0","","The Valley - Eden"
"13-25840-2026","2026-09-23 11:25:22","Mortgage","Mortgage Registration","Ready","Free Hold","Residential","TOWN SQUARE","Unit","Flat","1260000","120.04","120.04","3 B/R","P-116","","","Dubai Cycling Course","0","0","","TOWN SQUARE JENNA AND WARDA"
"13-26031-2026","2026-09-23 12:45:56","Mortgage","Mortgage Registration","Ready","Free Hold","Residential","MAJAN","Unit","Flat","616000","85.36","85.36","1 B/R","B1-047","","","IMG World Adventures","0","0","",""
"13-26081-2026","2026-09-23 11:36:20","Mortgage","Mortgage Registration","Ready","Free Hold","Residential","DUBAI CREEK HARBOUR","Unit","Flat","1720000","95.55","95.55","2 B/R","G-4A-006","Creek Metro Station","City Centre Mirdif","Dubai International Airport","0","0","","Creek Beach - Savanna-Cedar-Mangrove"
"13-26179-2026","2026-09-23 10:30:28","Mortgage","Mortgage Registration","Ready","Free Hold","Residential","Madinat Hind 4","Land","Residential","1487350","322","322","","","","","","0","0","",""
"13-26211-2026","2026-09-23 09:35:04","Mortgage","Mortgage Registration","Ready","Non Free Hold","Residential","Al Goze Fourth","Land","Residential","300000","1006.9","1006.9","","","Noor Bank Metro Station","Dubai Mall","Downtown Dubai","0","0","",""
"13-26230-2026","2026-09-24 11:06:02","Mortgage","Mortgage Registration","Ready","Non Free Hold","Residential","Al Barsha Third","Land","Residential","2200000","1393.59","1393.59","","","Dubai Internet City","Mall of the Emirates","Sports City Swimming Academy","0","0","",""
"13-26240-2026","2026-09-24 11:43:59","Mortgage","Mortgage Registration","Ready","Free Hold","Residential","DUBAI SPORTS CITY","Unit","Flat","584000","74.24","74.24","1 B/R","B2-042","Nakheel Metro Station","Marina Mall","Sports City Swimming Academy","0","0","","BERMUDA VIEWS"
"13-26262-2026","2026-09-24 10:11:31","Mortgage","Mortgage Registration","Ready","Free Hold","Residential","BUSINESS BAY","Unit","Flat","896000","73.97","73.97","1 B/R","B-13","Business Bay Metro Station","Dubai Mall","Downtown Dubai","0","0","","FAIR VIEW RESIDENCY"
"13-26274-2026","2026-09-24 10:25:36","Mortgage","Mortgage Registration","Ready","Free Hold","Residential","Al Kheeran","Unit","Flat","2200000","328.72","328.72","3 B/R","G-15","Emirates Metro Station","City Centre Mirdif","Dubai International Airport","0","0","",""
"13-26281-2026","2026-09-22 15:42:29","Mortgage","Mortgage Registration","Ready","Free Hold","Commercial","EMIRATE LIVING","Land","Commercial","6000000","530.74","530.74","","","Nakheel Metro Station","Marina Mall","Sports City Swimming Academy","0","0","",""
"13-26284-2026","2026-09-22 17:13:07","Mortgage","Mortgage Registration","Ready","Free Hold","Residential","Madinat Hind 4","Unit","Hotel Apartment","360000","39.85","39.85","Studio","P1-345","","","","0","0","","DAMAC HILLS (2) - VIRIDIS "
"13-26285-2026","2026-09-23 12:28:29","Mortgage","Mortgage Registration","Ready","Non Free Hold","Residential","Nad Al Shiba Third","Land","","4250000","468.82","468.82","","","Rashidiya Metro Station","City Centre Mirdif","","0","0","",""
"13-26288-2026","2026-09-23 15:17:11","Mortgage","Mortgage Registration","Ready","Non Free Hold","Residential","DUBAI WATER CANAL","Land","Residential Flats","81238000","2043.87","2043.87","","","Business Bay Metro Station","Dubai Mall","Burj Khalifa","0","0","",""
"13-26289-2026","2026-09-22 15:16:20","Mortgage","Mortgage Registration","Ready","Free Hold","Commercial","JUMEIRAH PARK","Land","Commercial","6720000","510","510","","","Jumeirah Lakes Towers","Marina Mall","Sports City Swimming Academy","0","0","",""
"13-26291-2026","2026-09-22 15:26:19","Mortgage","Mortgage Registration","Ready","Free Hold","Residential","JUMEIRAH VILLAGE CIRCLE","Building","Villa","2056000","173.95","173.95","4 B/R","","Nakheel Metro Station","Marina Mall","Sports City Swimming Academy","0","0","",""
"13-26292-2026","2026-09-23 12:17:24","Mortgage","Mortgage Registration","Ready","Free Hold","Residential","MEYDAN ONE","Unit","Flat","850000","44.24","44.24","1 B/R","G-35","Buj Khalifa Dubai Mall Metro Station","Dubai Mall","Downtown Dubai","0","0","","Azizi Riviera 1"
"13-26293-2026","2026-09-22 16:05:53","Mortgage","Mortgage Registration","Ready","Free Hold","Residential","BURJ KHALIFA","Unit","Flat","2160000","131.08","131.08","2 B/R","B1-1008","Buj Khalifa Dubai Mall Metro Station","Dubai Mall","Downtown Dubai","0","0","","DD BOULEVARD CENTRAL"
"13-26294-2026","2026-09-22 15:48:36","Mortgage","Mortgage Registration","Ready","Free Hold","Residential","JUMEIRAH VILLAGE CIRCLE","Unit","Flat","577500","57.33","57.33","1 B/R","P4-46","Dubai Internet City","Mall of the Emirates","Sports City Swimming Academy","0","0","","NEVA RESIDENCES"
"13-26295-2026","2026-09-22 16:27:15","Mortgage","Mortgage Registration","Ready","Free Hold","Residential","Al Hebiah Fifth","Land","Residential","1205466","287.12","287.12","","","","","","0","0","","DAMAC LAGOONS - MALTA (2)"
"13-26296-2026","2026-09-22 17:34:08","Mortgage","Mortgage Registration","Ready","Free Hold","Residential","REMRAAM","Unit","Flat","630000","93.42","93.42","2 B/R","TD49-G-102","","","Motor City","0","0","","REMRAAM"
"13-26298-2026","2026-09-22 16:33:15","Mortgage","Mortgage Registration","Ready","Free Hold","Residential","Madinat Hind 4","Land","Residential","1140500","219.17","219.17","","","","","","0","0","","DAMAC HILLS (2) - VERONA"
"13-26300-2026","2026-09-22 16:38:11","Mortgage","Mortgage Registration","Ready","Free Hold","Residential","Madinat Hind 4","Land","Residential","860570","112.86","112.86","","","","","","0","0","","DAMAC HILLS (2) - VERONA"
"13-26309-2026","2026-09-22 18:47:52","Mortgage","Mortgage Registration","Ready","Free Hold","Residential","TOWN SQUARE","Building","Villa","500000","187.92","187.92","3 B/R","","","","Dubai Cycling Course","0","0","","TOWN SQUARE ZAHRA"
"13-26310-2026","2026-09-22 18:39:10","Mortgage","Mortgage Registration","Ready","Free Hold","Residential","ARABIAN RANCHES I","Building","Villa","2334832.78","255.04","255.04","3 B/R","","","","Global Village","0","0","",""
"13-26311-2026","2026-09-22 19:35:08","Mortgage","Mortgage Registration","Ready","Free Hold","Residential","DUBAI SPORTS CITY","Unit","Flat","472000","70.73","70.73","1 B/R","B2-12","Dubai Internet City","Marina Mall","Sports City Swimming Academy","0","0","","RED RESIDENCE"
"13-26312-2026","2026-09-23 08:16:12","Mortgage","Mortgage Registration","Ready","Free Hold","Residential","DUBAI PRODUCTION CITY","Unit","Flat","644000","59.21","59.21","1 B/R","BZ2N13","Harbour Tower","Ibn-e-Battuta Mall","Sports City Swimming Academy","0","0","","MIDTOWN - AFNAN"
"13-26313-2026","2026-09-23 08:03:20","Mortgage","Mortgage Registration","Ready","Free Hold","Residential","Madinat Al Mataar","Building","Villa","2552000","186.93","186.93","3 B/R","","","","","0","0","","The Pulse- Beachfront"
"13-26314-2026","2026-09-23 10:32:54","Mortgage","Mortgage Registration","Ready","Free Hold","Residential","JUMEIRAH VILLAGE CIRCLE","Land","Residential","1408452","762.1","762.1","","","Dubai Internet City","Mall of the Emirates","Sports City Swimming Academy","0","0","",""
"13-26315-2026","2026-09-23 08:25:02","Mortgage","Mortgage Registration","Ready","Free Hold","Residential","JUMEIRAH VILLAGE TRIANGLE","Land","Residential","2600000","642.3","642.3","","","Damac Properties","Marina Mall","Sports City Swimming Academy","0","0","",""
"13-26316-2026","2026-09-23 08:28:12","Mortgage","Mortgage Registration","Ready","Free Hold","Residential","CITY WALK","Unit","Flat","1800000","160.01","160.01","2 B/R","B-260","Buj Khalifa Dubai Mall Metro Station","Dubai Mall","Burj Khalifa","0","0","","NO.9 & NO.10 CITYWALK RESIDENTIAL"
"13-26317-2026","2026-09-23 08:21:09","Mortgage","Mortgage Registration","Ready","Free Hold","Residential","DUBAI SOUTH","Building","Villa","1505200","129.77","129.77","2 B/R","","","","Expo 2020 Site","0","0","","The Pulse Villas"
"13-26318-2026","2026-09-23 08:37:30","Mortgage","Mortgage Registration","Ready","Free Hold","Residential","JUMEIRAH VILLAGE TRIANGLE","Land","Residential","1000000","642.6","642.6","","","Nakheel Metro Station","Marina Mall","Sports City Swimming Academy","0","0","",""
"13-26320-2026","2026-09-23 09:54:17","Mortgage","Mortgage Registration","Ready","Free Hold","Residential","DUBAI HILLS","Unit","Flat","2157000","126.47","126.47","2 B/R","B-240","First Abu Dhabi Bank Metro Station","Mall of the Emirates","Burj Al Arab","0","0","","MULBERRY at PARK HEIGHTS"
"13-26321-2026","2026-09-23 09:13:38","Mortgage","Mortgage Registration","Ready","Free Hold","Residential","JUMEIRAH VILLAGE CIRCLE","Unit","Flat","830000","96.68","96.68","2 B/R","B1-102","Nakheel Metro Station","Marina Mall","Sports City Swimming Academy","0","0","","PANTHEON ELYSEE"
"13-26322-2026","2026-09-23 09:20:23","Mortgage","Mortgage Registration","Ready","Free Hold","Residential","AL FURJAN","Land","Residential","1600000","224","224","","","Ibn Battuta Metro Station","Ibn-e-Battuta Mall","Sports City Swimming Academy","0","0","",""
"13-26324-2026","2026-09-23 11:28:32","Mortgage","Mortgage Registration","Ready","Free Hold","Residential","INTERNATIONAL CITY PH 1","Unit","Flat","520000","82.22","82.22","1 B/R","P-UB 28","Rashidiya Metro Station","City Centre Mirdif","","0","0","",""
"13-26325-2026","2026-09-23 11:37:59","Mortgage","Mortgage Registration","Ready","Free Hold","Residential","BUSINESS BAY","Unit","Flat","1044000","97.27","97.27","2 B/R","B3-8","Business Bay Metro Station","Dubai Mall","Downtown Dubai","0","0","","EXECUTIVE BAY B"
"13-26327-2026","2026-09-23 12:39:59","Mortgage","Mortgage Registration","Ready","Free Hold","Residential","Madinat Hind 4","Land","Residential","1620000","174.81","174.81","","","","","","0","0","","DAMAC HILLS (2) - PACIFICA "
"13-26328-2026","2026-09-23 09:50:53","Mortgage","Mortgage Registration","Ready","Free Hold","Residential","INTERNATIONAL CITY PH 1","Unit","Flat","560000","86.75","86.75","2 B/R","B-198,LG-213","Rashidiya Metro Station","City Centre Mirdif","","0","0","","Lawnz Residence by Danube "
"13-26329-2026","2026-09-23 09:54:06","Mortgage","Mortgage Registration","Ready","Free Hold","Residential","DUBAI MARINA","Unit","Flat","900000","127.28","127.28","2 B/R","B3-21","Jumeirah Beach Residency","Marina Mall","Sports City Swimming Academy","0","0","",""
"13-26330-2026","2026-09-23 09:20:12","Mortgage","Mortgage Registration","Ready","Free Hold","Residential","MEYDAN ONE","Unit","Flat","267712","29.68","29.68","Studio","B2-87","Buj Khalifa Dubai Mall Metro Station","Dubai Mall","Downtown Dubai","0","0","","Azizi Riviera 23"
"13-26331-2026","2026-09-23 09:38:40","Mortgage","Mortgage Registration","Ready","Free Hold","Residential","ARJAN","Unit","Flat","768000","94.32","94.32","2 B/R","B1-101","Sharaf Dg Metro Station","Mall of the Emirates","Motor City","0","0","","SKYZ By Danube"
"13-26332-2026","2026-09-23 10:16:43","Mortgage","Mortgage Registration","Ready","Free Hold","Residential","MIRA","Building","Villa","2440000","269.09","269.09","3 B/R","","","","Dubai Cycling Course","0","0","","REEM - MIRA OASIS COMMUNITY"
"13-26333-2026","2026-09-23 12:59:14","Mortgage","Mortgage Registration","Ready","Free Hold","Residential","Madinat Hind 4","Land","Residential","1040000","112.24","112.24","","","","","","0","0","","DAMAC HILLS (2) - AVENCIA-2 "
"13-26334-2026","2026-09-23 09:38:46","Mortgage","Mortgage Registration","Ready","Free Hold","Residential","DUBAI PRODUCTION CITY","Unit","Flat","971390","140.48","140.48","2 B/R","GZ5C42","Harbour Tower","Ibn-e-Battuta Mall","Sports City Swimming Academy","0","0","","MIDTOWN - MESK"
"13-26335-2026","2026-09-23 10:34:48","Mortgage","Mortgage Registration","Ready","Free Hold","Residential","DUBAI PRODUCTION CITY","Unit","Flat","720000","116.69","116.69","2 B/R","B-346","Damac Properties","Marina Mall","Sports City Swimming Academy","0","0","","LAGO VISTA"
"13-26336-2026","2026-09-23 10:30:19","Mortgage","Mortgage Registration","Ready","Free Hold","Residential","PALM JUMEIRAH","Unit","Flat","19600000","595.25","595.25","4 B/R","B-479, B-480, B-481","Mina Seyahi","Marina Mall","Burj Al Arab","0","0","","SERENIA LIVING"
"13-26337-2026","2026-09-23 10:49:48","Mortgage","Mortgage Registration","Ready","Free Hold","Residential","DUBAI SPORTS CITY","Unit","Flat","440000","59.93","59.93","Studio","B2-A-106","Nakheel Metro Station","Marina Mall","Sports City Swimming Academy","0","0","","Canal Residence West 2"
"13-26338-2026","2026-09-24 14:28:33","Mortgage","Mortgage Registration","Ready","Free Hold","Residential","DUBAI MARINA","Unit","Flat","1580000","332.96","332.96","4 B/R","G-05,G-06","Jumeirah Lakes Towers","Marina Mall","Sports City Swimming Academy","0","0","",""
"13-26339-2026","2026-09-23 10:13:06","Mortgage","Mortgage Registration","Ready","Free Hold","Residential","JUMEIRAH VILLAGE TRIANGLE","Land","Residential","1950000","180","180","","","Damac Properties","Marina Mall","Sports City Swimming Academy","0","0","",""
"13-26340-2026","2026-09-23 12:01:05","Mortgage","Mortgage Registration","Ready","Free Hold","Residential","Al Satwa","Unit","Flat","1168000","79.47","79.47","1 B/R","P1-45","Emirates Towers Metro Station","Dubai Mall","Burj Khalifa","0","0","",""
"13-26341-2026","2026-09-23 10:26:47","Mortgage","Mortgage Registration","Ready","Free Hold","Residential","SERENA","Building","Villa","1940000","172.5","172.5","2 B/R","","","","Hamdan Sports Complex","0","0","","Serena Casa Dora"
"13-26342-2026","2026-09-23 11:07:49","Mortgage","Mortgage Registration","Ready","Free Hold","Residential","JUMEIRAH VILLAGE CIRCLE","Unit","Flat","744000","64.51","64.51","1 B/R","P1-03","Dubai Internet City","Marina Mall","Sports City Swimming Academy","0","0","","Binghatti Corner"
"13-26343-2026","2026-09-23 11:22:34","Mortgage","Mortgage Registration","Ready","Free Hold","Residential","MUDON","Land","Residential","3500000","330.89","330.89","","","","","Dubai Cycling Course","0","0","","Arabella 3"
"13-26344-2026","2026-09-23 10:32:17","Mortgage","Mortgage Registration","Ready","Free Hold","Residential","AL FURJAN","Unit","Flat","573000","102.24","102.24","1 B/R","G-59","Ibn Battuta Metro Station","Ibn-e-Battuta Mall","Sports City Swimming Academy","0","0","","AZIZI. FEIROUZ"
"13-26345-2026","2026-09-23 10:47:28","Mortgage","Mortgage Registration","Ready","Free Hold","Commercial","Jabal Ali First","Land","Commercial","3815000","359.06","359.06","","","","","","0","0","","Jebel Ali Village Townhouses - Phase 3"
"13-26346-2026","2026-09-23 10:28:56","Mortgage","Mortgage Registration","Ready","Free Hold","Residential","JUMEIRAH VILLAGE CIRCLE","Unit","Flat","441000","77.56","77.56","1 B/R","B1-11","Nakheel Metro Station","Marina Mall","Sports City Swimming Academy","0","0","","SEASONS COMMUNITY- SUMMER"
"13-26347-2026","2026-09-23 12:48:17","Mortgage","Mortgage Registration","Ready","Non Free Hold","Residential","Al Khawaneej First","Land","Residential","300000","1114.84","1114.84","","","Etisalat Metro Station","City Centre Mirdif","","0","0","",""
"13-26348-2026","2026-09-23 10:47:01","Mortgage","Mortgage Registration","Ready","Free Hold","Residential","DUBAI MARINA","Unit","Flat","1372000","109.53","109.53","2 B/R","05 (B3)","Jumeirah Lakes Towers","Marina Mall","Sports City Swimming Academy","0","0","",""
"13-26349-2026","2026-09-23 15:21:08","Mortgage","Mortgage Registration","Ready","Free Hold","Residential","Hadaeq Sheikh Mohammed Bin Rashid","Land","Residential Flats","9625000","660","660","","","","","","0","0","","Palm Hills"
"13-26350-2026","2026-09-23 12:23:40","Mortgage","Mortgage Registration","Ready","Free Hold","Residential","Al Hebiah Fourth","Land","Land","7000000","843.15","843.15","","","","","","0","0","","Harmony"
"13-26351-2026","2026-09-23 10:40:46","Mortgage","Mortgage Registration","Ready","Free Hold","Commercial","Jabal Ali First","Land","Commercial","2880453","570","570","","","","","","0","0","","Murooj Al Furjan 1"
"13-26352-2026","2026-09-23 10:21:22","Mortgage","Mortgage Registration","Ready","Free Hold","Residential","DUBAI PRODUCTION CITY","Unit","Flat","1280000","106.01","106.01","2 B/R","P-117","Harbour Tower","Ibn-e-Battuta Mall","Sports City Swimming Academy","0","0","","JANNAT"
"13-26353-2026","2026-09-23 13:42:36","Mortgage","Mortgage Registration","Ready","Free Hold","Residential","JUMEIRAH GOLF","Building","Villa","1820208","139.57","139.57","3 B/R","","Damac Properties","Ibn-e-Battuta Mall","Sports City Swimming Academy","0","0","","JASMINE LANE"
"13-26356-2026","2026-09-23 10:53:54","Mortgage","Mortgage Registration","Ready","Free Hold","Residential","DUBAI MARINA","Unit","Flat","870000","156.3","156.3","1 B/R","B2-05","Jumeirah Beach Residency","Marina Mall","Burj Al Arab","0","0","","MARINA WHARF II"
"13-26357-2026","2026-09-23 10:49:26","Mortgage","Mortgage Registration","Ready","Free Hold","Residential","DUBAI HEALTHCARE CITY - PHASE 2","Unit","Flat","552000","43.18","43.18","Studio","P2-08","Al Jadaf Metro Station","Dubai Mall","Downtown Dubai","0","0","","AL WALEED GARDEN 2"
"13-26358-2026","2026-09-23 10:52:05","Mortgage","Mortgage Registration","Ready","Free Hold","Residential","PALM JUMEIRAH","Unit","Flat","3600000","120.4","120.4","1 B/R","P2-2451","Knowledge Village","Marina Mall","Burj Al Arab","0","0","","TIARA RESIDENCE"
"13-26359-2026","2026-09-23 10:59:35","Mortgage","Mortgage Registration","Ready","Free Hold","Residential","Al Yufrah 1","Building","Villa","2160000","137.91","137.91","3 B/R","","","","","0","0","","The Valley - Elora"
"13-26360-2026","2026-09-23 10:39:20","Mortgage","Mortgage Registration","Ready","Free Hold","Residential","Al Hebiah Sixth","Building","Villa","1006600","168.02","168.02","3 B/R","","","","","0","0","","Mudon Al Ranim 5"
"13-26361-2026","2026-09-23 11:03:15","Mortgage","Mortgage Registration","Ready","Free Hold","Residential","JUMEIRAH VILLAGE CIRCLE","Unit","Flat","581000","91.33","91.33","1 B/R","B-151","Dubai Internet City","Mall of the Emirates","Sports City Swimming Academy","0","0","","Laya Residences"
"13-26362-2026","2026-09-23 11:20:20","Mortgage","Mortgage Registration","Ready","Free Hold","Residential","JUMEIRAH VILLAGE CIRCLE","Unit","Flat","1504000","135.59","135.59","2 B/R","P-64","Nakheel Metro Station","Marina Mall","Sports City Swimming Academy","0","0","","BELGRAVIA III"
"13-26363-2026","2026-09-23 17:24:25","Mortgage","Mortgage Registration","Ready","Free Hold","Residential","DUBAI MARINA","Unit","Flat","1226000","163.92","163.92","3 B/R","B-04","Jumeirah Beach Residency","Marina Mall","Sports City Swimming Academy","0","0","","THE ZEN"
"13-26364-2026","2026-09-23 13:45:23","Mortgage","Mortgage Registration","Ready","Free Hold","Residential","REMRAAM","Unit","Flat","1328000","137.38","137.38","3 B/R","TC14-G-35 , TC14-G-36","","","Motor City","0","0","","REMRAAM"
"13-26365-2026","2026-09-23 11:14:41","Mortgage","Mortgage Registration","Ready","Free Hold","Residential","Madinat Hind 4","Land","Residential","1000000","112.24","112.24","","","","","","0","0","","DAMAC HILLS (2) - VARDON "
"13-26366-2026","2026-09-23 11:39:54","Mortgage","Mortgage Registration","Ready","Free Hold","Residential","JUMEIRAH BEACH RESIDENCE","Unit","Flat","1045000","130.57","130.57","2 B/R","B736","Jumeirah Beach Residency","Marina Mall","Burj Al Arab","0","0","",""
"13-26367-2026","2026-09-23 11:25:32","Mortgage","Mortgage Registration","Ready","Free Hold","Residential","THE GREENS","Unit","Flat","2400000","188.29","188.29","2 B/R","377","Dubai Internet City","Marina Mall","Burj Al Arab","0","0","",""
"13-26368-2026","2026-09-23 11:03:45","Mortgage","Mortgage Registration","Ready","Free Hold","Residential","Al Yufrah 1","Building","Villa","2800000","231.12","231.12","4 B/R","","","","","0","0","","The Valley - Elora"
"13-26369-2026","2026-09-23 11:11:46","Mortgage","Mortgage Registration","Ready","Free Hold","Residential","THE VILLA","Land","Residential","4690000","510.96","510.96","","","","","IMG World Adventures","0","0","",""
"13-26370-2026","2026-09-23 11:32:31","Mortgage","Mortgage Registration","Ready","Free Hold","Residential","BUSINESS BAY","Unit","Flat","1800000","162.01","162.01","3 B/R","P6-143 & P6-144","Buj Khalifa Dubai Mall Metro Station","Dubai Mall","Downtown Dubai","0","0","","DAMAC TOWERS BY PARAMOUNT"
"13-26371-2026","2026-09-24 11:46:19","Mortgage","Mortgage Registration","Ready","Free Hold","Residential","JUMEIRAH VILLAGE CIRCLE","Unit","Flat","1438500","216.84","216.84","2 B/R","B-145.B-146","Dubai Internet City","Mall of the Emirates","Sports City Swimming Academy","0","0","","TUSCAN RESIDENCES1 - SIENA"
"13-26372-2026","2026-09-23 11:16:11","Mortgage","Mortgage Registration","Ready","Free Hold","Residential","ARJAN","Unit","Flat","942435","116.79","116.79","2 B/R","G-30","","","","0","0","","MARQUIS ELEGANCE "
"13-26373-2026","2026-09-23 11:31:04","Mortgage","Mortgage Registration","Ready","Free Hold","Residential","DUBAI SPORTS CITY","Unit","Flat","476000","61.42","61.42","1 B/R","B2-S-106","Nakheel Metro Station","Marina Mall","Sports City Swimming Academy","0","0","","Canal Residence West 2"
"13-26374-2026","2026-09-23 11:33:11","Mortgage","Mortgage Registration","Ready","Free Hold","Residential","JUMEIRAH VILLAGE CIRCLE","Building","Villa","2200000","135.32","135.32","4 B/R","","Nakheel Metro Station","Marina Mall","Sports City Swimming Academy","0","0","","SEASONS COMMUNITY- SUMMER"
"13-26375-2026","2026-09-23 12:24:05","Mortgage","Mortgage Registration","Ready","Free Hold","Residential","JUMEIRAH VILLAGE CIRCLE","Unit","Flat","1024000","132.43","132.43","2 B/R","P-122","Dubai Internet City","Mall of the Emirates","Sports City Swimming Academy","0","0","","LE GRAND CHATEAU"
"13-26376-2026","2026-09-23 11:27:10","Mortgage","Mortgage Registration","Ready","Free Hold","Residential","ARABIAN RANCHES III","Building","Villa","2352000","128.4","128.4","3 B/R","","","","","0","0","","Arabain Ranches lll - Bliss"
"13-26377-2026","2026-09-23 11:45:14","Mortgage","Mortgage Registration","Ready","Free Hold","Residential","EMIRATE LIVING","Building","Villa","3900000","253.35","253.35","3 B/R","","Nakheel Metro Station","Marina Mall","Sports City Swimming Academy","0","0","","Emirates Living - Springs 5"
"13-26378-2026","2026-09-23 12:44:55","Mortgage","Mortgage Registration","Ready","Non Free Hold","Residential","Al Twar Third","Land","Residential / Residential Villa","1000000","764.74","764.74","","","","","","0","0","",""
"13-26379-2026","2026-09-23 12:25:24","Mortgage","Mortgage Registration","Ready","Free Hold","Residential","PALM JUMEIRAH","Unit","Flat","1341900","175.39","175.39","2 B/R","Building 9-B3-39","Palm Jumeirah","Marina Mall","Burj Al Arab","0","0","","GOLDEN MILE"
"13-26380-2026","2026-09-23 12:06:10","Mortgage","Mortgage Registration","Ready","Free Hold","Residential","Madinat Hind 4","Land","Residential","1120000","124.66","124.66","","","","","","0","0","","DAMAC HILLS (2) - ALBIZIA "
"13-26381-2026","2026-09-23 11:42:37","Mortgage","Mortgage Registration","Ready","Free Hold","Residential","BUSINESS BAY","Unit","Flat","2400000","178.16","178.16","2 B/R","B4-23, B4-24","Buj Khalifa Dubai Mall Metro Station","Dubai Mall","Downtown Dubai","0","0","","SLS DUBAI"
"13-26382-2026","2026-09-23 11:47:37","Mortgage","Mortgage Registration","Ready","Free Hold","Residential","Zaabeel Second","Unit","Flat","2090000","104.92","104.92","2 B/R","P3-202","Financial Centre","Dubai Mall","Burj Khalifa","0","0","","Downtown Views II"
"13-26383-2026","2026-09-23 12:40:39","Mortgage","Mortgage Registration","Ready","Free Hold","Residential","LIWAN","Unit","Flat","569800","77.14","77.14","1 B/R","","","","IMG World Adventures","0","0","",""
"13-26384-2026","2026-09-23 11:35:00","Mortgage","Mortgage Registration","Ready","Free Hold","Residential","ARJAN","Unit","Flat","1374400","139.19","139.19","2 B/R","G-50","Sharaf Dg Metro Station","Mall of the Emirates","Motor City","0","0","","Welcome Residency"
"13-26385-2026","2026-09-23 12:05:10","Mortgage","Mortgage Registration","Ready","Free Hold","Residential","DAMAC HILLS","Land","Residential","3400000","338.89","338.89","","","","","Motor City","0","0","","DAMAC HILLS - LONGVIEW"
"13-26386-2026","2026-09-23 14:13:30","Mortgage","Mortgage Registration","Ready","Free Hold","Residential","DUBAI HEALTHCARE CITY - PHASE 2","Unit","Flat","556000","50.17","50.17","Studio","B-03","Healthcare City Metro Station","Dubai Mall","Downtown Dubai","0","0","","Farhad Azizi Residence"
"13-26388-2026","2026-09-23 12:14:51","Mortgage","Mortgage Registration","Ready","Free Hold","Residential","THE GREENS","Unit","Flat","1024000","70.02","70.02","1 B/R","192.","Dubai Internet City","Marina Mall","Burj Al Arab","0","0","",""
"13-26389-2026","2026-09-23 12:08:51","Mortgage","Mortgage Registration","Ready","Free Hold","Residential","LIVING LEGENDS","Land","Residential","1230000","784.85","784.85","","","First Abu Dhabi Bank Metro Station","","Global Village","0","0","","LIVING LEGENDS PHASE 3"
"13-26390-2026","2026-09-23 12:49:32","Mortgage","Mortgage Registration","Ready","Non Free Hold","Residential","Al Mizhar First","Land","Residential / Residential Villa","1000000","1232.56","1232.56","","","","","","0","0","",""
"13-26391-2026","2026-09-23 12:24:38","Mortgage","Mortgage Registration","Ready","Free Hold","Residential","DUBAI CREEK HARBOUR","Unit","Flat","1540000","91.99","91.99","2 B/R","M-4B-005","Creek Metro Station","City Centre Mirdif","Dubai International Airport","0","0","","Creek Beach - Savanna-Cedar-Mangrove"
"13-26392-2026","2026-09-23 12:24:25","Mortgage","Mortgage Registration","Ready","Free Hold","Residential","MIRA","Building","Villa","3185000","377.5","377.5","4 B/R","","","","Dubai Cycling Course","0","0","","REEM-MIRA COMMUNITY PH 3"
"13-26393-2026","2026-09-23 12:17:15","Mortgage","Mortgage Registration","Ready","Free Hold","Residential","MEYDAN AVENUE","Unit","Flat","817337","78.06","78.06","1 B/R","G-66","Business Bay Metro Station","Dubai Mall","Downtown Dubai","0","0","","Prime Views"
"13-26394-2026","2026-09-23 12:27:36","Mortgage","Mortgage Registration","Ready","Free Hold","Residential","Wadi Al Safa 5","Land","Residential","5250000","456","456","","","","","","0","0","","Arabian Ranches lll - Elie Saab ll"
"13-26395-2026","2026-09-23 13:03:44","Mortgage","Mortgage Registration","Ready","Free Hold","Residential","DUBAI MARINA","Unit","Flat","1251250","73.95","73.95","1 B/R","P3-3198","Jumeirah Beach Resdency","Marina Mall","Burj Al Arab","0","0","","PARK ISLANDS"
"13-26396-2026","2026-09-23 14:13:19","Mortgage","Mortgage Registration","Ready","Free Hold","Commercial","JUMEIRAH GOLF","Land","Commercial","2000000","1006.9","1006.9","","","Harbour Tower","Ibn-e-Battuta Mall","Sports City Swimming Academy","0","0","",""
"13-26397-2026","2026-09-23 12:49:51","Mortgage","Mortgage Registration","Ready","Free Hold","Residential","DUBAI HEALTHCARE CITY - PHASE 2","Unit","Flat","756000","68.22","68.22","1 B/R","M-138","Al Jadaf Metro Station","Dubai Mall","Downtown Dubai","0","0","","Binghatti Gateway "
"13-26398-2026","2026-09-23 12:43:36","Mortgage","Mortgage Registration","Ready","Free Hold","Residential","JUMEIRAH VILLAGE CIRCLE","Land","Residential","566225","180","180","","","Dubai Internet City","Mall of the Emirates","Sports City Swimming Academy","0","0","",""
"13-26399-2026","2026-09-23 13:13:45","Mortgage","Mortgage Registration","Ready","Free Hold","Residential","DUBAI SPORTS CITY","Unit","Flat","720000","72.48","72.48","1 B/R","B-34","Nakheel Metro Station","Marina Mall","Sports City Swimming Academy","0","0","","Golf Vista Heights"
"13-26400-2026","2026-09-23 13:18:58","Mortgage","Mortgage Registration","Ready","Non Free Hold","Commercial","SAMA AL JADAF","Land","Commercial","35900000","1120.69","1120.69","","","Creek Metro Station","Dubai Mall","Dubai International Airport","0","0","",""
"13-26401-2026","2026-09-23 12:30:15","Mortgage","Mortgage Registration","Ready","Free Hold","Commercial","JUMEIRAH PARK","Land","Commercial","3500000","486.57","486.57","","","Jumeirah Lakes Towers","Marina Mall","Sports City Swimming Academy","0","0","","JUMEIRAH PARK 7B&C"
"13-26402-2026","2026-09-23 13:20:21","Mortgage","Mortgage Registration","Ready","Non Free Hold","Commercial","SAMA AL JADAF","Land","Commercial","35900000","1120.04","1120.04","","","Al Jadaf Metro Station","Dubai Mall","Downtown Dubai","0","0","",""
"13-26403-2026","2026-09-23 13:13:53","Mortgage","Mortgage Registration","Ready","Non Free Hold","Commercial","SAMA AL JADAF","Land","Commercial","104000000","3935.64","3935.64","","","Al Jadaf Metro Station","Dubai Mall","Dubai International Airport","0","0","",""
"13-26404-2026","2026-09-23 13:15:36","Mortgage","Mortgage Registration","Ready","Non Free Hold","Commercial","SAMA AL JADAF","Land","Commercial","29000000","1023.88","1023.88","","","Al Jadaf Metro Station","Dubai Mall","Dubai International Airport","0","0","",""
"13-26405-2026","2026-09-23 14:17:05","Mortgage","Mortgage Registration","Ready","Free Hold","Residential","DAMAC HILLS","Land","Residential","1288000","253","253","","","","","Motor City","0","0","","DAMAC HILLS- PELHAM "
"13-26407-2026","2026-09-23 13:12:37","Mortgage","Mortgage Registration","Ready","Non Free Hold","Residential","AL Athbah","Land","Residential / Residential Villa","700000","1197.15","1197.15","","","","","","0","0","",""
"13-26410-2026","2026-09-23 13:10:57","Mortgage","Mortgage Registration","Ready","Non Free Hold","Residential","Al Khawaneej Second","Land","","1000000","929.6","929.6","","","","","","0","0","",""
"13-26411-2026","2026-09-24 12:48:38","Mortgage","Mortgage Registration","Ready","Non Free Hold","Commercial","Al Hamriya","Land","Commercial","26762000","979.38","979.38","","","Burjuman Metro Station","Dubai Mall","Dubai International Airport","0","0","",""
"13-26412-2026","2026-09-23 13:10:54","Mortgage","Mortgage Registration","Ready","Free Hold","Residential","BUSINESS BAY","Unit","Flat","940000","39.02","39.02","Studio","P1-93","Business Bay Metro Station","Dubai Mall","Downtown Dubai","0","0","","Peninsula Three"
"13-26413-2026","2026-09-23 13:03:35","Mortgage","Mortgage Registration","Ready","Free Hold","Residential","DUBAI CREEK HARBOUR","Unit","Flat","1608000","99.38","99.38","2 B/R","G-3C-098","Creek Metro Station","City Centre Mirdif","Dubai International Airport","0","0","","Creek Beach - Lotus"
"13-26414-2026","2026-09-23 13:20:58","Mortgage","Mortgage Registration","Ready","Free Hold","Residential","SERENA","Building","Villa","2640000","281.28","281.28","3 B/R","","","","Hamdan Sports Complex","0","0","","SERENA BELLA CASA"
"13-26415-2026","2026-09-23 13:16:26","Mortgage","Mortgage Registration","Ready","Free Hold","Residential","INTERNATIONAL CITY PH 1","Unit","Flat","270000","69","69","1 B/R","","Rashidiya Metro Station","City Centre Mirdif","Dubai International Airport","0","0","",""
"13-26418-2026","2026-09-23 13:03:09","Mortgage","Mortgage Registration","Ready","Free Hold","Residential","DUBAI HILLS","Building","Villa","4070000","278.91","278.91","5 B/R","","First Abu Dhabi Bank Metro Station","Mall of the Emirates","Motor City","0","0","","MAPLE"
"13-26419-2026","2026-09-23 13:16:33","Mortgage","Mortgage Registration","Ready","Free Hold","Residential","JUMEIRAH LAKES TOWERS","Unit","Shop","1820000","120.24","120.24","Shop","DMCC-1242","Jumeirah Lakes Towers","Marina Mall","Sports City Swimming Academy","0","0","",""
"13-26420-2026","2026-09-23 13:29:09","Mortgage","Mortgage Registration","Ready","Free Hold","Residential","ARABIAN RANCHES I","Land","Residential","3177499.74","898.09","898.09","","","","","Global Village","0","0","",""
"13-26421-2026","2026-09-23 13:13:11","Mortgage","Mortgage Registration","Ready","Free Hold","Residential","Al Hebiah Fourth","Building","Villa","4725000","302.62","302.62","4 B/R","","","","","0","0","","Aura"
"13-26422-2026","2026-09-23 13:34:21","Mortgage","Mortgage Registration","Ready","Free Hold","Residential","EMIRATE LIVING","Building","Villa","2411000","242.49","242.49","2 B/R","","Damac Properties","Marina Mall","Sports City Swimming Academy","0","0","","Emirates Living - Springs 2"
"13-26423-2026","2026-09-23 13:24:22","Mortgage","Mortgage Registration","Ready","Free Hold","Residential","DUBAI PRODUCTION CITY","Unit","Flat","275000","46.36","46.36","Studio","","Damac Properties","Marina Mall","Sports City Swimming Academy","0","0","","THE CRESCENT"
"13-26424-2026","2026-09-23 13:36:12","Mortgage","Mortgage Registration","Ready","Free Hold","Residential","AL FURJAN","Building","Villa","2637000","231.43","231.43","3 B/R","","Ibn Battuta Metro Station","Ibn-e-Battuta Mall","Expo 2020 Site","0","0","",""
"13-26425-2026","2026-09-23 13:24:11","Mortgage","Mortgage Registration","Ready","Free Hold","Residential","Hadaeq Sheikh Mohammed Bin Rashid","Land","Residential Flats","11100000","660","660","","","","","","0","0","","Palm Hills"
"13-26426-2026","2026-09-23 14:20:39","Mortgage","Mortgage Registration","Ready","Free Hold","Commercial","JUMEIRAH GOLF","Land","Commercial","4000000","364","364","","","Harbour Tower","Ibn-e-Battuta Mall","Sports City Swimming Academy","0","0","","JUMEIRAH GOLF ESTATES"
"13-26427-2026","2026-09-23 13:51:05","Mortgage","Mortgage Registration","Ready","Free Hold","Residential","DUBAI MARITIME CITY","Unit","Flat","3216872.01","199.93","199.93","3 B/R","P3-132 , P3-133","Al Ghubaiba Metro Station","Dubai Mall","Burj Khalifa","0","0","","Riva Residence"
"13-26428-2026","2026-09-23 13:53:23","Mortgage","Mortgage Registration","Ready","Free Hold","Residential","Wadi Al Safa 5","Building","Villa","2560000","161","161","3 B/R","","","","","0","0","","La Rosa 4"
"13-26429-2026","2026-09-23 14:10:38","Mortgage","Mortgage Registration","Ready","Free Hold","Residential","DISCOVERY GARDENS","Unit","Flat","731250","127.45","127.45","2 B/R","","Harbour Tower","Ibn-e-Battuta Mall","Sports City Swimming Academy","0","0","",""
"13-26430-2026","2026-09-23 13:58:32","Mortgage","Mortgage Registration","Ready","Free Hold","Residential","DUBAI CREEK HARBOUR","Unit","Flat","1560000","115.16","115.16","2 B/R","B2-145","Creek Metro Station","City Centre Mirdif","Dubai International Airport","0","0","","CREEKSIDE 18"
"13-26431-2026","2026-09-23 13:42:21","Mortgage","Mortgage Registration","Ready","Free Hold","Residential","Hadaeq Sheikh Mohammed Bin Rashid","Unit","Flat","1810000","105.92","105.92","2 B/R","B-327","","","","0","0","","Elvira"
"13-26432-2026","2026-09-23 14:08:33","Mortgage","Mortgage Registration","Ready","Free Hold","Residential","DUBAI SPORTS CITY","Unit","Flat","450000","92.48","92.48","1 B/R","1","Nakheel Metro Station","Marina Mall","Sports City Swimming Academy","0","0","","HUB CANAL 1 TOWER"
"13-26433-2026","2026-09-23 14:01:32","Mortgage","Mortgage Registration","Ready","Free Hold","Residential","BURJ KHALIFA","Unit","Flat","1130000","151.44","151.44","2 B/R","P3-26","Business Bay Metro Station","Dubai Mall","Downtown Dubai","0","0","","ELITE DOWNTOWN RESIDENCE"
"13-26434-2026","2026-09-23 13:54:18","Mortgage","Mortgage Registration","Ready","Free Hold","Residential","ARJAN","Unit","Flat","770000","69.92","69.92","1 B/R","B-02","Sharaf Dg Metro Station","Mall of the Emirates","Motor City","0","0","","Marquis Galleria"
"13-26436-2026","2026-09-23 14:28:48","Mortgage","Mortgage Registration","Ready","Non Free Hold","Residential","Al Rega","Land","Residential","57000000","1096.07","1096.07","","","Baniyas Square Metro Station","Dubai Mall","Dubai International Airport","0","0","",""
"13-26437-2026","2026-09-23 14:21:03","Mortgage","Mortgage Registration","Ready","Non Free Hold","Commercial","Al Hamriya","Land","Commercial","120000000","7177.04","7177.04","","","Burjuman Metro Station","Dubai Mall","Dubai International Airport","0","0","",""
"13-26438-2026","2026-09-23 14:35:25","Mortgage","Mortgage Registration","Ready","Non Free Hold","Commercial","Al Murqabat","Land","Commercial","57000000","3758.86","3758.86","","","Al Rigga Metro Station","Dubai Mall","Dubai International Airport","0","0","",""
"13-26439-2026","2026-09-23 14:44:24","Mortgage","Mortgage Registration","Ready","Non Free Hold","Commercial","Al Muteena","Land","Commercial","75000000","2391.05","2391.05","","","Salah Al Din Metro Station","Dubai Mall","Dubai International Airport","0","0","",""
"13-26440-2026","2026-09-23 14:46:36","Mortgage","Mortgage Registration","Ready","Non Free Hold","Commercial","Al Karama","Land","Commercial","50000000","1728","1728","","","Burjuman Metro Station","Dubai Mall","Dubai International Airport","0","0","",""
"13-26441-2026","2026-09-23 14:55:13","Mortgage","Mortgage Registration","Ready","Non Free Hold","Commercial","Al Karama","Land","Commercial","80000000","1904.51","1904.51","","","Burjuman Metro Station","Dubai Mall","Dubai International Airport","0","0","",""
"13-26442-2026","2026-09-23 14:52:06","Mortgage","Mortgage Registration","Ready","Non Free Hold","Commercial","Al Karama","Land","Commercial","80000000","4087.73","4087.73","","","Burjuman Metro Station","Dubai Mall","Dubai International Airport","0","0","",""
"13-26443-2026","2026-09-23 14:30:27","Mortgage","Mortgage Registration","Ready","Free Hold","Residential","MAJAN","Unit","Flat","840000","73.93","73.93","1 B/R","G-45","","","IMG World Adventures","0","0","","THE HAVEN"
"13-26444-2026","2026-09-23 15:07:32","Mortgage","Mortgage Registration","Ready","Free Hold","Residential","JUMEIRAH VILLAGE CIRCLE","Unit","Flat","875000","84.68","84.68","1 B/R","P1-36","Dubai Internet City","Mall of the Emirates","Sports City Swimming Academy","0","0","","Binghatti Apex"
"13-26445-2026","2026-09-23 15:33:52","Mortgage","Mortgage Registration","Ready","Free Hold","Residential","MAJAN","Unit","Flat","980000","77.98","77.98","1 B/R","G-64","","","IMG World Adventures","0","0","",""
"13-26446-2026","2026-09-23 17:05:59","Mortgage","Mortgage Registration","Ready","Free Hold","Residential","Al Yelayiss 2","Building","Villa","2380000","174","174","3 B/R","","","","","0","0","","MAHA TOWNHOUSES "
"13-26447-2026","2026-09-23 14:15:53","Mortgage","Mortgage Registration","Ready","Free Hold","Residential","Al Hebiah Fourth","Building","Villa","4420000","230.25","230.25","3 B/R","","","","","0","0","","Aura"
"13-26448-2026","2026-09-23 15:20:22","Mortgage","Mortgage Registration","Ready","Free Hold","Residential","DUBAI CREEK HARBOUR","Unit","Flat","3500000","169.9","169.9","3 B/R","B2-87,B2-88","Creek Metro Station","Dubai Mall","Dubai International Airport","0","0","","The Grand "
"13-26449-2026","2026-09-23 14:46:43","Mortgage","Mortgage Registration","Ready","Free Hold","Residential","DUBAI STUDIO CITY","Unit","Flat","1584000","153.04","153.04","3 B/R","B-125, B-146","Sharaf Dg Metro Station","Mall of the Emirates","Motor City","0","0","","GLITZ RESIDENCE 2"
"13-26450-2026","2026-09-23 14:22:22","Mortgage","Mortgage Registration","Ready","Free Hold","Residential","DUBAI SCIENCE PARK","Unit","Flat","1025374","91.32","91.32","2 B/R","B1-152","First Abu Dhabi Bank Metro Station","Mall of the Emirates","Motor City","0","0","","Skyhills I by HRE "
"13-26451-2026","2026-09-23 15:25:42","Mortgage","Mortgage Registration","Ready","Free Hold","Residential","ARJAN","Unit","Flat","480000","48.03","48.03","Studio","B-72","Sharaf Dg Metro Station","Mall of the Emirates","Motor City","0","0","","BURJ VIEW RESIDENCE"
"13-26452-2026","2026-09-23 15:54:04","Mortgage","Mortgage Registration","Ready","Free Hold","Residential","Al Hebiah Fifth","Land","Residential","2400000","144.71","144.71","","","","","","0","0","","DAMAC LAGOONS - COSTA BRAVA (1)"
"13-26453-2026","2026-09-23 15:07:08","Mortgage","Mortgage Registration","Ready","Free Hold","Residential","JUMEIRAH VILLAGE CIRCLE","Unit","Flat","808000","77.93","77.93","1 B/R","P3-99","Dubai Internet City","Marina Mall","Sports City Swimming Academy","0","0","","Binghatti Orchid"
"13-26457-2026","2026-09-23 15:02:22","Mortgage","Mortgage Registration","Ready","Free Hold","Residential","DUBAI MARINA","Unit","Flat","1360000","134.06","134.06","2 B/R","P3 - 3109","Jumeirah Beach Residency","Marina Mall","Burj Al Arab","0","0","",""
"13-26458-2026","2026-09-23 15:06:40","Mortgage","Mortgage Registration","Ready","Free Hold","Residential","THE GREENS","Unit","Flat","1144000","68.38","68.38","1 B/R","1","Nakheel Metro Station","Marina Mall","Burj Al Arab","0","0","","TANARO"
"13-26459-2026","2026-09-23 16:10:46","Mortgage","Mortgage Registration","Ready","Free Hold","Residential","Al Mamzer","Land","Residential","8950000","1462.09","1462.09","","","Al Qiyadah Metro Station","","Dubai International Airport","0","0","",""
"13-26461-2026","2026-09-23 15:12:58","Mortgage","Mortgage Registration","Ready","Free Hold","Residential","BUSINESS BAY","Unit","Flat","1120000","75.17","75.17","1 B/R","P1-67","Buj Khalifa Dubai Mall Metro Station","Dubai Mall","Downtown Dubai","0","0","","Regalia"
"13-26462-2026","2026-09-23 15:34:23","Mortgage","Mortgage Registration","Ready","Free Hold","Residential","DUBAI PRODUCTION CITY","Unit","Flat","1040000","109.76","109.76","2 B/R","GZ5B10","Harbour Tower","Ibn-e-Battuta Mall","Sports City Swimming Academy","0","0","","MIDTOWN - MESK"
"13-26463-2026","2026-09-23 16:15:28","Mortgage","Mortgage Registration","Ready","Free Hold","Residential","LIWAN","Unit","Flat","600000","122.41","122.41","2 B/R","G-70","","","IMG World Adventures","0","0","",""
"13-26464-2026","2026-09-23 16:22:03","Mortgage","Mortgage Registration","Ready","Free Hold","Residential","Al Yufrah 1","Land","Residential","4907500","798.23","798.23","","","","","","0","0","","The Valley - Farm Gardens"
"13-26469-2026","2026-09-23 16:51:45","Mortgage","Mortgage Registration","Ready","Free Hold","Residential","ARJAN","Unit","Flat","908000","76.53","76.53","1 B/R","G-128","Sharaf Dg Metro Station","Mall of the Emirates","Motor City","0","0","","48 PARKSIDE "
"13-26470-2026","2026-09-23 17:04:30","Mortgage","Mortgage Registration","Ready","Free Hold","Residential","DUBAI SCIENCE PARK","Unit","Flat","1049888","98.29","98.29","2 B/R","P1-70","First Abu Dhabi Bank Metro Station","Mall of the Emirates","Motor City","0","0","","Skyhills I by HRE "
"13-26472-2026","2026-09-23 17:10:47","Mortgage","Mortgage Registration","Ready","Free Hold","Residential","EMAAR SOUTH","Building","Villa","1533363","143.84","143.84","3 B/R","","","","Al Makhtoum International Airport","0","0","","Parkside 2"
"13-26474-2026","2026-09-24 12:35:07","Mortgage","Mortgage Registration","Ready","Non Free Hold","Residential","Al Khawaneej Second","Land","Residential / Residential Villa","830000","481.67","481.67","","","","","","0","0","",""
"13-26475-2026","2026-09-23 17:33:55","Mortgage","Mortgage Registration","Ready","Free Hold","Residential","Al Yelayiss 2","Unit","Flat","800000","111.86","111.86","2 B/R","G-248","","","","0","0","","THE MAYFAIR "
"13-26476-2026","2026-09-23 17:36:16","Mortgage","Mortgage Registration","Ready","Free Hold","Residential","SOBHA HEARTLAND","Unit","Flat","1995000","136.48","136.48","2 B/R","P1-159","Buj Khalifa Dubai Mall Metro Station","Dubai Mall","Downtown Dubai","0","0","","Sobha Hartland - Crest Grande"
"13-26478-2026","2026-09-23 18:12:26","Mortgage","Mortgage Registration","Ready","Free Hold","Residential","SOBHA HEARTLAND","Unit","Flat","2507500","149.79","149.79","3 B/R","P3-1, P3-2","Buj Khalifa Dubai Mall Metro Station","Dubai Mall","Downtown Dubai","0","0","","Sobha Hartland - Crest Grande"
"13-26480-2026","2026-09-24 08:53:10","Mortgage","Mortgage Registration","Ready","Free Hold","Residential","SUSTAINABLE CITY","Building","Villa","3400000","194.81","194.81","3 B/R","","","","Dubai Cycling Course","0","0","","THE SUSTAINABLE CITY"
"13-26481-2026","2026-09-24 08:41:05","Mortgage","Mortgage Registration","Ready","Free Hold","Residential","DAMAC HILLS","Unit","Flat","1085000","174.18","174.18","2 B/R","B-20A, B-20B","","","Motor City","0","0","","DAMAC HILLS - GOLF TERRACE"
"13-26482-2026","2026-09-24 08:45:10","Mortgage","Mortgage Registration","Ready","Non Free Hold","Residential","Al Warqa Third","Land","Residential / Residential Villa","750000","1135.19","1135.19","","","","","","0","0","",""
"13-26483-2026","2026-09-24 09:37:50","Mortgage","Mortgage Registration","Ready","Free Hold","Residential","BURJ KHALIFA","Unit","Hotel Apartment","5450000","208.71","208.71","4 B/R","P4-4095,P4-4096","Buj Khalifa Dubai Mall Metro Station","Dubai Mall","Downtown Dubai","0","0","","Vida Dubai Mall"
"13-26484-2026","2026-09-24 08:49:32","Mortgage","Mortgage Registration","Ready","Non Free Hold","Residential","Al Mizhar Third","Land","","2210000","1187.77","1187.77","","","Etisalat Metro Station","City Centre Mirdif","Dubai International Airport","0","0","",""
"13-26485-2026","2026-09-24 08:56:05","Mortgage","Mortgage Registration","Ready","Free Hold","Residential","JUMEIRAH VILLAGE TRIANGLE","Land","Residential","2573074","582.8","582.8","","","Damac Properties","Marina Mall","Sports City Swimming Academy","0","0","",""
"13-26486-2026","2026-09-24 09:01:13","Mortgage","Mortgage Registration","Ready","Free Hold","Residential","PALM JUMEIRAH","Unit","Flat","1600000","173.73","173.73","2 B/R","6-LG03","Palm Jumeirah","Marina Mall","Burj Al Arab","0","0","","MARINA RESIDENCE"
"13-26487-2026","2026-09-24 08:54:54","Mortgage","Mortgage Registration","Ready","Free Hold","Residential","JUMEIRAH LAKES TOWERS","Unit","Flat","1540000","86.01","86.01","1 B/R","B2-68","Damac Properties","Marina Mall","Sports City Swimming Academy","0","0","","BANYAN TREE RESIDENCES HILLSIDE DUBAI"
"13-26488-2026","2026-09-24 09:03:18","Mortgage","Mortgage Registration","Ready","Free Hold","Commercial","Jabal Ali First","Land","Commercial","4700000","607.71","607.71","","","","","","0","0","","Murooj Al Furjan 2 "
"13-26489-2026","2026-09-24 09:04:52","Mortgage","Mortgage Registration","Ready","Free Hold","Residential","EMIRATE LIVING","Building","Villa","2000000","255.04","255.04","3 B/R","","Nakheel Metro Station","Marina Mall","Sports City Swimming Academy","0","0","","Emirates Living - Springs 9"
"13-26490-2026","2026-09-24 09:13:27","Mortgage","Mortgage Registration","Ready","Free Hold","Residential","PALM JUMEIRAH","Unit","Flat","4300000","202.65","202.65","3 B/R","B1-12,B1-13","Palm Jumeirah","Marina Mall","Burj Al Arab","0","0","",""
"13-26491-2026","2026-09-24 11:05:39","Mortgage","Mortgage Registration","Ready","Free Hold","Residential","Madinat Hind 4","Land","Residential","1392000","174.8","174.8","","","","","","0","0","","DAMAC HILLS (2) - CLARET"
"13-26492-2026","2026-09-24 09:16:58","Mortgage","Mortgage Registration","Ready","Free Hold","Residential","JUMEIRAH GOLF","Unit","Flat","700000","94.91","94.91","1 B/R","PH2-B-133","Damac Properties","Marina Mall","Sports City Swimming Academy","0","0","",""
"13-26494-2026","2026-09-24 11:41:57","Mortgage","Mortgage Registration","Ready","Free Hold","Residential","DUBAI MARINA","Unit","Flat","2040000","70.12","70.12","1 B/R","P1-109","Dubai Marina","Marina Mall","Burj Al Arab","0","0","",""
"13-26495-2026","2026-09-24 09:38:42","Mortgage","Mortgage Registration","Ready","Free Hold","Residential","Zaabeel Second","Unit","Flat","1544000","69.13","69.13","1 B/R","B-41","Financial Centre","Dubai Mall","Burj Khalifa","0","0","","Downtown Views II"
"13-26496-2026","2026-09-24 10:26:54","Mortgage","Mortgage Registration","Ready","Free Hold","Residential","JUMEIRAH LAKES TOWERS","Unit","Flat","580000","144.66","144.66","2 B/R","DMCC-3213","Damac Properties","Marina Mall","Burj Al Arab","0","0","",""
"13-26498-2026","2026-09-24 11:34:58","Mortgage","Mortgage Registration","Ready","Non Free Hold","Residential","Al Yelayiss 5","Land","Residential / Residential Villa","1000000","756.16","756.16","","","","","","0","0","",""
"13-26499-2026","2026-09-24 10:31:12","Mortgage","Mortgage Registration","Ready","Free Hold","Residential","REMRAAM","Unit","Flat","1258636","139.07","139.07","3 B/R","TB41-G-16 , TB41-G-17","","","Motor City","0","0","","REMRAAM"
"13-26500-2026","2026-09-24 09:33:07","Mortgage","Mortgage Registration","Ready","Free Hold","Residential","DUBAI SOUTH","Unit","Flat","450784","69.07","69.07","Studio","B2-261","","","Expo 2020 Site","0","0","","CELESTIA"
"13-26501-2026","2026-09-24 09:57:56","Mortgage","Mortgage Registration","Ready","Free Hold","Residential","MIRA","Building","Villa","2350000","311.18","311.18","4 B/R","","","","Dubai Cycling Course","0","0","","REEM-MIRA COMMUNITY PH5"
"13-26502-2026","2026-09-24 11:04:27","Mortgage","Mortgage Registration","Ready","Free Hold","Residential","MIRA","Building","Villa","1994900","245.21","245.21","3 B/R","","","","Dubai Cycling Course","0","0","","REEM - MIRA OASIS COMMUNITY"
"13-26503-2026","2026-09-24 11:25:02","Mortgage","Mortgage Registration","Ready","Non Free Hold","Residential","Al Aweer First","Land","Residential / Residential Villa","1000000","1179.87","1179.87","","","","","","0","0","",""
"13-26504-2026","2026-09-24 10:20:54","Mortgage","Mortgage Registration","Ready","Free Hold","Residential","BUSINESS BAY","Unit","Office","2160000","139.27","139.27","Office","B2 - 22","Buj Khalifa Dubai Mall Metro Station","Dubai Mall","Downtown Dubai","0","0","","51@BUSINESS BAY"
"13-26505-2026","2026-09-24 10:15:30","Mortgage","Mortgage Registration","Ready","Free Hold","Residential","DUBAI HEALTHCARE CITY - PHASE 2","Unit","Flat","544000","36.19","36.19","Studio","P1-51","Al Jadaf Metro Station","Dubai Mall","Downtown Dubai","0","0","","AL WALEED GARDEN 2"
"13-26506-2026","2026-09-24 10:30:34","Mortgage","Mortgage Registration","Ready","Free Hold","Residential","JUMEIRAH VILLAGE CIRCLE","Unit","Flat","1448000","117.83","117.83","2 B/R","B-95","Nakheel Metro Station","Marina Mall","Sports City Swimming Academy","0","0","",""
"13-26507-2026","2026-09-24 10:12:16","Mortgage","Mortgage Registration","Ready","Free Hold","Residential","JUMEIRAH VILLAGE CIRCLE","Unit","Flat","880000","72.81","72.81","1 B/R","G-64","Dubai Internet City","Mall of the Emirates","Sports City Swimming Academy","0","0","","Binghatti Aurora"
"13-26508-2026","2026-09-24 10:38:43","Mortgage","Mortgage Registration","Ready","Free Hold","Residential","PALM JUMEIRAH","Unit","Flat","3360000","172.59","172.59","2 B/R","4-B140","Palm Jumeirah","Marina Mall","Burj Al Arab","0","0","","MARINA RESIDENCE"
"13-26509-2026","2026-09-24 13:11:27","Mortgage","Mortgage Registration","Ready","Free Hold","Residential","DUBAI SPORTS CITY","Unit","Flat","360000","64.5","64.5","1 B/R","B-16","Nakheel Metro Station","Marina Mall","Sports City Swimming Academy","0","0","","ELITE 7 SPORTS RESIDENCE"
"13-26510-2026","2026-09-24 10:51:00","Mortgage","Mortgage Registration","Ready","Free Hold","Residential","DUBAI SPORTS CITY","Unit","Flat","520000","71.33","71.33","1 B/R","B2-18","Nakheel Metro Station","Marina Mall","Sports City Swimming Academy","0","0","","CRICKET TOWER"
"13-26511-2026","2026-09-24 10:22:31","Mortgage","Mortgage Registration","Ready","Free Hold","Residential","PALM JUMEIRAH","Unit","Flat","15400000","952.65","952.65","4 B/R","3-LG285, 3-GG33","Palm Jumeirah","Marina Mall","Burj Al Arab","0","0","","MARINA RESIDENCE"
"13-26513-2026","2026-09-24 11:13:10","Mortgage","Mortgage Registration","Ready","Non Free Hold","Residential","Al Khawaneej Second","Land","Residential / Residential Villa","1000000","1115.63","1115.63","","","","","","0","0","",""
"13-26514-2026","2026-09-24 11:21:37","Mortgage","Mortgage Registration","Ready","Free Hold","Residential","JUMEIRAH VILLAGE CIRCLE","Unit","Flat","1320000","108.94","108.94","2 B/R","P3-142","Dubai Internet City","Mall of the Emirates","Sports City Swimming Academy","0","0","","RA1N Residence"
"13-26515-2026","2026-09-24 11:05:53","Mortgage","Mortgage Registration","Ready","Free Hold","Residential","THE GREENS","Unit","Flat","1960000","146.6","146.6","2 B/R","1","Nakheel Metro Station","Marina Mall","Burj Al Arab","0","0","","TANARO"
"13-26516-2026","2026-09-24 10:41:45","Mortgage","Mortgage Registration","Ready","Free Hold","Residential","AL FURJAN","Unit","Flat","912000","71.49","71.49","1 B/R","B1-09","Ibn Battuta Metro Station","Ibn-e-Battuta Mall","Sports City Swimming Academy","0","0","","PG ONE AT AL FURJAN"
"13-26517-2026","2026-09-24 10:40:28","Mortgage","Mortgage Registration","Ready","Free Hold","Residential","THE FIELD","Building","Villa","3064000","187.17","187.17","4 B/R","","","","IMG World Adventures","0","0","","THE FIELDS AT D11 - MBRMC"
"13-26518-2026","2026-09-24 12:10:46","Mortgage","Mortgage Registration","Ready","Free Hold","Commercial","AL FURJAN","Land","Commercial","1800000","600","600","","","Ibn Battuta Metro Station","Ibn-e-Battuta Mall","Expo 2020 Site","0","0","","ALFURJAN PACKAGE 4"
"13-26519-2026","2026-09-24 10:49:56","Mortgage","Mortgage Registration","Ready","Free Hold","Residential","THE GREENS","Unit","Flat","1240000","70.44","70.44","1 B/R","67.","Dubai Internet City","Marina Mall","Burj Al Arab","0","0","",""
"13-26520-2026","2026-09-24 11:26:03","Mortgage","Mortgage Registration","Ready","Free Hold","Residential","INTERNATIONAL CITY PH 1","Unit","Flat","348000","69","69","1 B/R","","Rashidiya Metro Station","City Centre Mirdif","","0","0","",""
"13-26521-2026","2026-09-24 11:09:07","Mortgage","Mortgage Registration","Ready","Free Hold","Residential","JUMEIRAH VILLAGE CIRCLE","Unit","Flat","600000","38.52","38.52","Studio","P-98","Dubai Internet City","Mall of the Emirates","Sports City Swimming Academy","0","0","","Oxford 212"
"13-26522-2026","2026-09-24 11:14:44","Mortgage","Mortgage Registration","Ready","Free Hold","Residential","DISCOVERY GARDENS","Unit","Flat","900000","125.76","125.76","2 B/R","","Harbour Tower","Ibn-e-Battuta Mall","Sports City Swimming Academy","0","0","",""
"13-26523-2026","2026-09-24 10:54:06","Mortgage","Mortgage Registration","Ready","Free Hold","Residential","TOWN SQUARE","Building","Villa","1960000","188.01","188.01","3 B/R","","","","","0","0","","NOOR TOWNHOUSES"
"13-26524-2026","2026-09-24 10:43:00","Mortgage","Mortgage Registration","Ready","Free Hold","Residential","JUMEIRAH LAKES TOWERS","Unit","Flat","1070000","201.3","201.3","3 B/R","1","Damac Properties","Marina Mall","Burj Al Arab","0","0","","V3"
"13-26525-2026","2026-09-24 10:45:14","Mortgage","Mortgage Registration","Ready","Free Hold","Residential","MUDON","Land","Residential","2000000","161","161","","","","","Dubai Cycling Course","0","0","","Arabella 3"
"13-26526-2026","2026-09-24 11:35:38","Mortgage","Mortgage Registration","Ready","Free Hold","Commercial","DUBAI PRODUCTION CITY","Land","Commercial","39000000","1479.46","1479.46","","","Harbour Tower","Ibn-e-Battuta Mall","Sports City Swimming Academy","0","0","",""
"13-26527-2026","2026-09-24 11:02:34","Mortgage","Mortgage Registration","Ready","Non Free Hold","Residential","Al Aweer First","Land","Residential / Residential Villa","1000000","743.45","743.45","","","","","","0","0","",""
"13-26528-2026","2026-09-24 11:14:50","Mortgage","Mortgage Registration","Ready","Free Hold","Residential","AL FURJAN","Building","Villa","3200000","206.75","206.75","4 B/R","","Ibn Battuta Metro Station","Ibn-e-Battuta Mall","Sports City Swimming Academy","0","0","",""
"13-26529-2026","2026-09-24 11:33:22","Mortgage","Mortgage Registration","Ready","Non Free Hold","Residential","AL Athbah","Land","","1000000","1115.06","1115.06","","","","","","0","0","",""
"13-26530-2026","2026-09-24 11:52:45","Mortgage","Mortgage Registration","Ready","Free Hold","Residential","DUBAI MARINA","Unit","Flat","880000","76.5","76.5","1 B/R","B-338","Jumeirah Beach Residency","Marina Mall","Sports City Swimming Academy","0","0","",""
"13-26531-2026","2026-09-24 11:24:40","Mortgage","Mortgage Registration","Ready","Free Hold","Residential","DAMAC HILLS","Land","Residential","2080000","252.74","252.74","","","","","Motor City","0","0","","DAMAC HILLS- PELHAM "
"13-26532-2026","2026-09-24 13:32:21","Mortgage","Mortgage Registration","Ready","Free Hold","Residential","DUBAI MARINA","Unit","Flat","1280000","66.98","66.98","1 B/R","B2-99","Jumeirah Lakes Towers","Marina Mall","Burj Al Arab","0","0","","WEST AVENUE"
"13-26533-2026","2026-09-24 11:35:00","Mortgage","Mortgage Registration","Ready","Free Hold","Residential","TOWN SQUARE","Building","Villa","2560000","190.91","190.91","3 B/R","","","","","0","0","","NOOR TOWNHOUSES"
"13-26534-2026","2026-09-24 10:52:22","Mortgage","Mortgage Registration","Ready","Free Hold","Residential","Um Suqaim Third","Unit","Flat","3000000","169.73","169.73","3 B/R","B-038, B-393","","","","0","0","","Lamaa"
"13-26535-2026","2026-09-24 10:55:33","Mortgage","Mortgage Registration","Ready","Free Hold","Residential","DUBAI PRODUCTION CITY","Unit","Flat","840000","74.38","74.38","1 B/R","P-67","Harbour Tower","Ibn-e-Battuta Mall","Sports City Swimming Academy","0","0","","JANNAT"
"13-26536-2026","2026-09-24 11:34:53","Mortgage","Mortgage Registration","Ready","Free Hold","Residential","DISCOVERY GARDENS","Unit","Flat","690000","124.08","124.08","2 B/R","","Harbour Tower","Ibn-e-Battuta Mall","Sports City Swimming Academy","0","0","",""
"13-26537-2026","2026-09-24 11:15:59","Mortgage","Mortgage Registration","Ready","Free Hold","Residential","Wadi Al Safa 7","Building","Villa","1520000","105.79","105.79","3 B/R","","","","","0","0","","Rukan 3"
"13-26538-2026","2026-09-24 11:39:48","Mortgage","Mortgage Registration","Ready","Free Hold","Residential","DUBAI SOUTH","Unit","Flat","312000","41.21","41.21","Studio","B2-035","","","Expo 2020 Site","0","0","","CELESTIA"
"13-26539-2026","2026-09-24 12:49:18","Mortgage","Mortgage Registration","Ready","Free Hold","Residential","DUBAI LAND RESIDENCE COMPLEX","Unit","Flat","720000","117.19","117.19","2 B/R","P1 C 15","","","IMG World Adventures","0","0","","SKY COURTS"
"13-26540-2026","2026-09-24 11:28:25","Mortgage","Mortgage Registration","Ready","Free Hold","Residential","DUBAI LAND RESIDENCE COMPLEX","Unit","Flat","519830","114.92","114.92","2 B/R","B/A-125","","","IMG World Adventures","0","0","","SKY COURTS"
"13-26541-2026","2026-09-24 11:29:01","Mortgage","Mortgage Registration","Ready","Free Hold","Residential","BUSINESS BAY","Unit","Flat","1120000","110.65","110.65","1 B/R","B1-48","Business Bay Metro Station","Dubai Mall","Downtown Dubai","0","0","","AG TOWER"
"13-26542-2026","2026-09-24 11:27:38","Mortgage","Mortgage Registration","Ready","Free Hold","Residential","JUMEIRAH VILLAGE CIRCLE","Unit","Flat","984000","127.85","127.85","2 B/R","B-37","Dubai Internet City","Marina Mall","Sports City Swimming Academy","0","0","","LA RIVIERA AZURE"
"13-26543-2026","2026-09-24 11:30:54","Mortgage","Mortgage Registration","Ready","Non Free Hold","Residential","Al Aweer First","Land","Residential / Residential Villa","1000000","1143.17","1143.17","","","","","","0","0","",""
"13-26544-2026","2026-09-24 11:55:55","Mortgage","Mortgage Registration","Ready","Free Hold","Residential","Al Yelayiss 2","Building","Villa","2350000","188.21","188.21","3 B/R","","","","","0","0","","NASEEM TOWNHOUSES"
"13-26545-2026","2026-09-24 11:49:38","Mortgage","Mortgage Registration","Ready","Free Hold","Residential","DUBAI MARINA","Unit","Flat","968000","70.95","70.95","1 B/R","B2-101","Jumeirah Beach Resdency","Marina Mall","Burj Al Arab","0","0","","ROYAL OCEANIC TOWER"
"13-26546-2026","2026-09-24 11:37:02","Mortgage","Mortgage Registration","Ready","Free Hold","Residential","DUBAI SPORTS CITY","Unit","Flat","1160000","124.29","124.29","2 B/R","G-46","Nakheel Metro Station","Marina Mall","Sports City Swimming Academy","0","0","","Golf Vista Heights"
"13-26547-2026","2026-09-24 11:48:39","Mortgage","Mortgage Registration","Ready","Free Hold","Commercial","SILICON OASIS","Land","Commercial","3239000","378.76","378.76","","","","City Centre Mirdif","IMG World Adventures","0","0","",""
"13-26548-2026","2026-09-24 13:14:05","Mortgage","Mortgage Registration","Ready","Free Hold","Residential","TECOM SITE A","Unit","Flat","1440000","105.49","105.49","1 B/R","P4-54","Palm Jumeirah","Marina Mall","Burj Al Arab","0","0","",""
"13-26549-2026","2026-09-24 13:06:12","Mortgage","Mortgage Registration","Ready","Non Free Hold","Residential","Muhaisanah Third","Land","Residential / Residential Villa","1000000","1115","1115","","","","","","0","0","",""
"13-26550-2026","2026-09-24 11:31:51","Mortgage","Mortgage Registration","Ready","Free Hold","Residential","Al Yelayiss 2","Unit","Flat","721943","142.26","142.26","3 B/R","G-107, G-108","","","","0","0","","THE MAYFAIR "
"13-26551-2026","2026-09-24 12:08:12","Mortgage","Mortgage Registration","Ready","Free Hold","Residential","DUBAI HILLS","Unit","Flat","2040000","89.17","89.17","2 B/R","P-1093","First Abu Dhabi Bank Metro Station","Mall of the Emirates","Motor City","0","0","","Lime Gardens "
"13-26552-2026","2026-09-24 12:07:10","Mortgage","Mortgage Registration","Ready","Free Hold","Commercial","Jabal Ali First","Land","Commercial","5740000","720.89","720.89","","","","","","0","0","","Murooj Al Furjan 1"
"13-26553-2026","2026-09-24 13:18:29","Mortgage","Mortgage Registration","Ready","Free Hold","Residential","Al Yufrah 1","Building","Villa","2840000","231","231","4 B/R","","","","","0","0","","The Valley - Elora"
"13-26554-2026","2026-09-24 12:12:30","Mortgage","Mortgage Registration","Ready","Free Hold","Residential","INTERNATIONAL CITY PH 1","Unit","Flat","600000","96.83","96.83","2 B/R","B67","Rashidiya Metro Station","City Centre Mirdif","","0","0","",""
"13-26557-2026","2026-09-24 12:39:38","Mortgage","Mortgage Registration","Ready","Free Hold","Residential","EMIRATE LIVING","Building","Villa","2640000","169.4","169.4","2 B/R","","Damac Properties","Marina Mall","Sports City Swimming Academy","0","0","","Emirates Living - Springs 12"
"13-26560-2026","2026-09-24 13:03:24","Mortgage","Mortgage Registration","Ready","Free Hold","Residential","JUMEIRAH VILLAGE CIRCLE","Unit","Flat","868000","71.18","71.18","1 B/R","B-182","Nakheel Metro Station","Marina Mall","Sports City Swimming Academy","0","0","","Binghatti Phoenix"
"13-26562-2026","2026-09-24 12:16:54","Mortgage","Mortgage Registration","Ready","Free Hold","Commercial","Jabal Ali First","Land","Commercial","1075000","252.89","252.89","","","","","","0","0","","Jebel Ali Village Townhouses - Phase 3"
"13-26563-2026","2026-09-24 12:38:16","Mortgage","Mortgage Registration","Ready","Non Free Hold","Residential","Al Twar First","Land","Residential","1000000","929.03","929.03","","","Al Nahda Metro Station","City Centre Mirdif","Dubai International Airport","0","0","",""
"13-26564-2026","2026-09-24 14:32:45","Mortgage","Mortgage Registration","Ready","Free Hold","Residential","JUMEIRAH VILLAGE CIRCLE","Unit","Flat","1520000","143.47","143.47","2 B/R","P2-4","Dubai Internet City","Mall of the Emirates","Sports City Swimming Academy","0","0","","AB CAVALIER "
"13-26565-2026","2026-09-24 13:32:19","Mortgage","Mortgage Registration","Ready","Free Hold","Residential","MINA RASHID","Unit","Flat","1700000","112.99","112.99","2 B/R","B1-179","Al Ghubaiba Metro Station","Dubai Mall","Burj Khalifa","0","0","","Seagate"
"13-26566-2026","2026-09-24 13:11:28","Mortgage","Mortgage Registration","Ready","Free Hold","Residential","DOWN TOWN JABAL ALI","Unit","Flat","324000","65.32","65.32","1 B/R","B1-037","UAE Exchange Metro Station","Ibn-e-Battuta Mall","Expo 2020 Site","0","0","","SUBERBIA"
"13-26567-2026","2026-09-24 14:08:46","Mortgage","Mortgage Registration","Ready","Free Hold","Residential","DUBAI MARINA","Unit","Flat","1840000","145.11","145.11","2 B/R","","Jumeirah Beach Residency","Marina Mall","Sports City Swimming Academy","0","0","",""
"13-26568-2026","2026-09-24 12:54:19","Mortgage","Mortgage Registration","Ready","Free Hold","Residential","Madinat Hind 4","Land","Residential","915500","112.87","112.87","","","","","","0","0","","DAMAC HILLS (2) - VERONA"
"13-26570-2026","2026-09-24 13:31:20","Mortgage","Mortgage Registration","Ready","Free Hold","Residential","ARABIAN RANCHES I","Building","Villa","1398920","354.66","354.66","3 B/R","","","","Global Village","0","0","",""
"13-26571-2026","2026-09-24 13:30:21","Mortgage","Mortgage Registration","Ready","Free Hold","Residential","DISCOVERY GARDENS","Unit","Flat","1080000","143.76","143.76","2 B/R","","Harbour Tower","Ibn-e-Battuta Mall","Sports City Swimming Academy","0","0","",""
"13-26572-2026","2026-09-24 14:50:16","Mortgage","Mortgage Registration","Ready","Non Free Hold","Residential","Al Khawaneej Second","Land","","750000","472.63","472.63","","","","","","0","0","",""
"13-26573-2026","2026-09-24 13:36:41","Mortgage","Mortgage Registration","Ready","Free Hold","Commercial","DUBAI SPORTS CITY","Land","Commercial","3960000","247","247","","","Nakheel Metro Station","Marina Mall","Sports City Swimming Academy","0","0","",""
"13-26574-2026","2026-09-24 13:52:42","Mortgage","Mortgage Registration","Ready","Free Hold","Residential","DUBAI SPORTS CITY","Unit","Flat","600000","97.05","97.05","1 B/R","B2-44","Nakheel Metro Station","Marina Mall","Sports City Swimming Academy","0","0","","HUB CANAL 2 TOWER"
"13-26575-2026","2026-09-24 13:49:40","Mortgage","Mortgage Registration","Ready","Non Free Hold","Residential","Al Khawaneej First","Land","Government Housing","1000000","1449.97","1449.97","","","Etisalat Metro Station","City Centre Mirdif","","0","0","",""
"13-26577-2026","2026-09-24 13:38:22","Mortgage","Mortgage Registration","Ready","Free Hold","Commercial","Jabal Ali First","Land","Commercial","4200000","520.61","520.61","","","","","","0","0","","Tilal AL Furjan- Phase Two"
"13-26578-2026","2026-09-24 13:52:21","Mortgage","Mortgage Registration","Ready","Free Hold","Residential","MUDON","Land","Residential","2800000","210.6","210.6","","","","","Dubai Cycling Course","0","0","","ARABELLA 2 - TOWNHOUSES AT MUDON"
"13-26579-2026","2026-09-24 14:02:50","Mortgage","Mortgage Registration","Ready","Free Hold","Residential","JUMEIRAH VILLAGE CIRCLE","Unit","Flat","1170000","115.63","115.63","2 B/R","P4-42","Nakheel Metro Station","Marina Mall","Sports City Swimming Academy","0","0","","Luma Park Views"
"13-26580-2026","2026-09-24 14:45:10","Mortgage","Mortgage Registration","Ready","Free Hold","Commercial","DUBAI SPORTS CITY","Land","Industrial","50000000","9260.39","9260.39","","","Nakheel Metro Station","Marina Mall","Sports City Swimming Academy","0","0","","Sportz By Danube "
"13-26581-2026","2026-09-24 14:09:34","Mortgage","Mortgage Registration","Ready","Free Hold","Residential","LA MER","Unit","Flat","630000","71.57","71.57","1 B/R","G-073","Trade Centre Metro Station","Dubai Mall","Burj Khalifa","0","0","","Port de La Mer - Le Pont "
"13-26582-2026","2026-09-24 15:03:08","Mortgage","Mortgage Registration","Ready","Free Hold","Residential","JUMEIRAH VILLAGE CIRCLE","Unit","Flat","712000","66.98","66.98","1 B/R","B1-17","Dubai Internet City","Marina Mall","Sports City Swimming Academy","0","0","","Marwa Heights"
"13-26583-2026","2026-09-24 14:29:28","Mortgage","Mortgage Registration","Ready","Free Hold","Residential","DUBAI MARINA","Unit","Flat","1140000","85.66","85.66","1 B/R","P3-3195","Jumeirah Beach Resdency","Marina Mall","Burj Al Arab","0","0","","PARK ISLANDS"
"13-26584-2026","2026-09-24 14:25:15","Mortgage","Mortgage Registration","Ready","Free Hold","Residential","DUBAI LAND RESIDENCE COMPLEX","Unit","Flat","350000","65.84","65.84","1 B/R","B1-20","","","IMG World Adventures","0","0","","INDIGO TOWER"
"13-26585-2026","2026-09-24 15:00:47","Mortgage","Mortgage Registration","Ready","Free Hold","Residential","AL FURJAN","Unit","Flat","500000","62.73","62.73","1 B/R","B1-75","Ibn Battuta Metro Station","Ibn-e-Battuta Mall","Expo 2020 Site","0","0","","Maria Tower"
"13-26586-2026","2026-09-24 14:11:54","Mortgage","Mortgage Registration","Ready","Free Hold","Residential","BUSINESS BAY","Unit","Flat","1061500","141.08","141.08","2 B/R","B1-45","Business Bay Metro Station","Dubai Mall","Downtown Dubai","0","0","","AG TOWER"
"13-26591-2026","2026-09-24 14:31:24","Mortgage","Mortgage Registration","Ready","Free Hold","Residential","BUSINESS BAY","Unit","Flat","1040000","75.24","75.24","1 B/R","P1-42","Buj Khalifa Dubai Mall Metro Station","Dubai Mall","Downtown Dubai","0","0","","Regalia"
"13-26592-2026","2026-09-24 14:33:22","Mortgage","Mortgage Registration","Ready","Free Hold","Residential","SOBHA HEARTLAND","Unit","Flat","1020000","55.27","55.27","1 B/R","P2-88","","","","0","0","","Sobha Hartland - The Crest"
"13-26594-2026","2026-09-24 14:45:27","Mortgage","Mortgage Registration","Ready","Free Hold","Residential","SOBHA HEARTLAND","Unit","Flat","1360000","74.98","74.98","2 B/R","P5-145","","","","0","0","","Sobha Hartland - The Crest"
"13-26597-2026","2026-09-24 15:14:36","Mortgage","Mortgage Registration","Ready","Free Hold","Residential","DUBAI SPORTS CITY","Unit","Flat","650000","75.21","75.21","1 B/R","B1-02","Nakheel Metro Station","Marina Mall","Sports City Swimming Academy","0","0","","EAGLE HEIGHTS"
"13-26599-2026","2026-09-24 15:03:41","Mortgage","Mortgage Registration","Ready","Free Hold","Residential","BUSINESS BAY","Unit","Flat","1320000","58.72","58.72","1 B/R","B2-121","Business Bay Metro Station","Dubai Mall","Downtown Dubai","0","0","","Peninsula One"
"133-360-2026","2026-09-23 20:45:43","Sales","Development Registration","Ready","Free Hold","Residential","Madinat Dubai Almelaheyah","Land","Residential","13988665.69","2158.49","2158.49","","","","","","0","0","",""
"133-361-2026","2026-09-24 15:07:33","Sales","Development Registration","Ready","Non Free Hold","Residential","SILICON OASIS","Unit","Flat","520000","42.83","42.83","Studio","B3-228","","","IMG World Adventures","0","0","","ARABIAN GATE"
"14-1331-2026","2026-09-22 15:35:25","Mortgage","Modify Mortgage","Ready","Free Hold","Residential","JUMEIRAH PARK","Building","Villa","4130000","187.69","187.69","4 B/R","","Harbour Tower","Ibn-e-Battuta Mall","Sports City Swimming Academy","0","0","","ROYAL PARK"
"14-1332-2026","2026-09-23 08:48:28","Mortgage","Modify Mortgage","Ready","Free Hold","Commercial","Jabal Ali First","Land","Commercial","4800000","645.09","645.09","","","","","","0","0","","Murooj Al Furjan 1"
"14-1333-2026","2026-09-23 09:49:10","Mortgage","Modify Mortgage","Ready","Free Hold","Commercial","EMIRATE LIVING","Land","Commercial","4400000","600.15","600.15","","","Damac Properties","Marina Mall","Sports City Swimming Academy","0","0","",""
"14-1334-2026","2026-09-23 13:17:35","Mortgage","Modify Mortgage","Ready","Free Hold","Residential","REMRAAM","Unit","Flat","713786","92.51","92.51","2 B/R","TC20-G-144","","","Motor City","0","0","","REMRAAM"
"14-1335-2026","2026-09-23 11:30:25","Mortgage","Modify Mortgage","Ready","Free Hold","Residential","Madinat Hind 4","Land","Residential","1000000","112.24","112.24","","","","","","0","0","","DAMAC HILLS (2) - AVENCIA-2 "
"14-1336-2026","2026-09-23 15:44:32","Mortgage","Modify Mortgage","Ready","Free Hold","Residential","DUBAI MARINA","Unit","Flat","1112162","120.82","120.82","2 B/R","P2-42","Mina Seyahi","Marina Mall","Burj Al Arab","0","0","","PRINCESS TOWER"
"14-1337-2026","2026-09-23 15:32:10","Mortgage","Modify Mortgage","Ready","Free Hold","Residential","DUBAI MARINA","Unit","Flat","2016197","146.88","146.88","2 B/R","P3-74","Mina Seyahi","Marina Mall","Burj Al Arab","0","0","","OCEAN HEIGHTS"
"14-1339-2026","2026-09-24 08:32:03","Mortgage","Modify Mortgage","Ready","Free Hold","Residential","EMIRATE LIVING","Building","Villa","4033699","252.33","252.33","3 B/R","","Damac Properties","Marina Mall","Sports City Swimming Academy","0","0","","Emirates Living - Springs 4"
"14-1340-2026","2026-09-24 09:38:16","Mortgage","Modify Mortgage","Ready","Free Hold","Residential","Al Hebiah Fourth","Land","Land","3166500","457.04","457.04","","","","","","0","0","","Harmony"
"14-1342-2026","2026-09-24 11:37:28","Mortgage","Modify Mortgage","Ready","Free Hold","Residential","Madinat Hind 4","Land","Residential","810000","112.24","112.24","","","","","","0","0","","DAMAC HILLS (2) - VICTORIA "
"14-1343-2026","2026-09-24 12:13:24","Mortgage","Modify Mortgage","Ready","Free Hold","Commercial","JUMEIRAH PARK","Land","Commercial","5000000","510","510","","","Damac Properties","Marina Mall","Sports City Swimming Academy","0","0","","JUMEIRAH PARK 7B&C"
"14-1344-2026","2026-09-24 13:22:57","Mortgage","Modify Mortgage","Ready","Free Hold","Commercial","Jabal Ali First","Land","Commercial","1474046.81","252.57","252.57","","","","","","0","0","","Jebel Ali Village Townhouses- Phase 1"
"190-3257-2026","2026-09-22 17:15:43","Mortgage","Delayed Mortgage","Ready","Free Hold","Residential","Um Suqaim Third","Unit","Flat","1060000","69.69","69.69","1 B/R","B-219","","","","0","0","","Lamaa"
"190-3262-2026","2026-09-23 12:49:32","Mortgage","Delayed Mortgage","Ready","Free Hold","Residential","REMRAAM","Unit","Flat","744000","115.52","115.52","2 B/R","A15-G-134","","","Motor City","0","0","","Remraam - Al Ramth"
"190-3263-2026","2026-09-23 09:33:45","Mortgage","Delayed Mortgage","Ready","Free Hold","Residential","Madinat Hind 4","Land","Residential","887775","112.85","112.85","","","","","","0","0","","DAMAC HILLS (2) - VIOLET"
"190-3264-2026","2026-09-23 13:36:38","Mortgage","Delayed Mortgage","Ready","Free Hold","Residential","BUSINESS BAY","Unit","Flat","1000000","67.74","67.74","1 B/R","P4-45","Buj Khalifa Dubai Mall Metro Station","Dubai Mall","Downtown Dubai","0","0","","Regalia"
"190-3265-2026","2026-09-23 11:05:00","Mortgage","Delayed Mortgage","Ready","Free Hold","Residential","CITY WALK","Unit","Flat","1496500","117.79","117.79","2 B/R","B-116","","","","0","0","","Castleton "
"190-3266-2026","2026-09-23 11:10:55","Mortgage","Delayed Mortgage","Ready","Free Hold","Residential","ARJAN","Unit","Flat","411540","80.72","80.72","1 B/R","P1-10","Sharaf Dg Metro Station","Mall of the Emirates","Motor City","0","0","","NAS3"
"190-3267-2026","2026-09-23 11:43:04","Mortgage","Delayed Mortgage","Ready","Free Hold","Residential","Al Hebiah Fifth","Land","Residential","1960000","144","144","","","","","","0","0","","DAMAC LAGOONS - NICE 1"
"190-3268-2026","2026-09-23 11:55:48","Mortgage","Delayed Mortgage","Ready","Free Hold","Residential","BUSINESS BAY","Unit","Flat","2480000","169.42","169.42","3 B/R","P4-43,P4-43T","Buj Khalifa Dubai Mall Metro Station","Dubai Mall","Downtown Dubai","0","0","","Regalia"
"190-3269-2026","2026-09-23 17:42:53","Mortgage","Delayed Mortgage","Ready","Free Hold","Residential","BUSINESS BAY","Unit","Flat","593542","125.96","125.96","2 B/R","P1-68","Buj Khalifa Dubai Mall Metro Station","Dubai Mall","Downtown Dubai","0","0","","NOBLES"
"190-3270-2026","2026-09-23 13:06:48","Mortgage","Delayed Mortgage","Ready","Free Hold","Residential","Madinat Hind 4","Land","Residential","887775","112.92","112.92","","","","","","0","0","","DAMAC HILLS (2) - VIOLET"
"190-3271-2026","2026-09-24 14:00:19","Mortgage","Delayed Mortgage","Ready","Free Hold","Residential","DUBAI SPORTS CITY","Unit","Flat","400000","58.04","58.04","1 B/R","B2-82","Nakheel Metro Station","Marina Mall","Sports City Swimming Academy","0","0","","CONDOR GOLF LINKS 18"
"190-3272-2026","2026-09-23 15:07:08","Mortgage","Delayed Mortgage","Ready","Free Hold","Residential","Al Hebiah Fifth","Land","Residential","2080000","144","144","","","","","","0","0","","DAMAC LAGOONS - MALTA (1)"
"190-3273-2026","2026-09-23 15:46:33","Mortgage","Delayed Mortgage","Ready","Free Hold","Residential","Al Hebiah Fifth","Land","Residential","2096000","144","144","","","","","","0","0","","DAMAC LAGOONS - COSTA BRAVA (2)"
"190-3274-2026","2026-09-23 16:46:30","Mortgage","Delayed Mortgage","Ready","Free Hold","Residential","INTERNATIONAL CITY PH 2 & 3","Unit","Flat","800000","92.42","92.42","2 B/R","G-93","Rashidiya Metro Station","City Centre Mirdif","","0","0","","SPORTS VIEW RESIDENCE BY AL HELAL AL ZAHABY"
"190-3275-2026","2026-09-23 18:15:28","Mortgage","Delayed Mortgage","Ready","Free Hold","Residential","Al Hebiah Sixth","Building","Villa","3800000","268.37","268.37","4 B/R","","","","","0","0","","Mudon Al Ranim 5"
"190-3276-2026","2026-09-23 18:56:58","Mortgage","Delayed Mortgage","Ready","Free Hold","Residential","DUBAI PRODUCTION CITY","Unit","Flat","500000","70.99","70.99","1 B/R","P-151","Harbour Tower","Ibn-e-Battuta Mall","Sports City Swimming Academy","0","0","","JANNAT"
"190-3277-2026","2026-09-24 08:26:00","Mortgage","Delayed Mortgage","Ready","Free Hold","Residential","Um Suqaim Third","Unit","Flat","1121000","103.45","103.45","2 B/R","B-357","","","","0","0","","Lamaa"
"190-3279-2026","2026-09-24 10:11:43","Mortgage","Delayed Mortgage","Ready","Free Hold","Residential","CITY WALK","Unit","Flat","901000","74.17","74.17","1 B/R","B-147","","","","0","0","","Castleton "
"190-3280-2026","2026-09-24 09:22:41","Mortgage","Delayed Mortgage","Ready","Free Hold","Residential","Al Yelayiss 2","Unit","Flat","375000","128.94","128.94","2 B/R","G-149","","","","0","0","","THE MAYFAIR "
"190-3281-2026","2026-09-24 10:21:54","Mortgage","Delayed Mortgage","Ready","Free Hold","Residential","Wadi Al Safa 3","Unit","Flat","967165","81.56","81.56","1 B/R","B-049","","","IMG World Adventures","0","0","","Starlight Park"
"190-3282-2026","2026-09-24 11:05:46","Mortgage","Delayed Mortgage","Ready","Free Hold","Residential","ARJAN","Unit","Flat","1212000","124.94","124.94","2 B/R","G-30","Sharaf Dg Metro Station","Mall of the Emirates","Motor City","0","0","","Welcome Residency"
"190-3285-2026","2026-09-24 10:48:21","Mortgage","Delayed Mortgage","Ready","Free Hold","Residential","DUBAI PRODUCTION CITY","Unit","Flat","1360000","111.86","111.86","2 B/R","P-46","Harbour Tower","Ibn-e-Battuta Mall","Sports City Swimming Academy","0","0","","JANNAT"
"190-3286-2026","2026-09-24 11:09:58","Mortgage","Delayed Mortgage","Ready","Free Hold","Residential","Warsan First","Unit","Flat","350000","59.96","59.96","1 B/R","B2-124","Rashidiya Metro Station","City Centre Mirdif","Dubai International Airport","0","0","","Olivz Residence"
"190-3287-2026","2026-09-24 10:57:06","Mortgage","Delayed Mortgage","Ready","Free Hold","Residential","Madinat Hind 4","Land","Residential","932850","171.13","171.13","","","","","","0","0","","DAMAC HILLS (2) - VIOLET"
"190-3288-2026","2026-09-24 11:07:56","Mortgage","Delayed Mortgage","Ready","Free Hold","Residential","CITY WALK","Unit","Flat","681000","73.79","73.79","1 B/R","B-002","","","","0","0","","Castleton "
"190-3289-2026","2026-09-24 11:11:50","Mortgage","Delayed Mortgage","Ready","Free Hold","Residential","JUMEIRAH VILLAGE CIRCLE","Unit","Flat","1600000","126.33","126.33","2 B/R","P2-19","Nakheel Metro Station","Marina Mall","Sports City Swimming Academy","0","0","","Luma Park Views"
"190-3290-2026","2026-09-24 13:28:46","Mortgage","Delayed Mortgage","Ready","Free Hold","Residential","Wadi Al Safa 7","Unit","Flat","950000","130.63","130.63","3 B/R","B-17","","","","0","0","","Rukan Residence"
"190-3291-2026","2026-09-24 11:10:10","Mortgage","Delayed Mortgage","Ready","Free Hold","Residential","JUMEIRAH VILLAGE CIRCLE","Unit","Flat","1440000","105.98","105.98","2 B/R","P1-17","Dubai Internet City","Mall of the Emirates","Sports City Swimming Academy","0","0","","CONCEPT 7 RESIDENCES "
"190-3292-2026","2026-09-24 11:27:25","Mortgage","Delayed Mortgage","Ready","Free Hold","Residential","Al Hebiah Sixth","Building","Villa","965500","172.79","172.79","3 B/R","","","","","0","0","","Mudon Al Ranim 5"
"190-3293-2026","2026-09-24 12:05:50","Mortgage","Delayed Mortgage","Ready","Free Hold","Residential","Al Hebiah Fifth","Land","Residential","2296000","198.34","198.34","","","","","","0","0","","DAMAC LAGOONS - COSTA BRAVA (1)"
"190-3295-2026","2026-09-24 11:48:33","Mortgage","Delayed Mortgage","Ready","Free Hold","Residential","Al Yelayiss 2","Unit","Flat","557044","114.8","114.8","2 B/R","G-144","","","","0","0","","THE MAYFAIR "
"190-3297-2026","2026-09-24 12:10:37","Mortgage","Delayed Mortgage","Ready","Free Hold","Residential","INTERNATIONAL CITY PH 2 & 3","Unit","Flat","771385.16","98.49","98.49","1 B/R","G-11","Rashidiya Metro Station","City Centre Mirdif","","0","0","","SPORTS VIEW RESIDENCE BY AL HELAL AL ZAHABY"
"190-3298-2026","2026-09-24 12:29:19","Mortgage","Delayed Mortgage","Ready","Free Hold","Residential","BUSINESS BAY","Unit","Flat","920000","46.49","46.49","Studio","B1-135","Business Bay Metro Station","Dubai Mall","Downtown Dubai","0","0","","Peninsula Four"
"190-3299-2026","2026-09-24 13:38:34","Mortgage","Delayed Mortgage","Ready","Free Hold","Residential","Me'Aisem Second","Land","General Use","7063554","1040","1040","","","","","","0","0","","The Oasis - Mirage"
"190-3301-2026","2026-09-24 14:58:49","Mortgage","Delayed Mortgage","Ready","Free Hold","Residential","Um Suqaim Third","Unit","Flat","960000","103.44","103.44","2 B/R","B-325","","","","0","0","","Lamaa"
"219-421-2026","2026-09-24 10:43:19","Gifts","Grant on Delayed Sell","Ready","Free Hold","Residential","Ghadeer Al tair","Land","Residential","15000004.33","809.79","809.79","","","","","","0","0","","Mohammed Bin Rashid Al Maktoum City District One West - Phase 1"
"219-422-2026","2026-09-24 11:02:34","Gifts","Grant on Delayed Sell","Ready","Free Hold","Residential","Ghadeer Al tair","Land","Residential","15000004.33","784.03","784.03","","","","","","0","0","","Mohammed Bin Rashid Al Maktoum City District One West - Phase 1"
"219-423-2026","2026-09-24 10:12:18","Gifts","Grant on Delayed Sell","Ready","Free Hold","Residential","Ghadeer Al tair","Land","Residential","16600010.35","783.69","783.69","","","","","","0","0","","Mohammed Bin Rashid Al Maktoum City District One West - Phase 1"
"219-424-2026","2026-09-24 10:41:47","Gifts","Grant on Delayed Sell","Ready","Free Hold","Residential","Ghadeer Al tair","Land","Residential","15000004.33","784","784","","","","","","0","0","","Mohammed Bin Rashid Al Maktoum City District One West - Phase 1"
"219-425-2026","2026-09-23 16:37:30","Gifts","Grant on Delayed Sell","Ready","Free Hold","Residential","BUSINESS BAY","Unit","Flat","720429","58.2","58.2","1 B/R","B3-20","Business Bay Metro Station","Dubai Mall","Downtown Dubai","0","0","","Luxury Family Residence II"
"219-426-2026","2026-09-24 12:33:32","Gifts","Grant on Delayed Sell","Ready","Free Hold","Residential","Me'Aisem Second","Land","General Use","15623955.36","768","768","","","","","","0","0","","Mareva 2 The Oasis"
"219-427-2026","2026-09-24 11:45:54","Gifts","Grant on Delayed Sell","Ready","Free Hold","Residential","DUBAI HARBOUR","Unit","Flat","4990002.5","124.23","124.23","2 B/R","M-59","","","","0","0","","Palace Beach Residence"
"219-428-2026","2026-09-24 13:17:12","Gifts","Grant on Delayed Sell","Ready","Free Hold","Residential","DUBAI HARBOUR","Unit","Flat","5330366.25","120.05","120.05","2 B/R","L3-80","","","","0","0","","Palace Beach Residence"
"32-31-2026","2026-09-23 15:16:56","Mortgage","Lease to Own Modify","Ready","Free Hold","Residential","DUBAI SCIENCE PARK","Land","Residential","1170000","354","354","","","Sharaf Dg Metro Station","Mall of the Emirates","Motor City","0","0","","Villa Lantana 2"
"39-585-2026","2026-09-23 11:13:02","Mortgage","Development Mortgage","Ready","Non Free Hold","Residential","SILICON OASIS","Unit","Flat","832000","84.66","84.66","1 B/R","G-16","","City Centre Mirdif","","0","0","","TOPAZ RESIDENCES 2"
"39-586-2026","2026-09-23 11:03:09","Mortgage","Development Mortgage","Ready","Non Free Hold","Residential","SILICON OASIS","Unit","Flat","1096000","122.78","122.78","2 B/R","B2-52","","","IMG World Adventures","0","0","","ARABIAN GATE"
"39-587-2026","2026-09-23 12:02:14","Mortgage","Development Mortgage","Ready","Non Free Hold","Residential","DUBAI INVESTMENT PARK SECOND","Unit","Flat","784000","143.03","143.03","2 B/R","15-4B-06","","","Expo 2020 Site","0","0","","RITAJ"
"39-588-2026","2026-09-23 12:07:02","Mortgage","Development Mortgage","Ready","Non Free Hold","Residential","SILICON OASIS","Unit","Flat","350000","39.49","39.49","Studio","B-057","","","IMG World Adventures","0","0","","SILICON HEIGHTS"
"39-589-2026","2026-09-23 11:58:45","Mortgage","Development Mortgage","Ready","Non Free Hold","Residential","DUBAI INVESTMENT PARK SECOND","Unit","Flat","808000","152.48","152.48","2 B/R","B 97","","","Sports City Swimming Academy","0","0","","CENTURION RESIDENCE"
"39-590-2026","2026-09-23 13:51:03","Mortgage","Development Mortgage","Ready","Non Free Hold","Residential","SILICON OASIS","Unit","Office","1600000","144.08","144.08","NA","B2-111","","","IMG World Adventures","0","0","","THE APRICOT"
"39-591-2026","2026-09-23 14:17:40","Mortgage","Development Mortgage","Ready","Non Free Hold","Residential","SILICON OASIS","Unit","Flat","360000","83.44","83.44","1 B/R","G-287","","","IMG World Adventures","0","0","","AXIS  RESIDENCES 1"
"39-592-2026","2026-09-23 14:55:35","Mortgage","Development Mortgage","Ready","Non Free Hold","Residential","SILICON OASIS","Unit","Flat","640000","87.76","87.76","1 B/R","G-97","","","IMG World Adventures","0","0","","PLATINUM RESIDENCE 1"
"39-593-2026","2026-09-24 13:23:56","Mortgage","Development Mortgage","Ready","Non Free Hold","Residential","SILICON OASIS","Unit","Flat","800000","93.78","93.78","1 B/R","B2-102","","","IMG World Adventures","0","0","","LE PRESIDIUM"
"39-594-2026","2026-09-24 14:53:58","Mortgage","Development Mortgage","Ready","Non Free Hold","Commercial","DUBAI INVESTMENT PARK SECOND","Land","Commercial","4000000","6571.96","6571.96","","","","","Expo 2020 Site","0","0","",""
"41-13937-2026","2026-09-22 17:15:36","Sales","Delayed Sell","Ready","Free Hold","Residential","Um Suqaim Third","Unit","Flat","1975000","69.69","69.69","1 B/R","B-219","","","","0","0","","Lamaa"
"41-13946-2026","2026-09-22 16:16:32","Sales","Delayed Sell","Ready","Free Hold","Residential","Al Yelayiss 1","Land","","2923830","144.9","144.9","","","","","","0","0","","DAMAC ISLANDS - MALDIVES 4"
"41-13948-2026","2026-09-22 17:11:13","Sales","Delayed Sell","Ready","Free Hold","Commercial","Al Yufrah 1","Land","Commercial","9462475","479.04","479.04","","","","","","0","0","","The Grove at Sobha Sanctuary"
"41-13949-2026","2026-09-22 17:14:12","Sales","Delayed Sell","Ready","Free Hold","Commercial","Al Yufrah 1","Land","Commercial","9462475","476.57","476.57","","","","","","0","0","","The Grove at Sobha Sanctuary"
"41-13950-2026","2026-09-22 17:16:25","Sales","Delayed Sell","Ready","Free Hold","Commercial","Al Yufrah 1","Land","Commercial","13716366","660","660","","","","","","0","0","","The Grove at Sobha Sanctuary"
"41-13951-2026","2026-09-22 17:24:13","Sales","Delayed Sell","Ready","Free Hold","Commercial","Al Yufrah 1","Land","Commercial","9504389","484.1","484.1","","","","","","0","0","","The Grove at Sobha Sanctuary"
"41-13952-2026","2026-09-22 17:42:40","Sales","Delayed Sell","Ready","Free Hold","Residential","MEYDAN AVENUE","Unit","Flat","1318000","54.62","54.62","2 B/R","B1-06","Buj Khalifa Dubai Mall Metro Station","Dubai Mall","Downtown Dubai","0","0","","Azizi Gardens"
"41-13953-2026","2026-09-22 17:42:14","Sales","Delayed Sell","Ready","Free Hold","Commercial","Al Yufrah 1","Land","Commercial","11046220","540","540","","","","","","0","0","","The Grove at Sobha Sanctuary"
"41-13954-2026","2026-09-22 18:07:03","Sales","Delayed Sell","Ready","Free Hold","Residential","Al Yufrah 1","Land","Residential","11638800","627.08","627.08","","","","","","0","0","","Elwood Estates "
"41-13956-2026","2026-09-23 12:49:25","Sales","Delayed Sell","Ready","Free Hold","Residential","REMRAAM","Unit","Flat","930000","115.52","115.52","2 B/R","A15-G-134","","","Motor City","0","0","","Remraam - Al Ramth"
"41-13958-2026","2026-09-23 13:36:32","Sales","Delayed Sell","Ready","Free Hold","Residential","BUSINESS BAY","Unit","Flat","1250000","67.74","67.74","1 B/R","P4-45","Buj Khalifa Dubai Mall Metro Station","Dubai Mall","Downtown Dubai","0","0","","Regalia"
"41-13960-2026","2026-09-23 10:26:32","Sales","Delayed Sell","Ready","Free Hold","Residential","BUSINESS BAY","Unit","Hotel Rooms","405650","20.22","10.11","Studio","EU","Business Bay Metro Station","Dubai Mall","Downtown Dubai","0","0","","SKY BAY HOTEL"
"41-13961-2026","2026-09-23 10:30:55","Sales","Delayed Sell","Ready","Free Hold","Residential","MEYDAN ONE","Unit","Flat","846560","33.69","33.69","Studio","B2-01","Buj Khalifa Dubai Mall Metro Station","Dubai Mall","Downtown Dubai","0","0","","AZIZI RIVIERA 61"
"41-13963-2026","2026-09-23 11:18:54","Sales","Delayed Sell","Ready","Free Hold","Residential","DUBAI HARBOUR","Unit","Flat","12000000","229.33","229.33","4 B/R","G-01, G-02","","","","0","0","","Palace Beach Residence"
"41-13966-2026","2026-09-23 11:42:48","Sales","Delayed Sell","Ready","Free Hold","Residential","Al Hebiah Fifth","Land","Residential","2450000","144","144","","","","","","0","0","","DAMAC LAGOONS - NICE 1"
"41-13967-2026","2026-09-23 12:03:50","Sales","Delayed Sell","Ready","Free Hold","Residential","BUSINESS BAY","Unit","Flat","1035000","39.37","39.37","Studio","P1-30","Business Bay Metro Station","Dubai Mall","Downtown Dubai","0","0","","URBAN OASIS"
"41-13968-2026","2026-09-23 11:55:32","Sales","Delayed Sell","Ready","Free Hold","Residential","BUSINESS BAY","Unit","Flat","3350000","169.42","169.42","3 B/R","P4-43,P4-43T","Buj Khalifa Dubai Mall Metro Station","Dubai Mall","Downtown Dubai","0","0","","Regalia"
"41-13971-2026","2026-09-23 13:20:07","Sales","Delayed Sell","Ready","Free Hold","Residential","DUBAI CREEK HARBOUR","Unit","Hotel Apartment","5200000","148.44","148.44","3 B/R","B1-T2-461, B1-T2-462","Creek Metro Station","City Centre Mirdif","Dubai International Airport","0","0","","ADDRESS HARBOUR POINT"
"41-13972-2026","2026-09-23 14:23:07","Sales","Delayed Sell","Ready","Free Hold","Residential","Al Yelayiss 1","Land","","2900000","219.6","219.6","","","","","","0","0","","DAMAC ISLANDS - BORA BORA 3"
"41-13973-2026","2026-09-23 14:30:10","Sales","Delayed Sell","Ready","Free Hold","Residential","Nad Al Shiba First","Land","Residential","14268000","639.37","639.37","","","","","","0","0","","Nad Al Sheba Gardens Phase 11"
"41-13975-2026","2026-09-23 14:26:15","Sales","Delayed Sell","Ready","Free Hold","Residential","DUBAI SPORTS CITY","Unit","Flat","500000","39.88","39.88","Studio","B-117","Nakheel Metro Station","Marina Mall","Sports City Swimming Academy","0","0","","Golf Vista Heights"
"41-13979-2026","2026-09-23 15:06:54","Sales","Delayed Sell","Ready","Free Hold","Residential","Al Hebiah Fifth","Land","Residential","2600000","144","144","","","","","","0","0","","DAMAC LAGOONS - MALTA (1)"
"41-13981-2026","2026-09-23 15:46:27","Sales","Delayed Sell","Ready","Free Hold","Residential","Al Hebiah Fifth","Land","Residential","2620000","144","144","","","","","","0","0","","DAMAC LAGOONS - COSTA BRAVA (2)"
"41-13983-2026","2026-09-23 16:09:50","Sales","Delayed Sell","Ready","Free Hold","Residential","Al Satwa","Unit","Flat","1122755","40.63","40.63","Studio","B1-41","Trade Centre Metro Station","Dubai Mall","Burj Khalifa","0","0","","KORO ONE"
"41-13989-2026","2026-09-23 17:03:33","Sales","Delayed Sell","Ready","Free Hold","Residential","Madinat Hind 4","Land","Residential","1831000","112.9","112.9","","","","","","0","0","","DAMAC HILLS (2) - NATURA"
"41-13991-2026","2026-09-23 17:23:32","Sales","Delayed Sell","Ready","Free Hold","Commercial","Palm Jabal Ali","Land","Commercial","20000000","685","685","","","","","","0","0","","Palm Jebel Ali - Frond E"
"41-13996-2026","2026-09-23 17:27:24","Sales","Delayed Sell","Ready","Free Hold","Residential","Al Hebiah Fourth","Land","General Use","17200000","721.51","721.51","","","","","","0","0","",""
"41-14000-2026","2026-09-23 17:21:25","Sales","Delayed Sell","Ready","Free Hold","Residential","Al Yufrah 1","Land","Residential","11642240","643.68","643.68","","","","","","0","0","","Elwood Estates "
"41-14001-2026","2026-09-23 17:31:13","Sales","Delayed Sell","Ready","Free Hold","Commercial","Al Yufrah 1","Land","Commercial","11053592","540","540","","","","","","0","0","","The Grove at Sobha Sanctuary"
"41-14002-2026","2026-09-23 17:34:25","Sales","Delayed Sell","Ready","Free Hold","Commercial","Al Yufrah 1","Land","Commercial","9504389","476.57","476.57","","","","","","0","0","","The Grove at Sobha Sanctuary"
"41-14003-2026","2026-09-23 17:57:17","Sales","Delayed Sell","Ready","Free Hold","Residential","SOBHA HEARTLAND","Unit","Flat","5059402","218.62","218.62","4 B/R","G-40, G-86","Buj Khalifa Dubai Mall Metro Station","Dubai Mall","Downtown Dubai","0","0","","Sobha Hartland - Crest Grande"
"41-14005-2026","2026-09-23 20:26:11","Sales","Delayed Sell","Ready","Free Hold","Residential","Al Yelayiss 1","Land","","1170810","144","144","","","","","","0","0","","DAMAC ISLANDS - SEYCHELLES 1"
"41-14007-2026","2026-09-24 09:14:21","Sales","Delayed Sell","Ready","Free Hold","Residential","Al Hebiah Fifth","Land","Residential","2300000","156.59","156.59","","","","","","0","0","","DAMAC LAGOONS - MONTE CARLO"
"41-14009-2026","2026-09-24 10:12:06","Sales","Delayed Sell","Ready","Free Hold","Residential","BUSINESS BAY","Unit","Flat","1200000","47.87","47.87","Studio","B1-326","Business Bay Metro Station","Dubai Mall","Downtown Dubai","0","0","","Peninsula Four"
"41-14015-2026","2026-09-24 11:05:39","Sales","Delayed Sell","Ready","Free Hold","Residential","ARJAN","Unit","Flat","1515000","124.94","124.94","2 B/R","G-30","Sharaf Dg Metro Station","Mall of the Emirates","Motor City","0","0","","Welcome Residency"
"41-14019-2026","2026-09-24 10:48:14","Sales","Delayed Sell","Ready","Free Hold","Residential","DUBAI PRODUCTION CITY","Unit","Flat","1750000","111.86","111.86","2 B/R","P-46","Harbour Tower","Ibn-e-Battuta Mall","Sports City Swimming Academy","0","0","","JANNAT"
"41-14020-2026","2026-09-24 11:09:41","Sales","Delayed Sell","Ready","Free Hold","Residential","Warsan First","Unit","Flat","725000","59.96","59.96","1 B/R","B2-124","Rashidiya Metro Station","City Centre Mirdif","Dubai International Airport","0","0","","Olivz Residence"
"41-14021-2026","2026-09-24 11:25:39","Sales","Delayed Sell","Ready","Free Hold","Residential","BUSINESS BAY","Unit","Flat","2249000","76.99","76.99","1 B/R","B2-269","Business Bay Metro Station","Dubai Mall","Downtown Dubai","0","0","","Peninsula Four"
"41-14024-2026","2026-09-24 11:14:28","Sales","Delayed Sell","Ready","Free Hold","Residential","SOBHA HEARTLAND","Unit","Flat","2470000","119.01","119.01","2 B/R","P5-165","Buj Khalifa Dubai Mall Metro Station","Dubai Mall","Downtown Dubai","0","0","","Sobha Hartland - Crest Grande"
"41-14025-2026","2026-09-24 11:51:54","Sales","Delayed Sell","Ready","Free Hold","Residential","Al Yelayiss 1","Land","","2500000","144","144","","","","","","0","0","","DAMAC ISLANDS - BORA BORA 3"
"41-14027-2026","2026-09-24 13:27:21","Sales","Delayed Sell","Ready","Free Hold","Residential","Wadi Al Safa 7","Unit","Flat","1500000","130.63","130.63","3 B/R","B-17","","","","0","0","","Rukan Residence"
"41-14030-2026","2026-09-24 12:04:47","Sales","Delayed Sell","Ready","Free Hold","Residential","Al Hebiah Fifth","Land","Residential","3280000","198.34","198.34","","","","","","0","0","","DAMAC LAGOONS - COSTA BRAVA (1)"
"41-14033-2026","2026-09-24 12:00:34","Sales","Delayed Sell","Ready","Free Hold","Residential","THE LAKES","Unit","Flat","1800000","70.27","70.27","1 B/R","P4-515","Nakheel Metro Station","Marina Mall","Burj Al Arab","0","0","","Golf Heights"
"41-14035-2026","2026-09-24 12:04:57","Sales","Delayed Sell","Ready","Free Hold","Residential","Al Yelayiss 1","Land","","7163000","551.25","551.25","","","","","","0","0","","DAMAC ISLANDS - BORA BORA 3"
"41-14038-2026","2026-09-24 12:29:13","Sales","Delayed Sell","Ready","Free Hold","Residential","BUSINESS BAY","Unit","Flat","1150000","46.49","46.49","Studio","B1-135","Business Bay Metro Station","Dubai Mall","Downtown Dubai","0","0","","Peninsula Four"
"41-14040-2026","2026-09-24 12:11:01","Sales","Delayed Sell","Ready","Free Hold","Residential","Al Yelayiss 1","Land","","4250000","225.04","225.04","","","","","","0","0","","DAMAC ISLANDS - BORA BORA 3"
"41-14041-2026","2026-09-24 12:39:18","Sales","Delayed Sell","Ready","Free Hold","Residential","Ghadeer Al tair","Land","Residential","16800000","804.55","804.55","","","","","","0","0","","Mohammed Bin Rashid Al Maktoum City District One West - Phase 1"
"41-14045-2026","2026-09-24 12:35:22","Sales","Delayed Sell","Ready","Free Hold","Residential","MAJAN","Unit","Flat","796000","44.86","44.86","Studio","","","","IMG World Adventures","0","0","","THE HAVEN"
"41-14046-2026","2026-09-24 13:33:51","Sales","Delayed Sell","Ready","Free Hold","Residential","Al Yelayiss 1","Land","","2423000","144","144","","","","","","0","0","","DAMAC ISLANDS - MALDIVES 2"
"41-14047-2026","2026-09-24 14:51:23","Sales","Delayed Sell","Ready","Free Hold","Residential","SOBHA HEARTLAND","Unit","Flat","1680000","75.08","75.08","2 B/R","P2-187","","","","0","0","","Sobha Hartland - The Crest"
"41-14052-2026","2026-09-24 14:15:12","Sales","Delayed Sell","Ready","Free Hold","Residential","DUBAI MARINA","Unit","Hotel Rooms","835590","9.62","9.62","Studio","EU","Mina Seyahi","Marina Mall","Burj Al Arab","0","0","","Ciel"
"41-14056-2026","2026-09-24 15:00:18","Sales","Delayed Sell","Ready","Free Hold","Residential","DUBAI MARINA","Unit","Hotel Rooms","835650","9.62","9.62","Studio","EU","Mina Seyahi","Marina Mall","Burj Al Arab","0","0","","Ciel"
"45-837-2026","2026-09-23 09:58:04","Sales","Sell Development","Ready","Non Free Hold","Commercial","Jabal Ali Industrial First","Land","Labor Camp","40000000","1858.06","1858.06","","","UAE Exchange Metro Station","Ibn-e-Battuta Mall","Expo 2020 Site","0","0","",""
"45-838-2026","2026-09-23 11:12:55","Sales","Sell Development","Ready","Non Free Hold","Residential","SILICON OASIS","Unit","Flat","1040000","84.66","84.66","1 B/R","G-16","","City Centre Mirdif","","0","0","","TOPAZ RESIDENCES 2"
"45-839-2026","2026-09-23 11:02:09","Sales","Sell Development","Ready","Non Free Hold","Residential","SILICON OASIS","Unit","Flat","1370000","122.78","122.78","2 B/R","B2-52","","","IMG World Adventures","0","0","","ARABIAN GATE"
"45-841-2026","2026-09-23 12:02:07","Sales","Sell Development","Ready","Non Free Hold","Residential","DUBAI INVESTMENT PARK SECOND","Unit","Flat","980000","143.03","143.03","2 B/R","15-4B-06","","","Expo 2020 Site","0","0","","RITAJ"
"45-842-2026","2026-09-23 12:06:55","Sales","Sell Development","Ready","Non Free Hold","Residential","SILICON OASIS","Unit","Flat","435000","39.49","39.49","Studio","B-057","","","IMG World Adventures","0","0","","SILICON HEIGHTS"
"45-843-2026","2026-09-23 11:58:39","Sales","Sell Development","Ready","Non Free Hold","Residential","DUBAI INVESTMENT PARK SECOND","Unit","Flat","1010000","152.48","152.48","2 B/R","B 97","","","Sports City Swimming Academy","0","0","","CENTURION RESIDENCE"
"45-844-2026","2026-09-24 10:52:55","Sales","Sell Development","Ready","Free Hold","Commercial","DUBAI INDUSTRIAL CITY","Land","Industrial","42000000","18189.58","18189.58","","","","","Al Makhtoum International Airport","0","0","",""
"45-845-2026","2026-09-23 15:25:08","Sales","Sell Development","Ready","Free Hold","Commercial","Jabal Ali Industrial First","Land","Labor Camp","15000000","1828.8","1828.8","","","DANUBE Metro Station","Ibn-e-Battuta Mall","Expo 2020 Site","0","0","",""
"45-846-2026","2026-09-23 14:17:34","Sales","Sell Development","Ready","Non Free Hold","Residential","SILICON OASIS","Unit","Flat","600000","83.44","83.44","1 B/R","G-287","","","IMG World Adventures","0","0","","AXIS  RESIDENCES 1"
"45-847-2026","2026-09-23 14:55:29","Sales","Sell Development","Ready","Non Free Hold","Residential","SILICON OASIS","Unit","Flat","850000","87.76","87.76","1 B/R","G-97","","","IMG World Adventures","0","0","","PLATINUM RESIDENCE 1"
"45-848-2026","2026-09-24 09:25:38","Sales","Sell Development","Ready","Non Free Hold","Residential","SILICON OASIS","Unit","Flat","565000","79.86","79.86","1 B/R","G-247","","","IMG World Adventures","0","0","","AXIS  RESIDENCES 1"
"45-849-2026","2026-09-24 09:43:55","Sales","Sell Development","Ready","Non Free Hold","Residential","SILICON OASIS","Unit","Flat","630000","79.23","79.23","1 B/R","G-46","","","","0","0","",""
"45-851-2026","2026-09-24 14:52:21","Sales","Sell Development","Ready","Non Free Hold","Commercial","DUBAI INVESTMENT PARK SECOND","Land","Commercial","16000000","6571.96","6571.96","","","","","Expo 2020 Site","0","0","",""
"460-283-2026","2026-09-23 12:39:59","Sales","Sale On Payment Plan","Ready","Non Free Hold","Commercial","Al Ttay","Land","Labor Camp","6751474","1534.2","1534.2","","","","","","0","0","",""
"460-284-2026","2026-09-23 12:43:36","Sales","Sale On Payment Plan","Ready","Non Free Hold","Commercial","Al Ttay","Land","Labor Camp","7977974","1812.91","1812.91","","","","","","0","0","",""
"56-64-2026","2026-09-23 15:41:31","Mortgage","Modify Development Mortgage","Ready","Non Free Hold","Commercial","DUBAI INVESTMENT PARK SECOND","Land","Commercial","29000000","14637.06","14637.06","","","","","Expo 2020 Site","0","0","",""
"56-71-2026","2026-09-24 14:38:18","Mortgage","Modify Development Mortgage","Ready","Non Free Hold","Commercial","DUBAI INVESTMENT PARK SECOND","Land","Commercial","10000000","5459.82","5459.82","","","","","Expo 2020 Site","0","0","",""
"56-72-2026","2026-09-24 14:34:27","Mortgage","Modify Development Mortgage","Ready","Non Free Hold","Commercial","DUBAI INVESTMENT PARK SECOND","Land","Commercial","20000000","2720.02","2720.02","","","","","Expo 2020 Site","0","0","",""
"59-128-2026","2026-09-24 10:14:15","Gifts","Grant Development","Ready","Free Hold","Commercial","Jabal Ali Industrial First","Land","Labor Camp","17345800.69","1216","2026","","","DANUBE Metro Station","Ibn-e-Battuta Mall","Expo 2020 Site","0","0","",""
"810-571-2026","2026-09-23 07:54:43","Mortgage","Lease Finance Registration","Ready","Free Hold","Residential","THE GREENS","Unit","Flat","468492","131.65","131.65","2 B/R","255.","Dubai Internet City","Marina Mall","Burj Al Arab","0","0","",""
"810-607-2026","2026-09-24 14:16:18","Mortgage","Lease Finance Registration","Ready","Free Hold","Commercial","JUMEIRAH PARK","Land","Commercial","7500000","800.01","800.01","","","Harbour Tower","Marina Mall","Sports City Swimming Academy","0","0","","JUMEIRAH PARK PACKAGE 1A"
"810-608-2026","2026-09-22 16:19:51","Mortgage","Lease Finance Registration","Ready","Free Hold","Residential","JUMEIRAH VILLAGE CIRCLE","Unit","Flat","635000","76.04","76.04","1 B/R","P3-02","Dubai Internet City","Marina Mall","Sports City Swimming Academy","0","0","","Binghatti Orchid"
"810-609-2026","2026-09-23 10:47:57","Mortgage","Lease Finance Registration","Ready","Free Hold","Residential","DUBAI HEALTHCARE CITY - PHASE 2","Unit","Flat","1417697","141.39","141.39","3 B/R","B-54","Al Jadaf Metro Station","Dubai Mall","Downtown Dubai","0","0","","Binghatti Creek"
"810-610-2026","2026-09-23 16:55:52","Mortgage","Lease Finance Registration","Ready","Free Hold","Commercial","JUMEIRAH PARK","Land","Commercial","5500000","510","510","","","Jumeirah Lakes Towers","Marina Mall","Sports City Swimming Academy","0","0","",""
"810-613-2026","2026-09-24 12:12:16","Mortgage","Lease Finance Registration","Ready","Free Hold","Residential","DAMAC HILLS","Unit","Flat","900000","123.74","123.74","2 B/R","G-A117","","","Motor City","0","0","","DAMAC HILLS - CARSON "
"9-5122-2026","2026-09-23 15:10:31","Gifts","Grant","Ready","Free Hold","Residential","BURJ KHALIFA","Unit","Flat","3420585.57","126.01","126.01","3 B/R","B1-169, B1-170","Buj Khalifa Dubai Mall Metro Station","Dubai Mall","Burj Khalifa","0","0","","Burj Crown"
"9-5123-2026","2026-09-23 15:10:54","Gifts","Grant","Ready","Free Hold","Residential","BURJ KHALIFA","Unit","Flat","3424307.16","126.01","126.01","3 B/R","B1-167, B1-168","Buj Khalifa Dubai Mall Metro Station","Dubai Mall","Burj Khalifa","0","0","","Burj Crown"
"9-5124-2026","2026-09-23 15:10:43","Gifts","Grant","Ready","Free Hold","Residential","BURJ KHALIFA","Unit","Flat","3429179.66","126.01","126.01","3 B/R","B1-165, B1-166","Buj Khalifa Dubai Mall Metro Station","Dubai Mall","Burj Khalifa","0","0","","Burj Crown"
"9-5160-2026","2026-09-24 10:24:48","Gifts","Grant","Ready","Free Hold","Residential","MAJAN","Unit","Shop","964290.98","101.34","101.34","NA","G-23","","","","0","0","","TULIP OASIS 10"
"9-5170-2026","2026-09-24 11:19:59","Gifts","Grant","Ready","Free Hold","Residential","MAJAN","Unit","Shop","1119394.75","118.91","118.91","NA","G-44, G-45","","","","0","0","","TULIP OASIS 10"
"9-5172-2026","2026-09-24 10:20:24","Gifts","Grant","Ready","Free Hold","Residential","MAJAN","Unit","Shop","1514274.63","165.03","165.03","NA","P2-05, P2-06","","","","0","0","","TULIP OASIS 10"
"9-5207-2026","2026-09-23 09:32:19","Gifts","Grant","Ready","Free Hold","Residential","BURJ KHALIFA","Unit","Flat","3485608.93","134.9","134.9","2 B/R","579","Buj Khalifa Dubai Mall Metro Station","Dubai Mall","Downtown Dubai","0","0","",""
"9-5208-2026","2026-09-23 09:20:58","Gifts","Grant","Ready","Free Hold","Residential","BURJ KHALIFA","Unit","Flat","3048392.93","110.2","183.67","3 B/R","B2 -446,B2-447","Buj Khalifa Dubai Mall Metro Station","Dubai Mall","Downtown Dubai","0","0","",""
"9-5215-2026","2026-09-23 09:46:50","Gifts","Grant","Ready","Free Hold","Residential","JUMEIRAH LAKES TOWERS","Unit","Office","1886764.07","103.9","103.9","Office","B2-25","Jumeirah Lakes Towers","Marina Mall","Sports City Swimming Academy","0","0","","BUSINESS AVENUE AA1"
"9-5216-2026","2026-09-23 09:53:37","Gifts","Grant","Ready","Free Hold","Residential","JUMEIRAH LAKES TOWERS","Unit","Office","2352979.56","133.45","133.45","Office","B2-26","Jumeirah Lakes Towers","Marina Mall","Sports City Swimming Academy","0","0","","BUSINESS AVENUE AA1"
"9-5217-2026","2026-09-23 10:01:40","Gifts","Grant","Ready","Free Hold","Residential","JUMEIRAH LAKES TOWERS","Unit","Office","1886764.07","103.9","103.9","Office","B2-27","Jumeirah Lakes Towers","Marina Mall","Sports City Swimming Academy","0","0","","BUSINESS AVENUE AA1"
"9-5218-2026","2026-09-23 10:07:38","Gifts","Grant","Ready","Free Hold","Residential","JUMEIRAH LAKES TOWERS","Unit","Office","2130253.17","117.76","117.76","Office","B2-28","Jumeirah Lakes Towers","Marina Mall","Sports City Swimming Academy","0","0","","BUSINESS AVENUE AA1"
"9-5219-2026","2026-09-23 10:16:36","Gifts","Grant","Ready","Free Hold","Residential","JUMEIRAH LAKES TOWERS","Unit","Office","2765774.7","157.17","157.17","Office","B2-29","Jumeirah Lakes Towers","Marina Mall","Sports City Swimming Academy","0","0","","BUSINESS AVENUE AA1"
"9-5221-2026","2026-09-23 10:31:08","Gifts","Grant","Ready","Free Hold","Residential","JUMEIRAH LAKES TOWERS","Unit","Office","2866428.46","163.25","163.25","Office","B2-30","Jumeirah Lakes Towers","Marina Mall","Sports City Swimming Academy","0","0","","BUSINESS AVENUE AA1"
"9-5222-2026","2026-09-23 10:37:33","Gifts","Grant","Ready","Free Hold","Residential","JUMEIRAH LAKES TOWERS","Unit","Office","2769646.12","157.39","157.39","Office","B2-31","Jumeirah Lakes Towers","Marina Mall","Sports City Swimming Academy","0","0","","BUSINESS AVENUE AA1"
"9-5223-2026","2026-09-23 09:44:59","Gifts","Grant","Ready","Free Hold","Residential","JUMEIRAH LAKES TOWERS","Unit","Office","2121351.56","117.06","117.06","Office","B2-32","Jumeirah Lakes Towers","Marina Mall","Sports City Swimming Academy","0","0","","BUSINESS AVENUE AA1"
"9-5224-2026","2026-09-23 09:44:00","Gifts","Grant","Ready","Free Hold","Residential","DUBAI MARINA","Unit","Flat","7200002.47","553.16","553.16","3 B/R","Integrated","Marina Towers","Marina Mall","Burj Al Arab","0","0","",""
"9-5225-2026","2026-09-23 10:16:21","Gifts","Grant","Ready","Non Free Hold","Residential","Um Suqaim Third","Land","Residential","21000007.62","1382.58","1382.58","","","","","","0","0","",""
"9-5227-2026","2026-09-23 10:03:08","Gifts","Grant","Ready","Non Free Hold","Residential","Um Suqaim Second","Land","Residential","15000005.45","1394.03","1394.03","","","First Abu Dhabi Bank Metro Station","Mall of the Emirates","Burj Al Arab","0","0","",""
"9-5231-2026","2026-09-22 15:30:21","Gifts","Grant","Ready","Non Free Hold","Residential","SILICON OASIS","Unit","Flat","1372326.84","141.89","141.89","2 B/R","B1-70","","","IMG World Adventures","0","0","","ARABIAN GATE"
"9-5232-2026","2026-09-22 15:38:57","Gifts","Grant","Ready","Non Free Hold","Residential","SILICON OASIS","Unit","Flat","1235803.13","124.85","124.85","2 B/R","B1-227","","","IMG World Adventures","0","0","","ARABIAN GATE"
"9-5234-2026","2026-09-22 19:57:04","Gifts","Grant","Ready","Free Hold","Residential","BURJ KHALIFA","Unit","Hotel Apartment","2176002.96","98.74","98.74","2 B/R","P1-08","Buj Khalifa Dubai Mall Metro Station","Dubai Mall","Downtown Dubai","0","0","","UPPER CREST"
"9-5236-2026","2026-09-23 10:31:21","Gifts","Grant","Ready","Free Hold","Residential","Madinat Al Mataar","Land","Land","42000166.71","4220.32","4220.32","","","","","","0","0","","Discovery Dunes "
"9-5237-2026","2026-09-23 10:20:44","Gifts","Grant","Ready","Free Hold","Residential","Madinat Hind 4","Land","Residential","650512","56.12","112.24","","","","","","0","0","","DAMAC HILLS (2) - AVENCIA-2 "
"9-5238-2026","2026-09-23 11:35:09","Gifts","Grant","Ready","Free Hold","Residential","INTERNATIONAL CITY PH 1","Unit","Flat","424088.98","67","67","1 B/R","","Rashidiya Metro Station","City Centre Mirdif","Dubai International Airport","0","0","",""
"9-5239-2026","2026-09-23 11:40:27","Gifts","Grant","Ready","Free Hold","Residential","INTERNATIONAL CITY PH 1","Unit","Flat","430056.93","68","68","1 B/R","","Rashidiya Metro Station","City Centre Mirdif","","0","0","",""
"9-5240-2026","2026-09-23 11:33:10","Gifts","Grant","Ready","Free Hold","Residential","INTERNATIONAL CITY PH 1","Unit","Flat","433999.98","69","69","1 B/R","","Rashidiya Metro Station","City Centre Mirdif","","0","0","",""
"9-5241-2026","2026-09-23 11:51:31","Gifts","Grant","Ready","Free Hold","Commercial","INTERNATIONAL CITY PH 1","Land","Commercial","2050000.26","154","154","","","Rashidiya Metro Station","City Centre Mirdif","","0","0","","WARSAN VILLAGE A"
"9-5242-2026","2026-09-23 12:30:17","Gifts","Grant","Ready","Free Hold","Residential","THE LAKES","Building","Villa","2030110.35","182.86","290.24","3 B/R","","Nakheel Metro Station","Marina Mall","Sports City Swimming Academy","0","0","","The Lakes Zulal"
"9-5243-2026","2026-09-24 10:34:34","Gifts","Grant","Ready","Free Hold","Residential","BUSINESS BAY","Unit","Office","1608500.21","89","89","Office","P2-38","Business Bay Metro Station","Dubai Mall","Downtown Dubai","0","0","","SILVER TOWER"
"9-5244-2026","2026-09-24 10:35:19","Gifts","Grant","Ready","Free Hold","Residential","BUSINESS BAY","Unit","Office","2090450.24","101.03","101.03","Office","B3-001 , B3-002 ,  B1-096","Business Bay Metro Station","Dubai Mall","Downtown Dubai","0","0","","THE MERTOPOLIS"
"9-5245-2026","2026-09-23 12:38:42","Gifts","Grant","Ready","Free Hold","Commercial","JUMEIRAH PARK","Land","Commercial","3850003.41","258.93","517.86","","","Harbour Tower","Ibn-e-Battuta Mall","Sports City Swimming Academy","0","0","",""
"9-5247-2026","2026-09-23 12:40:24","Gifts","Grant","Ready","Free Hold","Residential","Al Yufrah 1","Building","Villa","1600003.79","121.6","243.2","4 B/R","","","","","0","0","","The Valley - Elora"
"9-5248-2026","2026-09-23 14:02:50","Gifts","Grant","Ready","Free Hold","Residential","DISCOVERY GARDENS","Land","Residential","35000015.34","1463.79","1463.79","","","Harbour Tower","Ibn-e-Battuta Mall","Sports City Swimming Academy","0","0","",""
"9-5249-2026","2026-09-23 14:00:05","Gifts","Grant","Ready","Free Hold","Residential","DISCOVERY GARDENS","Land","Residential","35000015.34","1463.73","1463.73","","","Harbour Tower","Ibn-e-Battuta Mall","Sports City Swimming Academy","0","0","",""
"9-5250-2026","2026-09-23 13:39:22","Gifts","Grant","Ready","Free Hold","Residential","DUBAI MARINA","Unit","Flat","3400044.25","265.43","265.43","3 B/R","FIRST FLOOR (1,2)","Jumeirah Lakes Towers","Marina Mall","Burj Al Arab","0","0","",""
"9-5251-2026","2026-09-23 16:00:21","Gifts","Grant","Ready","Free Hold","Residential","THE LAKES","Building","Villa","2030110.35","101.59","290.24","3 B/R","","Nakheel Metro Station","Marina Mall","Sports City Swimming Academy","0","0","","The Lakes Zulal"
"9-5252-2026","2026-09-23 14:09:08","Gifts","Grant","Ready","Free Hold","Residential","EMIRATE LIVING","Building","Villa","6000001","256.75","256.75","3 B/R","","Nakheel Metro Station","Marina Mall","Sports City Swimming Academy","0","0","","Emirates Living - Springs 4"
"9-5253-2026","2026-09-23 15:26:16","Gifts","Grant","Ready","Free Hold","Residential","JUMEIRAH LAKES TOWERS","Unit","Flat","615606.73","38.3","68.23","1 B/R","DMCC-3128","Jumeirah Lakes Towers","Marina Mall","Sports City Swimming Academy","0","0","","DUBAI STAR"
"9-5254-2026","2026-09-24 10:23:12","Gifts","Grant","Ready","Free Hold","Residential","JUMEIRAH LAKES TOWERS","Unit","Office","7425409.04","296.54","296.54","NA","B5-203 to B5-208","Jumeirah Lakes Towers","Marina Mall","Sports City Swimming Academy","0","0","","AL MAS TOWER"
"9-5255-2026","2026-09-24 10:25:57","Gifts","Grant","Ready","Free Hold","Residential","BURJ KHALIFA","Unit","Office","8777631.22","310.08","310.08","Office","B2-217 TO B2-220,B2-141,B2-140,B2-104","Buj Khalifa Dubai Mall Metro Station","Dubai Mall","Burj Khalifa","0","0","","BD BOULEVARD PLAZA"
"9-5256-2026","2026-09-24 10:20:01","Gifts","Grant","Ready","Free Hold","Residential","BUSINESS BAY","Unit","Office","2433551.05","111.32","111.32","Office","P3-41 , 42","Business Bay Metro Station","Dubai Mall","Downtown Dubai","0","0","","CITADEL TOWER"
"9-5257-2026","2026-09-24 10:15:53","Gifts","Grant","Ready","Free Hold","Residential","DUBAI MARINA","Unit","Flat","18583613.86","640.54","640.54","4 B/R","B1-31,B1-32,B1-33","Dubai Marina","Marina Mall","Burj Al Arab","0","0","","LIV MARINA"
"9-5258-2026","2026-09-23 15:18:31","Gifts","Grant","Ready","Free Hold","Residential","Al Kheeran","Unit","Flat","613090.2","52.73","105.46","1 B/R","G-23  0","Emirates Metro Station","City Centre Mirdif","Dubai International Airport","0","0","",""
"9-5259-2026","2026-09-24 09:38:49","Gifts","Grant","Ready","Free Hold","Residential","BURJ KHALIFA","Unit","Flat","6897374.11","237.23","237.23","3 B/R","B2-15,B2-16","Buj Khalifa Dubai Mall Metro Station","Dubai Mall","Burj Khalifa","0","0","","Opera Grand"
"9-5260-2026","2026-09-24 10:10:55","Gifts","Grant","Ready","Free Hold","Residential","JUMEIRAH LAKES TOWERS","Unit","Office","2889521.54","157.36","157.36","Office","B3-115","Jumeirah Lakes Towers","Marina Mall","Sports City Swimming Academy","0","0","","BUSINESS AVENUE AA1"
"9-5263-2026","2026-09-24 10:03:01","Gifts","Grant","Ready","Free Hold","Residential","BUSINESS BAY","Unit","Office","6852517.43","313.37","313.37","Office","B3-64,65,66, B4-117,118,119,120","Business Bay Metro Station","Dubai Mall","Downtown Dubai","0","0","","014 TOWER"
"9-5264-2026","2026-09-24 09:49:02","Gifts","Grant","Ready","Free Hold","Residential","BUSINESS BAY","Unit","Office","6852517.43","313.37","313.37","Office","B3-67,68,69 B4-113,114,115,116","Business Bay Metro Station","Dubai Mall","Downtown Dubai","0","0","","014 TOWER"
"9-5265-2026","2026-09-23 17:39:26","Gifts","Grant","Ready","Free Hold","Residential","Madinat Hind 4","Land","Residential","1820002.86","151.8","151.8","","","","","","0","0","","DAMAC HILLS (2) - PACIFICA "
"9-5266-2026","2026-09-23 19:58:15","Gifts","Grant","Ready","Free Hold","Residential","BUSINESS BAY","Unit","Flat","1754920.22","82","82","1 B/R","L4-44","Business Bay Metro Station","Dubai Mall","Downtown Dubai","0","0","","AL HABTOOR CITY"
"9-5267-2026","2026-09-23 21:46:28","Gifts","Grant","Ready","Free Hold","Residential","JUMEIRAH VILLAGE CIRCLE","Unit","Flat","1085869.05","76.93","76.93","1 B/R","P2-161","Nakheel Metro Station","Marina Mall","Sports City Swimming Academy","0","0","","BLOOM HEIGHTS"
"9-5268-2026","2026-09-24 09:40:56","Gifts","Grant","Ready","Free Hold","Residential","BURJ KHALIFA","Unit","Flat","1037985.72","50.68","101.36","1 B/R","B1-364","Buj Khalifa Dubai Mall Metro Station","Dubai Mall","Downtown Dubai","0","0","",""
"9-5269-2026","2026-09-24 13:00:20","Gifts","Grant","Ready","Free Hold","Residential","BUSINESS BAY","Unit","Office","1786027.55","91.6","91.6","NA","B1-95","Business Bay Metro Station","Dubai Mall","Downtown Dubai","0","0","","REGAL TOWER"
"9-5270-2026","2026-09-24 13:00:29","Gifts","Grant","Ready","Free Hold","Residential","BUSINESS BAY","Unit","Office","1690040.62","87.61","87.61","NA","B2-76","Business Bay Metro Station","Dubai Mall","Downtown Dubai","0","0","","REGAL TOWER"
"9-5273-2026","2026-09-24 11:36:39","Gifts","Grant","Ready","Free Hold","Residential","DUBAI MARINA","Unit","Flat","514923.87","32.8","65.59","1 B/R","119","Dubai Marina","Marina Mall","Burj Al Arab","0","0","",""
"9-5274-2026","2026-09-24 11:22:39","Gifts","Grant","Ready","Free Hold","Commercial","JUMEIRAH PARK","Land","Commercial","7740001.16","553.15","553.15","","","Harbour Tower","Ibn-e-Battuta Mall","Sports City Swimming Academy","0","0","",""
"9-5275-2026","2026-09-24 11:29:29","Gifts","Grant","Ready","Free Hold","Commercial","JUMEIRAH PARK","Land","Commercial","8141037.84","666.35","666.35","","","Harbour Tower","Ibn-e-Battuta Mall","Sports City Swimming Academy","0","0","",""
"9-5276-2026","2026-09-24 12:05:21","Gifts","Grant","Ready","Free Hold","Residential","Hadaeq Sheikh Mohammed Bin Rashid","Unit","Flat","1550003.15","65.44","65.44","1 B/R","B-221","","","","0","0","","Elvira"
"9-5277-2026","2026-09-24 11:57:31","Gifts","Grant","Ready","Free Hold","Commercial","JUMEIRAH PARK","Land","Commercial","4050014.14","255","510","","","Damac Properties","Marina Mall","Sports City Swimming Academy","0","0","","JUMEIRAH PARK 7B&C"
"9-5278-2026","2026-09-24 12:23:24","Gifts","Grant","Ready","Free Hold","Residential","LIVING LEGENDS","Unit","Flat","1176173.97","129.93","129.93","2 B/R","B-119","","","","0","0","","LIVING LEGENDS PHASE 7"
"9-5279-2026","2026-09-24 12:56:08","Gifts","Grant","Ready","Free Hold","Residential","JUMEIRAH LAKES TOWERS","Unit","Office","1820366.8","110.96","110.96","Office","P1-18","Jumeirah Lakes Towers","Marina Mall","Sports City Swimming Academy","0","0","","BUSINESS AVENUE BB1"
"9-5280-2026","2026-09-24 13:20:07","Gifts","Grant","Ready","Free Hold","Residential","INTERNATIONAL CITY PH 1","Unit","Flat","308116.31","44.5","44.5","Studio","","Rashidiya Metro Station","City Centre Mirdif","","0","0","",""
"9-5282-2026","2026-09-24 14:00:52","Gifts","Grant","Ready","Free Hold","Residential","DUBAI HILLS","Land","Residential","11400032.6","461.22","461.22","","","First Abu Dhabi Bank Metro Station","Mall of the Emirates","Global Village","0","0","","Sidra 3"
"9-5283-2026","2026-09-24 14:13:41","Gifts","Grant","Ready","Free Hold","Residential","DUBAI MARINA","Unit","Flat","50602.29","2.44","243.68","4 B/R","P1-87","Mina Seyahi","Marina Mall","Burj Al Arab","0","0","","OCEAN HEIGHTS"
"9-5284-2026","2026-09-24 14:22:32","Gifts","Grant","Ready","Free Hold","Residential","THE GREENS","Unit","Flat","2495840.52","123.93","123.93","2 B/R","","Nakheel Metro Station","Marina Mall","Burj Al Arab","0","0","",""
"9-5285-2026","2026-09-24 14:08:53","Gifts","Grant","Ready","Free Hold","Residential","INTERNATIONAL CITY PH 1","Unit","Flat","308116.31","44.5","44.5","Studio","","Rashidiya Metro Station","City Centre Mirdif","","0","0","",""
"9-5286-2026","2026-09-24 14:40:49","Gifts","Grant","Ready","Free Hold","Residential","THE GREENS","Unit","Flat","2010938.3","97.46","97.46","1 B/R","","Nakheel Metro Station","Marina Mall","Burj Al Arab","0","0","",""
"9-5287-2026","2026-09-24 14:26:21","Gifts","Grant","Ready","Free Hold","Residential","Al Yelayiss 2","Building","Villa","2800019.73","190.7","190.7","3 B/R","","","","","0","0","","NASEEM TOWNHOUSES"
